"","Statistic","Year","Type.of.Crop","value"
"1","Area under Crops (000 Hectares)","1985","Total wheat",77.7
"2","Crop Yield per Hectare (Tonnes)","1985","Total wheat",6.4
"3","Crop Yield (000 Tonnes)","1985","Total wheat",495
"4","Area under Crops (000 Hectares)","1986","Total wheat",74.6
"5","Crop Yield per Hectare (Tonnes)","1986","Total wheat",5.5
"6","Crop Yield (000 Tonnes)","1986","Total wheat",412
"7","Area under Crops (000 Hectares)","1987","Total wheat",56.1
"8","Crop Yield per Hectare (Tonnes)","1987","Total wheat",6.9
"9","Crop Yield (000 Tonnes)","1987","Total wheat",387
"10","Area under Crops (000 Hectares)","1988","Total wheat",58.6
"11","Crop Yield per Hectare (Tonnes)","1988","Total wheat",7.8
"12","Crop Yield (000 Tonnes)","1988","Total wheat",455
"13","Area under Crops (000 Hectares)","1989","Total wheat",60.7
"14","Crop Yield per Hectare (Tonnes)","1989","Total wheat",7.6
"15","Crop Yield (000 Tonnes)","1989","Total wheat",459
"16","Area under Crops (000 Hectares)","1990","Total wheat",70.1
"17","Crop Yield per Hectare (Tonnes)","1990","Total wheat",8.5
"18","Crop Yield (000 Tonnes)","1990","Total wheat",598
"19","Area under Crops (000 Hectares)","1991","Total wheat",85.7
"20","Crop Yield per Hectare (Tonnes)","1991","Total wheat",7.9
"21","Crop Yield (000 Tonnes)","1991","Total wheat",673.6
"22","Area under Crops (000 Hectares)","1992","Total wheat",90.6
"23","Crop Yield per Hectare (Tonnes)","1992","Total wheat",7.9
"24","Crop Yield (000 Tonnes)","1992","Total wheat",714
"25","Area under Crops (000 Hectares)","1993","Total wheat",79.2
"26","Crop Yield per Hectare (Tonnes)","1993","Total wheat",6.8
"27","Crop Yield (000 Tonnes)","1993","Total wheat",539
"28","Area under Crops (000 Hectares)","1994","Total wheat",74.1
"29","Crop Yield per Hectare (Tonnes)","1994","Total wheat",7.7
"30","Crop Yield (000 Tonnes)","1994","Total wheat",572
"31","Area under Crops (000 Hectares)","1995","Total wheat",70.7
"32","Crop Yield per Hectare (Tonnes)","1995","Total wheat",8.2
"33","Crop Yield (000 Tonnes)","1995","Total wheat",583
"34","Area under Crops (000 Hectares)","1996","Total wheat",85.7
"35","Crop Yield per Hectare (Tonnes)","1996","Total wheat",9
"36","Crop Yield (000 Tonnes)","1996","Total wheat",771.2
"37","Area under Crops (000 Hectares)","1997","Total wheat",93.9
"38","Crop Yield per Hectare (Tonnes)","1997","Total wheat",7.7
"39","Crop Yield (000 Tonnes)","1997","Total wheat",724.5
"40","Area under Crops (000 Hectares)","1998","Total wheat",83.8
"41","Crop Yield per Hectare (Tonnes)","1998","Total wheat",8
"42","Crop Yield (000 Tonnes)","1998","Total wheat",673
"43","Area under Crops (000 Hectares)","1999","Total wheat",68.1
"44","Crop Yield per Hectare (Tonnes)","1999","Total wheat",8.8
"45","Crop Yield (000 Tonnes)","1999","Total wheat",597.4
"46","Area under Crops (000 Hectares)","2000","Total wheat",78
"47","Crop Yield per Hectare (Tonnes)","2000","Total wheat",9.5
"48","Crop Yield (000 Tonnes)","2000","Total wheat",737.4
"49","Area under Crops (000 Hectares)","2001","Total wheat",84.9
"50","Crop Yield per Hectare (Tonnes)","2001","Total wheat",9.1
"51","Crop Yield (000 Tonnes)","2001","Total wheat",769.2
"52","Area under Crops (000 Hectares)","2002","Total wheat",102.7
"53","Crop Yield per Hectare (Tonnes)","2002","Total wheat",8.4
"54","Crop Yield (000 Tonnes)","2002","Total wheat",867.2
"55","Area under Crops (000 Hectares)","2003","Total wheat",95.7
"56","Crop Yield per Hectare (Tonnes)","2003","Total wheat",8.3
"57","Crop Yield (000 Tonnes)","2003","Total wheat",794.1
"58","Area under Crops (000 Hectares)","2004","Total wheat",102.7
"59","Crop Yield per Hectare (Tonnes)","2004","Total wheat",9.9
"60","Crop Yield (000 Tonnes)","2004","Total wheat",1019.2
"61","Area under Crops (000 Hectares)","2005","Total wheat",95.2
"62","Crop Yield per Hectare (Tonnes)","2005","Total wheat",8.4
"63","Crop Yield (000 Tonnes)","2005","Total wheat",802.7
"64","Area under Crops (000 Hectares)","2006","Total wheat",87.5
"65","Crop Yield per Hectare (Tonnes)","2006","Total wheat",9.2
"66","Crop Yield (000 Tonnes)","2006","Total wheat",801
"67","Area under Crops (000 Hectares)","2007","Total wheat",84.3
"68","Crop Yield per Hectare (Tonnes)","2007","Total wheat",8.5
"69","Crop Yield (000 Tonnes)","2007","Total wheat",713.4
"70","Area under Crops (000 Hectares)","1985","Winter wheat",60.3
"71","Crop Yield per Hectare (Tonnes)","1985","Winter wheat",6.5
"72","Crop Yield (000 Tonnes)","1985","Winter wheat",395
"73","Area under Crops (000 Hectares)","1986","Winter wheat",57
"74","Crop Yield per Hectare (Tonnes)","1986","Winter wheat",5.6
"75","Crop Yield (000 Tonnes)","1986","Winter wheat",317
"76","Area under Crops (000 Hectares)","1987","Winter wheat",38.3
"77","Crop Yield per Hectare (Tonnes)","1987","Winter wheat",7.3
"78","Crop Yield (000 Tonnes)","1987","Winter wheat",278
"79","Area under Crops (000 Hectares)","1988","Winter wheat",37.2
"80","Crop Yield per Hectare (Tonnes)","1988","Winter wheat",8.2
"81","Crop Yield (000 Tonnes)","1988","Winter wheat",305
"82","Area under Crops (000 Hectares)","1989","Winter wheat",43
"83","Crop Yield per Hectare (Tonnes)","1989","Winter wheat",8.1
"84","Crop Yield (000 Tonnes)","1989","Winter wheat",350
"85","Area under Crops (000 Hectares)","1990","Winter wheat",56.5
"86","Crop Yield per Hectare (Tonnes)","1990","Winter wheat",9
"87","Crop Yield (000 Tonnes)","1990","Winter wheat",506
"88","Area under Crops (000 Hectares)","1991","Winter wheat",66.9
"89","Crop Yield per Hectare (Tonnes)","1991","Winter wheat",8.2
"90","Crop Yield (000 Tonnes)","1991","Winter wheat",548
"91","Area under Crops (000 Hectares)","1992","Winter wheat",73.3
"92","Crop Yield per Hectare (Tonnes)","1992","Winter wheat",8
"93","Crop Yield (000 Tonnes)","1992","Winter wheat",587
"94","Area under Crops (000 Hectares)","1993","Winter wheat",57.2
"95","Crop Yield per Hectare (Tonnes)","1993","Winter wheat",6.7
"96","Crop Yield (000 Tonnes)","1993","Winter wheat",383
"97","Area under Crops (000 Hectares)","1994","Winter wheat",56.2
"98","Crop Yield per Hectare (Tonnes)","1994","Winter wheat",8.1
"99","Crop Yield (000 Tonnes)","1994","Winter wheat",458
"100","Area under Crops (000 Hectares)","1995","Winter wheat",51.8
"101","Crop Yield per Hectare (Tonnes)","1995","Winter wheat",8.7
"102","Crop Yield (000 Tonnes)","1995","Winter wheat",451
"103","Area under Crops (000 Hectares)","1996","Winter wheat",67.2
"104","Crop Yield per Hectare (Tonnes)","1996","Winter wheat",9.4
"105","Crop Yield (000 Tonnes)","1996","Winter wheat",632.5
"106","Area under Crops (000 Hectares)","1997","Winter wheat",70.2
"107","Crop Yield per Hectare (Tonnes)","1997","Winter wheat",8
"108","Crop Yield (000 Tonnes)","1997","Winter wheat",563.3
"109","Area under Crops (000 Hectares)","1998","Winter wheat",65.5
"110","Crop Yield per Hectare (Tonnes)","1998","Winter wheat",8.1
"111","Crop Yield (000 Tonnes)","1998","Winter wheat",531.9
"112","Area under Crops (000 Hectares)","1999","Winter wheat",40.6
"113","Crop Yield per Hectare (Tonnes)","1999","Winter wheat",9.4
"114","Crop Yield (000 Tonnes)","1999","Winter wheat",382.1
"115","Area under Crops (000 Hectares)","2000","Winter wheat",58.8
"116","Crop Yield per Hectare (Tonnes)","2000","Winter wheat",9.9
"117","Crop Yield (000 Tonnes)","2000","Winter wheat",582.3
"118","Area under Crops (000 Hectares)","2001","Winter wheat",49.9
"119","Crop Yield per Hectare (Tonnes)","2001","Winter wheat",9.8
"120","Crop Yield (000 Tonnes)","2001","Winter wheat",489.2
"121","Area under Crops (000 Hectares)","2002","Winter wheat",80
"122","Crop Yield per Hectare (Tonnes)","2002","Winter wheat",8.8
"123","Crop Yield (000 Tonnes)","2002","Winter wheat",703.6
"124","Area under Crops (000 Hectares)","2003","Winter wheat",60.6
"125","Crop Yield per Hectare (Tonnes)","2003","Winter wheat",8.7
"126","Crop Yield (000 Tonnes)","2003","Winter wheat",526.9
"127","Area under Crops (000 Hectares)","2004","Winter wheat",71.5
"128","Crop Yield per Hectare (Tonnes)","2004","Winter wheat",10.5
"129","Crop Yield (000 Tonnes)","2004","Winter wheat",750.6
"130","Area under Crops (000 Hectares)","2005","Winter wheat",65
"131","Crop Yield per Hectare (Tonnes)","2005","Winter wheat",8.8
"132","Crop Yield (000 Tonnes)","2005","Winter wheat",572
"133","Area under Crops (000 Hectares)","2006","Winter wheat",59.2
"134","Crop Yield per Hectare (Tonnes)","2006","Winter wheat",9.8
"135","Crop Yield (000 Tonnes)","2006","Winter wheat",580
"136","Area under Crops (000 Hectares)","2007","Winter wheat",64.7
"137","Crop Yield per Hectare (Tonnes)","2007","Winter wheat",8.7
"138","Crop Yield (000 Tonnes)","2007","Winter wheat",562.5
"139","Area under Crops (000 Hectares)","1985","Spring wheat",17.4
"140","Crop Yield per Hectare (Tonnes)","1985","Spring wheat",5.8
"141","Crop Yield (000 Tonnes)","1985","Spring wheat",100
"142","Area under Crops (000 Hectares)","1986","Spring wheat",17.6
"143","Crop Yield per Hectare (Tonnes)","1986","Spring wheat",5.4
"144","Crop Yield (000 Tonnes)","1986","Spring wheat",95
"145","Area under Crops (000 Hectares)","1987","Spring wheat",17.8
"146","Crop Yield per Hectare (Tonnes)","1987","Spring wheat",6.2
"147","Crop Yield (000 Tonnes)","1987","Spring wheat",110
"148","Area under Crops (000 Hectares)","1988","Spring wheat",21.4
"149","Crop Yield per Hectare (Tonnes)","1988","Spring wheat",7
"150","Crop Yield (000 Tonnes)","1988","Spring wheat",150
"151","Area under Crops (000 Hectares)","1989","Spring wheat",17.7
"152","Crop Yield per Hectare (Tonnes)","1989","Spring wheat",6.2
"153","Crop Yield (000 Tonnes)","1989","Spring wheat",109
"154","Area under Crops (000 Hectares)","1990","Spring wheat",13.6
"155","Crop Yield per Hectare (Tonnes)","1990","Spring wheat",6.7
"156","Crop Yield (000 Tonnes)","1990","Spring wheat",92
"157","Area under Crops (000 Hectares)","1991","Spring wheat",18.8
"158","Crop Yield per Hectare (Tonnes)","1991","Spring wheat",6.7
"159","Crop Yield (000 Tonnes)","1991","Spring wheat",125
"160","Area under Crops (000 Hectares)","1992","Spring wheat",17.3
"161","Crop Yield per Hectare (Tonnes)","1992","Spring wheat",7.4
"162","Crop Yield (000 Tonnes)","1992","Spring wheat",127
"163","Area under Crops (000 Hectares)","1993","Spring wheat",22
"164","Crop Yield per Hectare (Tonnes)","1993","Spring wheat",7.1
"165","Crop Yield (000 Tonnes)","1993","Spring wheat",155
"166","Area under Crops (000 Hectares)","1994","Spring wheat",17.9
"167","Crop Yield per Hectare (Tonnes)","1994","Spring wheat",6.4
"168","Crop Yield (000 Tonnes)","1994","Spring wheat",114
"169","Area under Crops (000 Hectares)","1995","Spring wheat",18.9
"170","Crop Yield per Hectare (Tonnes)","1995","Spring wheat",7
"171","Crop Yield (000 Tonnes)","1995","Spring wheat",132
"172","Area under Crops (000 Hectares)","1996","Spring wheat",18.5
"173","Crop Yield per Hectare (Tonnes)","1996","Spring wheat",7.5
"174","Crop Yield (000 Tonnes)","1996","Spring wheat",138.7
"175","Area under Crops (000 Hectares)","1997","Spring wheat",23.7
"176","Crop Yield per Hectare (Tonnes)","1997","Spring wheat",6.8
"177","Crop Yield (000 Tonnes)","1997","Spring wheat",161.2
"178","Area under Crops (000 Hectares)","1998","Spring wheat",18.4
"179","Crop Yield per Hectare (Tonnes)","1998","Spring wheat",7.7
"180","Crop Yield (000 Tonnes)","1998","Spring wheat",141.1
"181","Area under Crops (000 Hectares)","1999","Spring wheat",27.4
"182","Crop Yield per Hectare (Tonnes)","1999","Spring wheat",7.8
"183","Crop Yield (000 Tonnes)","1999","Spring wheat",215.3
"184","Area under Crops (000 Hectares)","2000","Spring wheat",19.1
"185","Crop Yield per Hectare (Tonnes)","2000","Spring wheat",8.1
"186","Crop Yield (000 Tonnes)","2000","Spring wheat",155.1
"187","Area under Crops (000 Hectares)","2001","Spring wheat",35
"188","Crop Yield per Hectare (Tonnes)","2001","Spring wheat",8
"189","Crop Yield (000 Tonnes)","2001","Spring wheat",280
"190","Area under Crops (000 Hectares)","2002","Spring wheat",22.7
"191","Crop Yield per Hectare (Tonnes)","2002","Spring wheat",7.2
"192","Crop Yield (000 Tonnes)","2002","Spring wheat",163.6
"193","Area under Crops (000 Hectares)","2003","Spring wheat",35.2
"194","Crop Yield per Hectare (Tonnes)","2003","Spring wheat",7.6
"195","Crop Yield (000 Tonnes)","2003","Spring wheat",267.2
"196","Area under Crops (000 Hectares)","2004","Spring wheat",31.2
"197","Crop Yield per Hectare (Tonnes)","2004","Spring wheat",8.6
"198","Crop Yield (000 Tonnes)","2004","Spring wheat",268.6
"199","Area under Crops (000 Hectares)","2005","Spring wheat",30.2
"200","Crop Yield per Hectare (Tonnes)","2005","Spring wheat",7.6
"201","Crop Yield (000 Tonnes)","2005","Spring wheat",229.7
"202","Area under Crops (000 Hectares)","2006","Spring wheat",28.3
"203","Crop Yield per Hectare (Tonnes)","2006","Spring wheat",7.8
"204","Crop Yield (000 Tonnes)","2006","Spring wheat",221
"205","Area under Crops (000 Hectares)","2007","Spring wheat",19.6
"206","Crop Yield per Hectare (Tonnes)","2007","Spring wheat",7.7
"207","Crop Yield (000 Tonnes)","2007","Spring wheat",150.9
"208","Area under Crops (000 Hectares)","1985","Total oats",24.9
"209","Crop Yield per Hectare (Tonnes)","1985","Total oats",5.1
"210","Crop Yield (000 Tonnes)","1985","Total oats",126
"211","Area under Crops (000 Hectares)","1986","Total oats",23
"212","Crop Yield per Hectare (Tonnes)","1986","Total oats",5.4
"213","Crop Yield (000 Tonnes)","1986","Total oats",124
"214","Area under Crops (000 Hectares)","1987","Total oats",22.9
"215","Crop Yield per Hectare (Tonnes)","1987","Total oats",5.8
"216","Crop Yield (000 Tonnes)","1987","Total oats",133
"217","Area under Crops (000 Hectares)","1988","Total oats",22.6
"218","Crop Yield per Hectare (Tonnes)","1988","Total oats",6.5
"219","Crop Yield (000 Tonnes)","1988","Total oats",147
"220","Area under Crops (000 Hectares)","1989","Total oats",22.4
"221","Crop Yield per Hectare (Tonnes)","1989","Total oats",6
"222","Crop Yield (000 Tonnes)","1989","Total oats",134
"223","Area under Crops (000 Hectares)","1990","Total oats",21.8
"224","Crop Yield per Hectare (Tonnes)","1990","Total oats",6.6
"225","Crop Yield (000 Tonnes)","1990","Total oats",144
"226","Area under Crops (000 Hectares)","1991","Total oats",20.6
"227","Crop Yield per Hectare (Tonnes)","1991","Total oats",7
"228","Crop Yield (000 Tonnes)","1991","Total oats",143
"229","Area under Crops (000 Hectares)","1992","Total oats",20.1
"230","Crop Yield per Hectare (Tonnes)","1992","Total oats",6.8
"231","Crop Yield (000 Tonnes)","1992","Total oats",136
"232","Area under Crops (000 Hectares)","1993","Total oats",20.2
"233","Crop Yield per Hectare (Tonnes)","1993","Total oats",6.4
"234","Crop Yield (000 Tonnes)","1993","Total oats",129
"235","Area under Crops (000 Hectares)","1994","Total oats",20.9
"236","Crop Yield per Hectare (Tonnes)","1994","Total oats",6.1
"237","Crop Yield (000 Tonnes)","1994","Total oats",128
"238","Area under Crops (000 Hectares)","1995","Total oats",19.9
"239","Crop Yield per Hectare (Tonnes)","1995","Total oats",6.5
"240","Crop Yield (000 Tonnes)","1995","Total oats",129
"241","Area under Crops (000 Hectares)","1996","Total oats",20.9
"242","Crop Yield per Hectare (Tonnes)","1996","Total oats",7
"243","Crop Yield (000 Tonnes)","1996","Total oats",146.1
"244","Area under Crops (000 Hectares)","1997","Total oats",20.6
"245","Crop Yield per Hectare (Tonnes)","1997","Total oats",6.4
"246","Crop Yield (000 Tonnes)","1997","Total oats",131.6
"247","Area under Crops (000 Hectares)","1998","Total oats",19.4
"248","Crop Yield per Hectare (Tonnes)","1998","Total oats",6.1
"249","Crop Yield (000 Tonnes)","1998","Total oats",119.1
"250","Area under Crops (000 Hectares)","1999","Total oats",20.2
"251","Crop Yield per Hectare (Tonnes)","1999","Total oats",6.7
"252","Crop Yield (000 Tonnes)","1999","Total oats",136.4
"253","Area under Crops (000 Hectares)","2000","Total oats",16.8
"254","Crop Yield per Hectare (Tonnes)","2000","Total oats",7.5
"255","Crop Yield (000 Tonnes)","2000","Total oats",126.6
"256","Area under Crops (000 Hectares)","2001","Total oats",16.8
"257","Crop Yield per Hectare (Tonnes)","2001","Total oats",7.1
"258","Crop Yield (000 Tonnes)","2001","Total oats",118.7
"259","Area under Crops (000 Hectares)","2002","Total oats",18.8
"260","Crop Yield per Hectare (Tonnes)","2002","Total oats",7.1
"261","Crop Yield (000 Tonnes)","2002","Total oats",133.6
"262","Area under Crops (000 Hectares)","2003","Total oats",21
"263","Crop Yield per Hectare (Tonnes)","2003","Total oats",7.4
"264","Crop Yield (000 Tonnes)","2003","Total oats",155.1
"265","Area under Crops (000 Hectares)","2004","Total oats",20
"266","Crop Yield per Hectare (Tonnes)","2004","Total oats",7.8
"267","Crop Yield (000 Tonnes)","2004","Total oats",155.2
"268","Area under Crops (000 Hectares)","2005","Total oats",16.8
"269","Crop Yield per Hectare (Tonnes)","2005","Total oats",6.7
"270","Crop Yield (000 Tonnes)","2005","Total oats",112.8
"271","Area under Crops (000 Hectares)","2006","Total oats",20.4
"272","Crop Yield per Hectare (Tonnes)","2006","Total oats",7
"273","Crop Yield (000 Tonnes)","2006","Total oats",145.2
"274","Area under Crops (000 Hectares)","2007","Total oats",21.3
"275","Crop Yield per Hectare (Tonnes)","2007","Total oats",7.5
"276","Crop Yield (000 Tonnes)","2007","Total oats",159.1
"277","Area under Crops (000 Hectares)","1985","Winter oats",9.1
"278","Crop Yield per Hectare (Tonnes)","1985","Winter oats",6.2
"279","Crop Yield (000 Tonnes)","1985","Winter oats",56
"280","Area under Crops (000 Hectares)","1986","Winter oats",8.8
"281","Crop Yield per Hectare (Tonnes)","1986","Winter oats",6.4
"282","Crop Yield (000 Tonnes)","1986","Winter oats",56
"283","Area under Crops (000 Hectares)","1987","Winter oats",9
"284","Crop Yield per Hectare (Tonnes)","1987","Winter oats",7
"285","Crop Yield (000 Tonnes)","1987","Winter oats",63
"286","Area under Crops (000 Hectares)","1988","Winter oats",9.6
"287","Crop Yield per Hectare (Tonnes)","1988","Winter oats",7.7
"288","Crop Yield (000 Tonnes)","1988","Winter oats",74
"289","Area under Crops (000 Hectares)","1989","Winter oats",10.1
"290","Crop Yield per Hectare (Tonnes)","1989","Winter oats",7.4
"291","Crop Yield (000 Tonnes)","1989","Winter oats",74
"292","Area under Crops (000 Hectares)","1990","Winter oats",10.6
"293","Crop Yield per Hectare (Tonnes)","1990","Winter oats",7.6
"294","Crop Yield (000 Tonnes)","1990","Winter oats",81
"295","Area under Crops (000 Hectares)","1991","Winter oats",11.4
"296","Crop Yield per Hectare (Tonnes)","1991","Winter oats",7.8
"297","Crop Yield (000 Tonnes)","1991","Winter oats",89
"298","Area under Crops (000 Hectares)","1992","Winter oats",11.6
"299","Crop Yield per Hectare (Tonnes)","1992","Winter oats",7.4
"300","Crop Yield (000 Tonnes)","1992","Winter oats",86
"301","Area under Crops (000 Hectares)","1993","Winter oats",11.4
"302","Crop Yield per Hectare (Tonnes)","1993","Winter oats",7
"303","Crop Yield (000 Tonnes)","1993","Winter oats",80
"304","Area under Crops (000 Hectares)","1994","Winter oats",13.3
"305","Crop Yield per Hectare (Tonnes)","1994","Winter oats",6.9
"306","Crop Yield (000 Tonnes)","1994","Winter oats",92
"307","Area under Crops (000 Hectares)","1995","Winter oats",10.5
"308","Crop Yield per Hectare (Tonnes)","1995","Winter oats",7.2
"309","Crop Yield (000 Tonnes)","1995","Winter oats",75
"310","Area under Crops (000 Hectares)","1996","Winter oats",12.5
"311","Crop Yield per Hectare (Tonnes)","1996","Winter oats",7.6
"312","Crop Yield (000 Tonnes)","1996","Winter oats",95.1
"313","Area under Crops (000 Hectares)","1997","Winter oats",11.2
"314","Crop Yield per Hectare (Tonnes)","1997","Winter oats",7.4
"315","Crop Yield (000 Tonnes)","1997","Winter oats",83.4
"316","Area under Crops (000 Hectares)","1998","Winter oats",12.1
"317","Crop Yield per Hectare (Tonnes)","1998","Winter oats",6.6
"318","Crop Yield (000 Tonnes)","1998","Winter oats",80.2
"319","Area under Crops (000 Hectares)","1999","Winter oats",7.7
"320","Crop Yield per Hectare (Tonnes)","1999","Winter oats",7.8
"321","Crop Yield (000 Tonnes)","1999","Winter oats",60.2
"322","Area under Crops (000 Hectares)","2000","Winter oats",9.6
"323","Crop Yield per Hectare (Tonnes)","2000","Winter oats",8.3
"324","Crop Yield (000 Tonnes)","2000","Winter oats",79.8
"325","Area under Crops (000 Hectares)","2001","Winter oats",5.7
"326","Crop Yield per Hectare (Tonnes)","2001","Winter oats",8
"327","Crop Yield (000 Tonnes)","2001","Winter oats",45.2
"328","Area under Crops (000 Hectares)","2002","Winter oats",11.8
"329","Crop Yield per Hectare (Tonnes)","2002","Winter oats",7.8
"330","Crop Yield (000 Tonnes)","2002","Winter oats",92.1
"331","Area under Crops (000 Hectares)","2003","Winter oats",9.4
"332","Crop Yield per Hectare (Tonnes)","2003","Winter oats",8.1
"333","Crop Yield (000 Tonnes)","2003","Winter oats",75.9
"334","Area under Crops (000 Hectares)","2004","Winter oats",12.9
"335","Crop Yield per Hectare (Tonnes)","2004","Winter oats",8.3
"336","Crop Yield (000 Tonnes)","2004","Winter oats",107.3
"337","Area under Crops (000 Hectares)","2005","Winter oats",8.6
"338","Crop Yield per Hectare (Tonnes)","2005","Winter oats",7.3
"339","Crop Yield (000 Tonnes)","2005","Winter oats",63.1
"340","Area under Crops (000 Hectares)","2006","Winter oats",9.3
"341","Crop Yield per Hectare (Tonnes)","2006","Winter oats",8
"342","Crop Yield (000 Tonnes)","2006","Winter oats",74.2
"343","Area under Crops (000 Hectares)","2007","Winter oats",13.5
"344","Crop Yield per Hectare (Tonnes)","2007","Winter oats",8.1
"345","Crop Yield (000 Tonnes)","2007","Winter oats",109.3
"346","Area under Crops (000 Hectares)","1985","Spring oats",15.8
"347","Crop Yield per Hectare (Tonnes)","1985","Spring oats",4.4
"348","Crop Yield (000 Tonnes)","1985","Spring oats",70
"349","Area under Crops (000 Hectares)","1986","Spring oats",14.2
"350","Crop Yield per Hectare (Tonnes)","1986","Spring oats",4.8
"351","Crop Yield (000 Tonnes)","1986","Spring oats",68
"352","Area under Crops (000 Hectares)","1987","Spring oats",13.9
"353","Crop Yield per Hectare (Tonnes)","1987","Spring oats",5
"354","Crop Yield (000 Tonnes)","1987","Spring oats",70
"355","Area under Crops (000 Hectares)","1988","Spring oats",13
"356","Crop Yield per Hectare (Tonnes)","1988","Spring oats",5.6
"357","Crop Yield (000 Tonnes)","1988","Spring oats",73
"358","Area under Crops (000 Hectares)","1989","Spring oats",12.3
"359","Crop Yield per Hectare (Tonnes)","1989","Spring oats",4.9
"360","Crop Yield (000 Tonnes)","1989","Spring oats",60
"361","Area under Crops (000 Hectares)","1990","Spring oats",11.2
"362","Crop Yield per Hectare (Tonnes)","1990","Spring oats",5.6
"363","Crop Yield (000 Tonnes)","1990","Spring oats",63
"364","Area under Crops (000 Hectares)","1991","Spring oats",9.2
"365","Crop Yield per Hectare (Tonnes)","1991","Spring oats",5.9
"366","Crop Yield (000 Tonnes)","1991","Spring oats",54
"367","Area under Crops (000 Hectares)","1992","Spring oats",8.4
"368","Crop Yield per Hectare (Tonnes)","1992","Spring oats",6
"369","Crop Yield (000 Tonnes)","1992","Spring oats",50
"370","Area under Crops (000 Hectares)","1993","Spring oats",8.8
"371","Crop Yield per Hectare (Tonnes)","1993","Spring oats",5.5
"372","Crop Yield (000 Tonnes)","1993","Spring oats",49
"373","Area under Crops (000 Hectares)","1994","Spring oats",7.6
"374","Crop Yield per Hectare (Tonnes)","1994","Spring oats",4.7
"375","Crop Yield (000 Tonnes)","1994","Spring oats",36
"376","Area under Crops (000 Hectares)","1995","Spring oats",9.4
"377","Crop Yield per Hectare (Tonnes)","1995","Spring oats",5.7
"378","Crop Yield (000 Tonnes)","1995","Spring oats",54
"379","Area under Crops (000 Hectares)","1996","Spring oats",8.4
"380","Crop Yield per Hectare (Tonnes)","1996","Spring oats",6.1
"381","Crop Yield (000 Tonnes)","1996","Spring oats",51.1
"382","Area under Crops (000 Hectares)","1997","Spring oats",9.4
"383","Crop Yield per Hectare (Tonnes)","1997","Spring oats",5.2
"384","Crop Yield (000 Tonnes)","1997","Spring oats",48.2
"385","Area under Crops (000 Hectares)","1998","Spring oats",7.3
"386","Crop Yield per Hectare (Tonnes)","1998","Spring oats",5.3
"387","Crop Yield (000 Tonnes)","1998","Spring oats",38.9
"388","Area under Crops (000 Hectares)","1999","Spring oats",12.5
"389","Crop Yield per Hectare (Tonnes)","1999","Spring oats",6.1
"390","Crop Yield (000 Tonnes)","1999","Spring oats",76.2
"391","Area under Crops (000 Hectares)","2000","Spring oats",7.2
"392","Crop Yield per Hectare (Tonnes)","2000","Spring oats",6.5
"393","Crop Yield (000 Tonnes)","2000","Spring oats",46.8
"394","Area under Crops (000 Hectares)","2001","Spring oats",11.1
"395","Crop Yield per Hectare (Tonnes)","2001","Spring oats",6.6
"396","Crop Yield (000 Tonnes)","2001","Spring oats",73.4
"397","Area under Crops (000 Hectares)","2002","Spring oats",7
"398","Crop Yield per Hectare (Tonnes)","2002","Spring oats",5.9
"399","Crop Yield (000 Tonnes)","2002","Spring oats",41.5
"400","Area under Crops (000 Hectares)","2003","Spring oats",11.6
"401","Crop Yield per Hectare (Tonnes)","2003","Spring oats",6.8
"402","Crop Yield (000 Tonnes)","2003","Spring oats",79.2
"403","Area under Crops (000 Hectares)","2004","Spring oats",7
"404","Crop Yield per Hectare (Tonnes)","2004","Spring oats",6.8
"405","Crop Yield (000 Tonnes)","2004","Spring oats",47.9
"406","Area under Crops (000 Hectares)","2005","Spring oats",8.2
"407","Crop Yield per Hectare (Tonnes)","2005","Spring oats",6.1
"408","Crop Yield (000 Tonnes)","2005","Spring oats",49.8
"409","Area under Crops (000 Hectares)","2006","Spring oats",11.1
"410","Crop Yield per Hectare (Tonnes)","2006","Spring oats",6.4
"411","Crop Yield (000 Tonnes)","2006","Spring oats",71
"412","Area under Crops (000 Hectares)","2007","Spring oats",7.8
"413","Crop Yield per Hectare (Tonnes)","2007","Spring oats",6.4
"414","Crop Yield (000 Tonnes)","2007","Spring oats",49.8
"415","Area under Crops (000 Hectares)","1985","Total barley",283.6
"416","Crop Yield per Hectare (Tonnes)","1985","Total barley",4.8
"417","Crop Yield (000 Tonnes)","1985","Total barley",1365
"418","Area under Crops (000 Hectares)","1986","Total barley",265
"419","Crop Yield per Hectare (Tonnes)","1986","Total barley",5.1
"420","Crop Yield (000 Tonnes)","1986","Total barley",1344
"421","Area under Crops (000 Hectares)","1987","Total barley",255.3
"422","Crop Yield per Hectare (Tonnes)","1987","Total barley",5.8
"423","Crop Yield (000 Tonnes)","1987","Total barley",1485
"424","Area under Crops (000 Hectares)","1988","Total barley",242.5
"425","Crop Yield per Hectare (Tonnes)","1988","Total barley",6.1
"426","Crop Yield (000 Tonnes)","1988","Total barley",1475
"427","Area under Crops (000 Hectares)","1989","Total barley",236.5
"428","Crop Yield per Hectare (Tonnes)","1989","Total barley",5.6
"429","Crop Yield (000 Tonnes)","1989","Total barley",1325
"430","Area under Crops (000 Hectares)","1990","Total barley",206.6
"431","Crop Yield per Hectare (Tonnes)","1990","Total barley",5.9
"432","Crop Yield (000 Tonnes)","1990","Total barley",1223
"433","Area under Crops (000 Hectares)","1991","Total barley",193.4
"434","Crop Yield per Hectare (Tonnes)","1991","Total barley",5.9
"435","Crop Yield (000 Tonnes)","1991","Total barley",1148
"436","Area under Crops (000 Hectares)","1992","Total barley",184.4
"437","Crop Yield per Hectare (Tonnes)","1992","Total barley",6.3
"438","Crop Yield (000 Tonnes)","1992","Total barley",1168
"439","Area under Crops (000 Hectares)","1993","Total barley",180.8
"440","Crop Yield per Hectare (Tonnes)","1993","Total barley",5.3
"441","Crop Yield (000 Tonnes)","1993","Total barley",958
"442","Area under Crops (000 Hectares)","1994","Total barley",169.7
"443","Crop Yield per Hectare (Tonnes)","1994","Total barley",5.4
"444","Crop Yield (000 Tonnes)","1994","Total barley",910
"445","Area under Crops (000 Hectares)","1995","Total barley",178.6
"446","Crop Yield per Hectare (Tonnes)","1995","Total barley",6.1
"447","Crop Yield (000 Tonnes)","1995","Total barley",1084
"448","Area under Crops (000 Hectares)","1996","Total barley",181.4
"449","Crop Yield per Hectare (Tonnes)","1996","Total barley",6.8
"450","Crop Yield (000 Tonnes)","1996","Total barley",1224.6
"451","Area under Crops (000 Hectares)","1997","Total barley",189.8
"452","Crop Yield per Hectare (Tonnes)","1997","Total barley",5.7
"453","Crop Yield (000 Tonnes)","1997","Total barley",1087.2
"454","Area under Crops (000 Hectares)","1998","Total barley",190.7
"455","Crop Yield per Hectare (Tonnes)","1998","Total barley",5.6
"456","Crop Yield (000 Tonnes)","1998","Total barley",1072.9
"457","Area under Crops (000 Hectares)","1999","Total barley",192
"458","Crop Yield per Hectare (Tonnes)","1999","Total barley",6.7
"459","Crop Yield (000 Tonnes)","1999","Total barley",1277.5
"460","Area under Crops (000 Hectares)","2000","Total barley",182.3
"461","Crop Yield per Hectare (Tonnes)","2000","Total barley",7.2
"462","Crop Yield (000 Tonnes)","2000","Total barley",1309.9
"463","Area under Crops (000 Hectares)","2001","Total barley",182
"464","Crop Yield per Hectare (Tonnes)","2001","Total barley",7
"465","Crop Yield (000 Tonnes)","2001","Total barley",1277.2
"466","Area under Crops (000 Hectares)","2002","Total barley",176
"467","Crop Yield per Hectare (Tonnes)","2002","Total barley",5.5
"468","Crop Yield (000 Tonnes)","2002","Total barley",962.8
"469","Area under Crops (000 Hectares)","2003","Total barley",183.1
"470","Crop Yield per Hectare (Tonnes)","2003","Total barley",6.5
"471","Crop Yield (000 Tonnes)","2003","Total barley",1197.7
"472","Area under Crops (000 Hectares)","2004","Total barley",183.7
"473","Crop Yield per Hectare (Tonnes)","2004","Total barley",7.3
"474","Crop Yield (000 Tonnes)","2004","Total barley",1326.6
"475","Area under Crops (000 Hectares)","2005","Total barley",164.4
"476","Crop Yield per Hectare (Tonnes)","2005","Total barley",6.2
"477","Crop Yield (000 Tonnes)","2005","Total barley",1024.4
"478","Area under Crops (000 Hectares)","2006","Total barley",167
"479","Crop Yield per Hectare (Tonnes)","2006","Total barley",6.8
"480","Crop Yield (000 Tonnes)","2006","Total barley",1136.9
"481","Area under Crops (000 Hectares)","2007","Total barley",167.5
"482","Crop Yield per Hectare (Tonnes)","2007","Total barley",6.7
"483","Crop Yield (000 Tonnes)","2007","Total barley",1124.5
"484","Area under Crops (000 Hectares)","1985","Winter barley",35.5
"485","Crop Yield per Hectare (Tonnes)","1985","Winter barley",5.2
"486","Crop Yield (000 Tonnes)","1985","Winter barley",185
"487","Area under Crops (000 Hectares)","1986","Winter barley",33.9
"488","Crop Yield per Hectare (Tonnes)","1986","Winter barley",5.2
"489","Crop Yield (000 Tonnes)","1986","Winter barley",177
"490","Area under Crops (000 Hectares)","1987","Winter barley",33.6
"491","Crop Yield per Hectare (Tonnes)","1987","Winter barley",6.3
"492","Crop Yield (000 Tonnes)","1987","Winter barley",211
"493","Area under Crops (000 Hectares)","1988","Winter barley",28
"494","Crop Yield per Hectare (Tonnes)","1988","Winter barley",6.4
"495","Crop Yield (000 Tonnes)","1988","Winter barley",179
"496","Area under Crops (000 Hectares)","1989","Winter barley",24.9
"497","Crop Yield per Hectare (Tonnes)","1989","Winter barley",6.6
"498","Crop Yield (000 Tonnes)","1989","Winter barley",163
"499","Area under Crops (000 Hectares)","1990","Winter barley",28.7
"500","Crop Yield per Hectare (Tonnes)","1990","Winter barley",7.7
"501","Crop Yield (000 Tonnes)","1990","Winter barley",221
"502","Area under Crops (000 Hectares)","1991","Winter barley",33.3
"503","Crop Yield per Hectare (Tonnes)","1991","Winter barley",7.9
"504","Crop Yield (000 Tonnes)","1991","Winter barley",262
"505","Area under Crops (000 Hectares)","1992","Winter barley",40.3
"506","Crop Yield per Hectare (Tonnes)","1992","Winter barley",7.6
"507","Crop Yield (000 Tonnes)","1992","Winter barley",306
"508","Area under Crops (000 Hectares)","1993","Winter barley",39.4
"509","Crop Yield per Hectare (Tonnes)","1993","Winter barley",6.1
"510","Crop Yield (000 Tonnes)","1993","Winter barley",242
"511","Area under Crops (000 Hectares)","1994","Winter barley",31.7
"512","Crop Yield per Hectare (Tonnes)","1994","Winter barley",6.8
"513","Crop Yield (000 Tonnes)","1994","Winter barley",216
"514","Area under Crops (000 Hectares)","1995","Winter barley",37.1
"515","Crop Yield per Hectare (Tonnes)","1995","Winter barley",6.8
"516","Crop Yield (000 Tonnes)","1995","Winter barley",251
"517","Area under Crops (000 Hectares)","1996","Winter barley",40.9
"518","Crop Yield per Hectare (Tonnes)","1996","Winter barley",8
"519","Crop Yield (000 Tonnes)","1996","Winter barley",327.9
"520","Area under Crops (000 Hectares)","1997","Winter barley",41.1
"521","Crop Yield per Hectare (Tonnes)","1997","Winter barley",7
"522","Crop Yield (000 Tonnes)","1997","Winter barley",287.4
"523","Area under Crops (000 Hectares)","1998","Winter barley",39
"524","Crop Yield per Hectare (Tonnes)","1998","Winter barley",6.4
"525","Crop Yield (000 Tonnes)","1998","Winter barley",249.9
"526","Area under Crops (000 Hectares)","1999","Winter barley",26.2
"527","Crop Yield per Hectare (Tonnes)","1999","Winter barley",7.6
"528","Crop Yield (000 Tonnes)","1999","Winter barley",200.5
"529","Area under Crops (000 Hectares)","2000","Winter barley",24.1
"530","Crop Yield per Hectare (Tonnes)","2000","Winter barley",8.4
"531","Crop Yield (000 Tonnes)","2000","Winter barley",202.6
"532","Area under Crops (000 Hectares)","2001","Winter barley",19.6
"533","Crop Yield per Hectare (Tonnes)","2001","Winter barley",8
"534","Crop Yield (000 Tonnes)","2001","Winter barley",156.7
"535","Area under Crops (000 Hectares)","2002","Winter barley",23.2
"536","Crop Yield per Hectare (Tonnes)","2002","Winter barley",6.6
"537","Crop Yield (000 Tonnes)","2002","Winter barley",152.8
"538","Area under Crops (000 Hectares)","2003","Winter barley",19.8
"539","Crop Yield per Hectare (Tonnes)","2003","Winter barley",7.7
"540","Crop Yield (000 Tonnes)","2003","Winter barley",152.8
"541","Area under Crops (000 Hectares)","2004","Winter barley",20.5
"542","Crop Yield per Hectare (Tonnes)","2004","Winter barley",8.2
"543","Crop Yield (000 Tonnes)","2004","Winter barley",168.2
"544","Area under Crops (000 Hectares)","2005","Winter barley",17
"545","Crop Yield per Hectare (Tonnes)","2005","Winter barley",7.4
"546","Crop Yield (000 Tonnes)","2005","Winter barley",126
"547","Area under Crops (000 Hectares)","2006","Winter barley",15.1
"548","Crop Yield per Hectare (Tonnes)","2006","Winter barley",7.9
"549","Crop Yield (000 Tonnes)","2006","Winter barley",119.3
"550","Area under Crops (000 Hectares)","2007","Winter barley",18.7
"551","Crop Yield per Hectare (Tonnes)","2007","Winter barley",7.6
"552","Crop Yield (000 Tonnes)","2007","Winter barley",142.4
"553","Area under Crops (000 Hectares)","1985","Spring barley",248.1
"554","Crop Yield per Hectare (Tonnes)","1985","Spring barley",4.8
"555","Crop Yield (000 Tonnes)","1985","Spring barley",1179
"556","Area under Crops (000 Hectares)","1986","Spring barley",231.1
"557","Crop Yield per Hectare (Tonnes)","1986","Spring barley",5
"558","Crop Yield (000 Tonnes)","1986","Spring barley",1167
"559","Area under Crops (000 Hectares)","1987","Spring barley",221.7
"560","Crop Yield per Hectare (Tonnes)","1987","Spring barley",5.7
"561","Crop Yield (000 Tonnes)","1987","Spring barley",1274
"562","Area under Crops (000 Hectares)","1988","Spring barley",214.5
"563","Crop Yield per Hectare (Tonnes)","1988","Spring barley",6
"564","Crop Yield (000 Tonnes)","1988","Spring barley",1297
"565","Area under Crops (000 Hectares)","1989","Spring barley",211.6
"566","Crop Yield per Hectare (Tonnes)","1989","Spring barley",5.5
"567","Crop Yield (000 Tonnes)","1989","Spring barley",1162
"568","Area under Crops (000 Hectares)","1990","Spring barley",178
"569","Crop Yield per Hectare (Tonnes)","1990","Spring barley",5.6
"570","Crop Yield (000 Tonnes)","1990","Spring barley",1002
"571","Area under Crops (000 Hectares)","1991","Spring barley",160.1
"572","Crop Yield per Hectare (Tonnes)","1991","Spring barley",5.5
"573","Crop Yield (000 Tonnes)","1991","Spring barley",886
"574","Area under Crops (000 Hectares)","1992","Spring barley",144
"575","Crop Yield per Hectare (Tonnes)","1992","Spring barley",6
"576","Crop Yield (000 Tonnes)","1992","Spring barley",862
"577","Area under Crops (000 Hectares)","1993","Spring barley",141.4
"578","Crop Yield per Hectare (Tonnes)","1993","Spring barley",5.1
"579","Crop Yield (000 Tonnes)","1993","Spring barley",716
"580","Area under Crops (000 Hectares)","1994","Spring barley",138
"581","Crop Yield per Hectare (Tonnes)","1994","Spring barley",5
"582","Crop Yield (000 Tonnes)","1994","Spring barley",693
"583","Area under Crops (000 Hectares)","1995","Spring barley",141.4
"584","Crop Yield per Hectare (Tonnes)","1995","Spring barley",5.9
"585","Crop Yield (000 Tonnes)","1995","Spring barley",833
"586","Area under Crops (000 Hectares)","1996","Spring barley",140.5
"587","Crop Yield per Hectare (Tonnes)","1996","Spring barley",6.4
"588","Crop Yield (000 Tonnes)","1996","Spring barley",896.8
"589","Area under Crops (000 Hectares)","1997","Spring barley",148.6
"590","Crop Yield per Hectare (Tonnes)","1997","Spring barley",5.4
"591","Crop Yield (000 Tonnes)","1997","Spring barley",799.8
"592","Area under Crops (000 Hectares)","1998","Spring barley",151.7
"593","Crop Yield per Hectare (Tonnes)","1998","Spring barley",5.4
"594","Crop Yield (000 Tonnes)","1998","Spring barley",823.1
"595","Area under Crops (000 Hectares)","1999","Spring barley",165.8
"596","Crop Yield per Hectare (Tonnes)","1999","Spring barley",6.5
"597","Crop Yield (000 Tonnes)","1999","Spring barley",1077
"598","Area under Crops (000 Hectares)","2000","Spring barley",158.2
"599","Crop Yield per Hectare (Tonnes)","2000","Spring barley",7
"600","Crop Yield (000 Tonnes)","2000","Spring barley",1107.3
"601","Area under Crops (000 Hectares)","2001","Spring barley",162.4
"602","Crop Yield per Hectare (Tonnes)","2001","Spring barley",6.9
"603","Crop Yield (000 Tonnes)","2001","Spring barley",1120.5
"604","Area under Crops (000 Hectares)","2002","Spring barley",152.8
"605","Crop Yield per Hectare (Tonnes)","2002","Spring barley",5.3
"606","Crop Yield (000 Tonnes)","2002","Spring barley",810
"607","Area under Crops (000 Hectares)","2003","Spring barley",163.3
"608","Crop Yield per Hectare (Tonnes)","2003","Spring barley",6.4
"609","Crop Yield (000 Tonnes)","2003","Spring barley",1044.9
"610","Area under Crops (000 Hectares)","2004","Spring barley",163.2
"611","Crop Yield per Hectare (Tonnes)","2004","Spring barley",7.1
"612","Crop Yield (000 Tonnes)","2004","Spring barley",1158.5
"613","Area under Crops (000 Hectares)","2005","Spring barley",147.4
"614","Crop Yield per Hectare (Tonnes)","2005","Spring barley",6.1
"615","Crop Yield (000 Tonnes)","2005","Spring barley",899.2
"616","Area under Crops (000 Hectares)","2006","Spring barley",151.9
"617","Crop Yield per Hectare (Tonnes)","2006","Spring barley",6.7
"618","Crop Yield (000 Tonnes)","2006","Spring barley",1017.6
"619","Area under Crops (000 Hectares)","2007","Spring barley",148.8
"620","Crop Yield per Hectare (Tonnes)","2007","Spring barley",6.6
"621","Crop Yield (000 Tonnes)","2007","Spring barley",982.2
"622","Area under Crops (000 Hectares)","1985","Total wheat, oats and barley",386.2
"623","Crop Yield per Hectare (Tonnes)","1985","Total wheat, oats and barley",5.1
"624","Crop Yield (000 Tonnes)","1985","Total wheat, oats and barley",1986
"625","Area under Crops (000 Hectares)","1986","Total wheat, oats and barley",362.6
"626","Crop Yield per Hectare (Tonnes)","1986","Total wheat, oats and barley",5.2
"627","Crop Yield (000 Tonnes)","1986","Total wheat, oats and barley",1880
"628","Area under Crops (000 Hectares)","1987","Total wheat, oats and barley",334.3
"629","Crop Yield per Hectare (Tonnes)","1987","Total wheat, oats and barley",6
"630","Crop Yield (000 Tonnes)","1987","Total wheat, oats and barley",2005
"631","Area under Crops (000 Hectares)","1988","Total wheat, oats and barley",323.6
"632","Crop Yield per Hectare (Tonnes)","1988","Total wheat, oats and barley",6.4
"633","Crop Yield (000 Tonnes)","1988","Total wheat, oats and barley",2077
"634","Area under Crops (000 Hectares)","1989","Total wheat, oats and barley",319.6
"635","Crop Yield per Hectare (Tonnes)","1989","Total wheat, oats and barley",6
"636","Crop Yield (000 Tonnes)","1989","Total wheat, oats and barley",1918
"637","Area under Crops (000 Hectares)","1990","Total wheat, oats and barley",298.5
"638","Crop Yield per Hectare (Tonnes)","1990","Total wheat, oats and barley",6.6
"639","Crop Yield (000 Tonnes)","1990","Total wheat, oats and barley",1964
"640","Area under Crops (000 Hectares)","1991","Total wheat, oats and barley",299.6
"641","Crop Yield per Hectare (Tonnes)","1991","Total wheat, oats and barley",6.6
"642","Crop Yield (000 Tonnes)","1991","Total wheat, oats and barley",1965
"643","Area under Crops (000 Hectares)","1992","Total wheat, oats and barley",295.1
"644","Crop Yield per Hectare (Tonnes)","1992","Total wheat, oats and barley",6.8
"645","Crop Yield (000 Tonnes)","1992","Total wheat, oats and barley",2018
"646","Area under Crops (000 Hectares)","1993","Total wheat, oats and barley",280.3
"647","Crop Yield per Hectare (Tonnes)","1993","Total wheat, oats and barley",5.8
"648","Crop Yield (000 Tonnes)","1993","Total wheat, oats and barley",1626
"649","Area under Crops (000 Hectares)","1994","Total wheat, oats and barley",264.7
"650","Crop Yield per Hectare (Tonnes)","1994","Total wheat, oats and barley",6.1
"651","Crop Yield (000 Tonnes)","1994","Total wheat, oats and barley",1609
"652","Area under Crops (000 Hectares)","1995","Total wheat, oats and barley",269.2
"653","Crop Yield per Hectare (Tonnes)","1995","Total wheat, oats and barley",6.7
"654","Crop Yield (000 Tonnes)","1995","Total wheat, oats and barley",1796
"655","Area under Crops (000 Hectares)","1996","Total wheat, oats and barley",288
"656","Crop Yield per Hectare (Tonnes)","1996","Total wheat, oats and barley",7.4
"657","Crop Yield (000 Tonnes)","1996","Total wheat, oats and barley",2142
"658","Area under Crops (000 Hectares)","1997","Total wheat, oats and barley",304.3
"659","Crop Yield per Hectare (Tonnes)","1997","Total wheat, oats and barley",6.4
"660","Crop Yield (000 Tonnes)","1997","Total wheat, oats and barley",1943.4
"661","Area under Crops (000 Hectares)","1998","Total wheat, oats and barley",294
"662","Crop Yield per Hectare (Tonnes)","1998","Total wheat, oats and barley",6.3
"663","Crop Yield (000 Tonnes)","1998","Total wheat, oats and barley",1865
"664","Area under Crops (000 Hectares)","1999","Total wheat, oats and barley",280.3
"665","Crop Yield per Hectare (Tonnes)","1999","Total wheat, oats and barley",7.2
"666","Crop Yield (000 Tonnes)","1999","Total wheat, oats and barley",2011.3
"667","Area under Crops (000 Hectares)","2000","Total wheat, oats and barley",277.1
"668","Crop Yield per Hectare (Tonnes)","2000","Total wheat, oats and barley",7.8
"669","Crop Yield (000 Tonnes)","2000","Total wheat, oats and barley",2173.9
"670","Area under Crops (000 Hectares)","2001","Total wheat, oats and barley",283.7
"671","Crop Yield per Hectare (Tonnes)","2001","Total wheat, oats and barley",7.6
"672","Crop Yield (000 Tonnes)","2001","Total wheat, oats and barley",2165.1
"673","Area under Crops (000 Hectares)","2002","Total wheat, oats and barley",297.5
"674","Crop Yield per Hectare (Tonnes)","2002","Total wheat, oats and barley",6.6
"675","Crop Yield (000 Tonnes)","2002","Total wheat, oats and barley",1963.6
"676","Area under Crops (000 Hectares)","2003","Total wheat, oats and barley",299.9
"677","Crop Yield per Hectare (Tonnes)","2003","Total wheat, oats and barley",7.2
"678","Crop Yield (000 Tonnes)","2003","Total wheat, oats and barley",2146.9
"679","Area under Crops (000 Hectares)","2004","Total wheat, oats and barley",306.4
"680","Crop Yield per Hectare (Tonnes)","2004","Total wheat, oats and barley",8.2
"681","Crop Yield (000 Tonnes)","2004","Total wheat, oats and barley",2500.9
"682","Area under Crops (000 Hectares)","2005","Total wheat, oats and barley",276.5
"683","Crop Yield per Hectare (Tonnes)","2005","Total wheat, oats and barley",7
"684","Crop Yield (000 Tonnes)","2005","Total wheat, oats and barley",1938
"685","Area under Crops (000 Hectares)","2006","Total wheat, oats and barley",274.9
"686","Crop Yield per Hectare (Tonnes)","2006","Total wheat, oats and barley",7.6
"687","Crop Yield (000 Tonnes)","2006","Total wheat, oats and barley",2083.1
"688","Area under Crops (000 Hectares)","2007","Total wheat, oats and barley",273.1
"689","Crop Yield per Hectare (Tonnes)","2007","Total wheat, oats and barley",7.3
"690","Crop Yield (000 Tonnes)","2007","Total wheat, oats and barley",1997
"691","Area under Crops (000 Hectares)","1985","Beans and peas",2.3
"692","Crop Yield per Hectare (Tonnes)","1985","Beans and peas",0
"693","Crop Yield (000 Tonnes)","1985","Beans and peas",0
"694","Area under Crops (000 Hectares)","1986","Beans and peas",2.4
"695","Crop Yield per Hectare (Tonnes)","1986","Beans and peas",0
"696","Crop Yield (000 Tonnes)","1986","Beans and peas",0
"697","Area under Crops (000 Hectares)","1987","Beans and peas",2.3
"698","Crop Yield per Hectare (Tonnes)","1987","Beans and peas",0
"699","Crop Yield (000 Tonnes)","1987","Beans and peas",0
"700","Area under Crops (000 Hectares)","1988","Beans and peas",2.6
"701","Crop Yield per Hectare (Tonnes)","1988","Beans and peas",0
"702","Crop Yield (000 Tonnes)","1988","Beans and peas",0
"703","Area under Crops (000 Hectares)","1989","Beans and peas",2.7
"704","Crop Yield per Hectare (Tonnes)","1989","Beans and peas",0
"705","Crop Yield (000 Tonnes)","1989","Beans and peas",0
"706","Area under Crops (000 Hectares)","1990","Beans and peas",3
"707","Crop Yield per Hectare (Tonnes)","1990","Beans and peas",4.9
"708","Crop Yield (000 Tonnes)","1990","Beans and peas",15
"709","Area under Crops (000 Hectares)","1991","Beans and peas",2.8
"710","Crop Yield per Hectare (Tonnes)","1991","Beans and peas",4.7
"711","Crop Yield (000 Tonnes)","1991","Beans and peas",13
"712","Area under Crops (000 Hectares)","1992","Beans and peas",2.7
"713","Crop Yield per Hectare (Tonnes)","1992","Beans and peas",5
"714","Crop Yield (000 Tonnes)","1992","Beans and peas",13
"715","Area under Crops (000 Hectares)","1993","Beans and peas",6.1
"716","Crop Yield per Hectare (Tonnes)","1993","Beans and peas",4.3
"717","Crop Yield (000 Tonnes)","1993","Beans and peas",26
"718","Area under Crops (000 Hectares)","1994","Beans and peas",5.6
"719","Crop Yield per Hectare (Tonnes)","1994","Beans and peas",4.5
"720","Crop Yield (000 Tonnes)","1994","Beans and peas",25
"721","Area under Crops (000 Hectares)","1995","Beans and peas",4.8
"722","Crop Yield per Hectare (Tonnes)","1995","Beans and peas",4
"723","Crop Yield (000 Tonnes)","1995","Beans and peas",19
"724","Area under Crops (000 Hectares)","1996","Beans and peas",4.8
"725","Crop Yield per Hectare (Tonnes)","1996","Beans and peas",4.5
"726","Crop Yield (000 Tonnes)","1996","Beans and peas",21.5
"727","Area under Crops (000 Hectares)","1997","Beans and peas",4.8
"728","Crop Yield per Hectare (Tonnes)","1997","Beans and peas",4
"729","Crop Yield (000 Tonnes)","1997","Beans and peas",19.4
"730","Area under Crops (000 Hectares)","1998","Beans and peas",6.5
"731","Crop Yield per Hectare (Tonnes)","1998","Beans and peas",5
"732","Crop Yield (000 Tonnes)","1998","Beans and peas",32.4
"733","Area under Crops (000 Hectares)","1999","Beans and peas",4.1
"734","Crop Yield per Hectare (Tonnes)","1999","Beans and peas",4.5
"735","Crop Yield (000 Tonnes)","1999","Beans and peas",18.4
"736","Area under Crops (000 Hectares)","2000","Beans and peas",1.5
"737","Crop Yield per Hectare (Tonnes)","2000","Beans and peas",5.1
"738","Crop Yield (000 Tonnes)","2000","Beans and peas",7.7
"739","Area under Crops (000 Hectares)","2001","Beans and peas",1.9
"740","Crop Yield per Hectare (Tonnes)","2001","Beans and peas",4.7
"741","Crop Yield (000 Tonnes)","2001","Beans and peas",8.9
"742","Area under Crops (000 Hectares)","2002","Beans and peas",1.7
"743","Crop Yield per Hectare (Tonnes)","2002","Beans and peas",4.5
"744","Crop Yield (000 Tonnes)","2002","Beans and peas",7.5
"745","Area under Crops (000 Hectares)","2003","Beans and peas",2.9
"746","Crop Yield per Hectare (Tonnes)","2003","Beans and peas",4.8
"747","Crop Yield (000 Tonnes)","2003","Beans and peas",13.7
"748","Area under Crops (000 Hectares)","2004","Beans and peas",2.7
"749","Crop Yield per Hectare (Tonnes)","2004","Beans and peas",5.4
"750","Crop Yield (000 Tonnes)","2004","Beans and peas",14.4
"751","Area under Crops (000 Hectares)","2005","Beans and peas",3.7
"752","Crop Yield per Hectare (Tonnes)","2005","Beans and peas",5.1
"753","Crop Yield (000 Tonnes)","2005","Beans and peas",18.9
"754","Area under Crops (000 Hectares)","2006","Beans and peas",4.3
"755","Crop Yield per Hectare (Tonnes)","2006","Beans and peas",4.7
"756","Crop Yield (000 Tonnes)","2006","Beans and peas",20
"757","Area under Crops (000 Hectares)","2007","Beans and peas",2.9
"758","Crop Yield per Hectare (Tonnes)","2007","Beans and peas",4.4
"759","Crop Yield (000 Tonnes)","2007","Beans and peas",12.8
"760","Area under Crops (000 Hectares)","1985","Oilseed rape",0
"761","Crop Yield per Hectare (Tonnes)","1985","Oilseed rape",0
"762","Crop Yield (000 Tonnes)","1985","Oilseed rape",0
"763","Area under Crops (000 Hectares)","1986","Oilseed rape",0
"764","Crop Yield per Hectare (Tonnes)","1986","Oilseed rape",0
"765","Crop Yield (000 Tonnes)","1986","Oilseed rape",0
"766","Area under Crops (000 Hectares)","1987","Oilseed rape",0
"767","Crop Yield per Hectare (Tonnes)","1987","Oilseed rape",0
"768","Crop Yield (000 Tonnes)","1987","Oilseed rape",0
"769","Area under Crops (000 Hectares)","1988","Oilseed rape",4.7
"770","Crop Yield per Hectare (Tonnes)","1988","Oilseed rape",0
"771","Crop Yield (000 Tonnes)","1988","Oilseed rape",0
"772","Area under Crops (000 Hectares)","1989","Oilseed rape",4.5
"773","Crop Yield per Hectare (Tonnes)","1989","Oilseed rape",0
"774","Crop Yield (000 Tonnes)","1989","Oilseed rape",0
"775","Area under Crops (000 Hectares)","1990","Oilseed rape",5.4
"776","Crop Yield per Hectare (Tonnes)","1990","Oilseed rape",3.6
"777","Crop Yield (000 Tonnes)","1990","Oilseed rape",20
"778","Area under Crops (000 Hectares)","1991","Oilseed rape",6.2
"779","Crop Yield per Hectare (Tonnes)","1991","Oilseed rape",3.7
"780","Crop Yield (000 Tonnes)","1991","Oilseed rape",23
"781","Area under Crops (000 Hectares)","1992","Oilseed rape",5.9
"782","Crop Yield per Hectare (Tonnes)","1992","Oilseed rape",3.1
"783","Crop Yield (000 Tonnes)","1992","Oilseed rape",18
"784","Area under Crops (000 Hectares)","1993","Oilseed rape",3.4
"785","Crop Yield per Hectare (Tonnes)","1993","Oilseed rape",2.7
"786","Crop Yield (000 Tonnes)","1993","Oilseed rape",9
"787","Area under Crops (000 Hectares)","1994","Oilseed rape",6.4
"788","Crop Yield per Hectare (Tonnes)","1994","Oilseed rape",2.6
"789","Crop Yield (000 Tonnes)","1994","Oilseed rape",17
"790","Area under Crops (000 Hectares)","1995","Oilseed rape",4.1
"791","Crop Yield per Hectare (Tonnes)","1995","Oilseed rape",3.3
"792","Crop Yield (000 Tonnes)","1995","Oilseed rape",13
"793","Area under Crops (000 Hectares)","1996","Oilseed rape",3.5
"794","Crop Yield per Hectare (Tonnes)","1996","Oilseed rape",2.9
"795","Crop Yield (000 Tonnes)","1996","Oilseed rape",10.1
"796","Area under Crops (000 Hectares)","1997","Oilseed rape",4.4
"797","Crop Yield per Hectare (Tonnes)","1997","Oilseed rape",2.7
"798","Crop Yield (000 Tonnes)","1997","Oilseed rape",12
"799","Area under Crops (000 Hectares)","1998","Oilseed rape",5.6
"800","Crop Yield per Hectare (Tonnes)","1998","Oilseed rape",2.9
"801","Crop Yield (000 Tonnes)","1998","Oilseed rape",16.6
"802","Area under Crops (000 Hectares)","1999","Oilseed rape",2.6
"803","Crop Yield per Hectare (Tonnes)","1999","Oilseed rape",1.9
"804","Crop Yield (000 Tonnes)","1999","Oilseed rape",5.1
"805","Area under Crops (000 Hectares)","2000","Oilseed rape",2.7
"806","Crop Yield per Hectare (Tonnes)","2000","Oilseed rape",3.2
"807","Crop Yield (000 Tonnes)","2000","Oilseed rape",8.6
"808","Area under Crops (000 Hectares)","2001","Oilseed rape",2.4
"809","Crop Yield per Hectare (Tonnes)","2001","Oilseed rape",3
"810","Crop Yield (000 Tonnes)","2001","Oilseed rape",7.3
"811","Area under Crops (000 Hectares)","2002","Oilseed rape",2.2
"812","Crop Yield per Hectare (Tonnes)","2002","Oilseed rape",3.1
"813","Crop Yield (000 Tonnes)","2002","Oilseed rape",6.7
"814","Area under Crops (000 Hectares)","2003","Oilseed rape",2.3
"815","Crop Yield per Hectare (Tonnes)","2003","Oilseed rape",3.1
"816","Crop Yield (000 Tonnes)","2003","Oilseed rape",7.2
"817","Area under Crops (000 Hectares)","2004","Oilseed rape",2.2
"818","Crop Yield per Hectare (Tonnes)","2004","Oilseed rape",3
"819","Crop Yield (000 Tonnes)","2004","Oilseed rape",6.7
"820","Area under Crops (000 Hectares)","2005","Oilseed rape",3.7
"821","Crop Yield per Hectare (Tonnes)","2005","Oilseed rape",3.8
"822","Crop Yield (000 Tonnes)","2005","Oilseed rape",14.2
"823","Area under Crops (000 Hectares)","2006","Oilseed rape",5.1
"824","Crop Yield per Hectare (Tonnes)","2006","Oilseed rape",3.5
"825","Crop Yield (000 Tonnes)","2006","Oilseed rape",17.9
"826","Area under Crops (000 Hectares)","2007","Oilseed rape",8.2
"827","Crop Yield per Hectare (Tonnes)","2007","Oilseed rape",3.9
"828","Crop Yield (000 Tonnes)","2007","Oilseed rape",31.9
"829","Area under Crops (000 Hectares)","1985","Potatoes",32.1
"830","Crop Yield per Hectare (Tonnes)","1985","Potatoes",20.8
"831","Crop Yield (000 Tonnes)","1985","Potatoes",668
"832","Area under Crops (000 Hectares)","1986","Potatoes",29.5
"833","Crop Yield per Hectare (Tonnes)","1986","Potatoes",20.3
"834","Crop Yield (000 Tonnes)","1986","Potatoes",601
"835","Area under Crops (000 Hectares)","1987","Potatoes",29.2
"836","Crop Yield per Hectare (Tonnes)","1987","Potatoes",23
"837","Crop Yield (000 Tonnes)","1987","Potatoes",671
"838","Area under Crops (000 Hectares)","1988","Potatoes",27.1
"839","Crop Yield per Hectare (Tonnes)","1988","Potatoes",24.8
"840","Crop Yield (000 Tonnes)","1988","Potatoes",671
"841","Area under Crops (000 Hectares)","1989","Potatoes",24.7
"842","Crop Yield per Hectare (Tonnes)","1989","Potatoes",22.4
"843","Crop Yield (000 Tonnes)","1989","Potatoes",554
"844","Area under Crops (000 Hectares)","1990","Potatoes",24.3
"845","Crop Yield per Hectare (Tonnes)","1990","Potatoes",24.9
"846","Crop Yield (000 Tonnes)","1990","Potatoes",605
"847","Area under Crops (000 Hectares)","1991","Potatoes",20.5
"848","Crop Yield per Hectare (Tonnes)","1991","Potatoes",27.9
"849","Crop Yield (000 Tonnes)","1991","Potatoes",571
"850","Area under Crops (000 Hectares)","1992","Potatoes",22.1
"851","Crop Yield per Hectare (Tonnes)","1992","Potatoes",28.9
"852","Crop Yield (000 Tonnes)","1992","Potatoes",638
"853","Area under Crops (000 Hectares)","1993","Potatoes",21.6
"854","Crop Yield per Hectare (Tonnes)","1993","Potatoes",26.3
"855","Crop Yield (000 Tonnes)","1993","Potatoes",569
"856","Area under Crops (000 Hectares)","1994","Potatoes",21.4
"857","Crop Yield per Hectare (Tonnes)","1994","Potatoes",30.1
"858","Crop Yield (000 Tonnes)","1994","Potatoes",642
"859","Area under Crops (000 Hectares)","1995","Potatoes",22.4
"860","Crop Yield per Hectare (Tonnes)","1995","Potatoes",27.6
"861","Crop Yield (000 Tonnes)","1995","Potatoes",618
"862","Area under Crops (000 Hectares)","1996","Potatoes",24.3
"863","Crop Yield per Hectare (Tonnes)","1996","Potatoes",30.2
"864","Crop Yield (000 Tonnes)","1996","Potatoes",733.3
"865","Area under Crops (000 Hectares)","1997","Potatoes",18.2
"866","Crop Yield per Hectare (Tonnes)","1997","Potatoes",25.9
"867","Crop Yield (000 Tonnes)","1997","Potatoes",471.9
"868","Area under Crops (000 Hectares)","1998","Potatoes",18.5
"869","Crop Yield per Hectare (Tonnes)","1998","Potatoes",26.1
"870","Crop Yield (000 Tonnes)","1998","Potatoes",482.1
"871","Area under Crops (000 Hectares)","1999","Potatoes",17.5
"872","Crop Yield per Hectare (Tonnes)","1999","Potatoes",32
"873","Crop Yield (000 Tonnes)","1999","Potatoes",558.6
"874","Area under Crops (000 Hectares)","2000","Potatoes",13.5
"875","Crop Yield per Hectare (Tonnes)","2000","Potatoes",33.6
"876","Crop Yield (000 Tonnes)","2000","Potatoes",454.8
"877","Area under Crops (000 Hectares)","2001","Potatoes",14.3
"878","Crop Yield per Hectare (Tonnes)","2001","Potatoes",33.5
"879","Crop Yield (000 Tonnes)","2001","Potatoes",477.6
"880","Area under Crops (000 Hectares)","2002","Potatoes",15.4
"881","Crop Yield per Hectare (Tonnes)","2002","Potatoes",33.7
"882","Crop Yield (000 Tonnes)","2002","Potatoes",518.6
"883","Area under Crops (000 Hectares)","2003","Potatoes",14.2
"884","Crop Yield per Hectare (Tonnes)","2003","Potatoes",34.5
"885","Crop Yield (000 Tonnes)","2003","Potatoes",488.2
"886","Area under Crops (000 Hectares)","2004","Potatoes",13.3
"887","Crop Yield per Hectare (Tonnes)","2004","Potatoes",41.4
"888","Crop Yield (000 Tonnes)","2004","Potatoes",552.2
"889","Area under Crops (000 Hectares)","2005","Potatoes",11.8
"890","Crop Yield per Hectare (Tonnes)","2005","Potatoes",34.7
"891","Crop Yield (000 Tonnes)","2005","Potatoes",409.2
"892","Area under Crops (000 Hectares)","2006","Potatoes",11.5
"893","Crop Yield per Hectare (Tonnes)","2006","Potatoes",33.4
"894","Crop Yield (000 Tonnes)","2006","Potatoes",382.9
"895","Area under Crops (000 Hectares)","2007","Potatoes",11.7
"896","Crop Yield per Hectare (Tonnes)","2007","Potatoes",34
"897","Crop Yield (000 Tonnes)","2007","Potatoes",399
"898","Area under Crops (000 Hectares)","1985","Turnips",8.7
"899","Crop Yield per Hectare (Tonnes)","1985","Turnips",53.5
"900","Crop Yield (000 Tonnes)","1985","Turnips",466
"901","Area under Crops (000 Hectares)","1986","Turnips",8.9
"902","Crop Yield per Hectare (Tonnes)","1986","Turnips",51.6
"903","Crop Yield (000 Tonnes)","1986","Turnips",462
"904","Area under Crops (000 Hectares)","1987","Turnips",8.9
"905","Crop Yield per Hectare (Tonnes)","1987","Turnips",56.8
"906","Crop Yield (000 Tonnes)","1987","Turnips",505
"907","Area under Crops (000 Hectares)","1988","Turnips",8.1
"908","Crop Yield per Hectare (Tonnes)","1988","Turnips",51.9
"909","Crop Yield (000 Tonnes)","1988","Turnips",422
"910","Area under Crops (000 Hectares)","1989","Turnips",8.1
"911","Crop Yield per Hectare (Tonnes)","1989","Turnips",57.6
"912","Crop Yield (000 Tonnes)","1989","Turnips",465
"913","Area under Crops (000 Hectares)","1990","Turnips",7.1
"914","Crop Yield per Hectare (Tonnes)","1990","Turnips",54.8
"915","Crop Yield (000 Tonnes)","1990","Turnips",387
"916","Area under Crops (000 Hectares)","1991","Turnips",6
"917","Crop Yield per Hectare (Tonnes)","1991","Turnips",52.5
"918","Crop Yield (000 Tonnes)","1991","Turnips",313
"919","Area under Crops (000 Hectares)","1992","Turnips",5.5
"920","Crop Yield per Hectare (Tonnes)","1992","Turnips",55.5
"921","Crop Yield (000 Tonnes)","1992","Turnips",306
"922","Area under Crops (000 Hectares)","1993","Turnips",5.2
"923","Crop Yield per Hectare (Tonnes)","1993","Turnips",52.3
"924","Crop Yield (000 Tonnes)","1993","Turnips",271
"925","Area under Crops (000 Hectares)","1994","Turnips",5.6
"926","Crop Yield per Hectare (Tonnes)","1994","Turnips",53.1
"927","Crop Yield (000 Tonnes)","1994","Turnips",296
"928","Area under Crops (000 Hectares)","1995","Turnips",5.3
"929","Crop Yield per Hectare (Tonnes)","1995","Turnips",54.1
"930","Crop Yield (000 Tonnes)","1995","Turnips",289
"931","Area under Crops (000 Hectares)","1996","Turnips",5.4
"932","Crop Yield per Hectare (Tonnes)","1996","Turnips",57.8
"933","Crop Yield (000 Tonnes)","1996","Turnips",309.8
"934","Area under Crops (000 Hectares)","1997","Turnips",5.2
"935","Crop Yield per Hectare (Tonnes)","1997","Turnips",55
"936","Crop Yield (000 Tonnes)","1997","Turnips",284.7
"937","Area under Crops (000 Hectares)","1998","Turnips",4.6
"938","Crop Yield per Hectare (Tonnes)","1998","Turnips",45.3
"939","Crop Yield (000 Tonnes)","1998","Turnips",208.1
"940","Area under Crops (000 Hectares)","1999","Turnips",4.2
"941","Crop Yield per Hectare (Tonnes)","1999","Turnips",42
"942","Crop Yield (000 Tonnes)","1999","Turnips",176.6
"943","Area under Crops (000 Hectares)","2000","Turnips",2.1
"944","Crop Yield per Hectare (Tonnes)","2000","Turnips",60
"945","Crop Yield (000 Tonnes)","2000","Turnips",124
"946","Area under Crops (000 Hectares)","2001","Turnips",1.8
"947","Crop Yield per Hectare (Tonnes)","2001","Turnips",54.4
"948","Crop Yield (000 Tonnes)","2001","Turnips",99.9
"949","Area under Crops (000 Hectares)","2002","Turnips",1.6
"950","Crop Yield per Hectare (Tonnes)","2002","Turnips",54.4
"951","Crop Yield (000 Tonnes)","2002","Turnips",89.7
"952","Area under Crops (000 Hectares)","2003","Turnips",NA
"953","Crop Yield per Hectare (Tonnes)","2003","Turnips",NA
"954","Crop Yield (000 Tonnes)","2003","Turnips",NA
"955","Area under Crops (000 Hectares)","2004","Turnips",NA
"956","Crop Yield per Hectare (Tonnes)","2004","Turnips",NA
"957","Crop Yield (000 Tonnes)","2004","Turnips",NA
"958","Area under Crops (000 Hectares)","2005","Turnips",NA
"959","Crop Yield per Hectare (Tonnes)","2005","Turnips",NA
"960","Crop Yield (000 Tonnes)","2005","Turnips",NA
"961","Area under Crops (000 Hectares)","2006","Turnips",NA
"962","Crop Yield per Hectare (Tonnes)","2006","Turnips",NA
"963","Crop Yield (000 Tonnes)","2006","Turnips",NA
"964","Area under Crops (000 Hectares)","2007","Turnips",NA
"965","Crop Yield per Hectare (Tonnes)","2007","Turnips",NA
"966","Crop Yield (000 Tonnes)","2007","Turnips",NA
"967","Area under Crops (000 Hectares)","1985","Sugar beet",33.9
"968","Crop Yield per Hectare (Tonnes)","1985","Sugar beet",38.7
"969","Crop Yield (000 Tonnes)","1985","Sugar beet",1309
"970","Area under Crops (000 Hectares)","1986","Sugar beet",37
"971","Crop Yield per Hectare (Tonnes)","1986","Sugar beet",34.4
"972","Crop Yield (000 Tonnes)","1986","Sugar beet",1274
"973","Area under Crops (000 Hectares)","1987","Sugar beet",37.1
"974","Crop Yield per Hectare (Tonnes)","1987","Sugar beet",43.7
"975","Crop Yield (000 Tonnes)","1987","Sugar beet",1623
"976","Area under Crops (000 Hectares)","1988","Sugar beet",33.3
"977","Crop Yield per Hectare (Tonnes)","1988","Sugar beet",40.1
"978","Crop Yield (000 Tonnes)","1988","Sugar beet",1334
"979","Area under Crops (000 Hectares)","1989","Sugar beet",32.1
"980","Crop Yield per Hectare (Tonnes)","1989","Sugar beet",45.2
"981","Crop Yield (000 Tonnes)","1989","Sugar beet",1451
"982","Area under Crops (000 Hectares)","1990","Sugar beet",32.3
"983","Crop Yield per Hectare (Tonnes)","1990","Sugar beet",45.8
"984","Crop Yield (000 Tonnes)","1990","Sugar beet",1480
"985","Area under Crops (000 Hectares)","1991","Sugar beet",33.3
"986","Crop Yield per Hectare (Tonnes)","1991","Sugar beet",42.3
"987","Crop Yield (000 Tonnes)","1991","Sugar beet",1409
"988","Area under Crops (000 Hectares)","1992","Sugar beet",31.3
"989","Crop Yield per Hectare (Tonnes)","1992","Sugar beet",44.6
"990","Crop Yield (000 Tonnes)","1992","Sugar beet",1397
"991","Area under Crops (000 Hectares)","1993","Sugar beet",32.2
"992","Crop Yield per Hectare (Tonnes)","1993","Sugar beet",34.7
"993","Crop Yield (000 Tonnes)","1993","Sugar beet",1117
"994","Area under Crops (000 Hectares)","1994","Sugar beet",35.4
"995","Crop Yield per Hectare (Tonnes)","1994","Sugar beet",39.3
"996","Crop Yield (000 Tonnes)","1994","Sugar beet",1390
"997","Area under Crops (000 Hectares)","1995","Sugar beet",35.1
"998","Crop Yield per Hectare (Tonnes)","1995","Sugar beet",44.1
"999","Crop Yield (000 Tonnes)","1995","Sugar beet",1547
"1000","Area under Crops (000 Hectares)","1996","Sugar beet",32.3
"1001","Crop Yield per Hectare (Tonnes)","1996","Sugar beet",45.7
"1002","Crop Yield (000 Tonnes)","1996","Sugar beet",1475.6
"1003","Area under Crops (000 Hectares)","1997","Sugar beet",32.3
"1004","Crop Yield per Hectare (Tonnes)","1997","Sugar beet",51
"1005","Crop Yield (000 Tonnes)","1997","Sugar beet",1648.2
"1006","Area under Crops (000 Hectares)","1998","Sugar beet",32.9
"1007","Crop Yield per Hectare (Tonnes)","1998","Sugar beet",49.8
"1008","Crop Yield (000 Tonnes)","1998","Sugar beet",1640
"1009","Area under Crops (000 Hectares)","1999","Sugar beet",33.8
"1010","Crop Yield per Hectare (Tonnes)","1999","Sugar beet",50.7
"1011","Crop Yield (000 Tonnes)","1999","Sugar beet",1712.1
"1012","Area under Crops (000 Hectares)","2000","Sugar beet",32.2
"1013","Crop Yield per Hectare (Tonnes)","2000","Sugar beet",56.8
"1014","Crop Yield (000 Tonnes)","2000","Sugar beet",1829
"1015","Area under Crops (000 Hectares)","2001","Sugar beet",31.1
"1016","Crop Yield per Hectare (Tonnes)","2001","Sugar beet",48.2
"1017","Crop Yield (000 Tonnes)","2001","Sugar beet",1498
"1018","Area under Crops (000 Hectares)","2002","Sugar beet",31.3
"1019","Crop Yield per Hectare (Tonnes)","2002","Sugar beet",41.6
"1020","Crop Yield (000 Tonnes)","2002","Sugar beet",1300.7
"1021","Area under Crops (000 Hectares)","2003","Sugar beet",31.5
"1022","Crop Yield per Hectare (Tonnes)","2003","Sugar beet",47.7
"1023","Crop Yield (000 Tonnes)","2003","Sugar beet",1505.2
"1024","Area under Crops (000 Hectares)","2004","Sugar beet",31.1
"1025","Crop Yield per Hectare (Tonnes)","2004","Sugar beet",59.8
"1026","Crop Yield (000 Tonnes)","2004","Sugar beet",1861.4
"1027","Area under Crops (000 Hectares)","2005","Sugar beet",31
"1028","Crop Yield per Hectare (Tonnes)","2005","Sugar beet",44.5
"1029","Crop Yield (000 Tonnes)","2005","Sugar beet",1380
"1030","Area under Crops (000 Hectares)","2006","Sugar beet",NA
"1031","Crop Yield per Hectare (Tonnes)","2006","Sugar beet",NA
"1032","Crop Yield (000 Tonnes)","2006","Sugar beet",NA
"1033","Area under Crops (000 Hectares)","2007","Sugar beet",NA
"1034","Crop Yield per Hectare (Tonnes)","2007","Sugar beet",NA
"1035","Crop Yield (000 Tonnes)","2007","Sugar beet",NA
"1036","Area under Crops (000 Hectares)","1985","Fodder beet",5.7
"1037","Crop Yield per Hectare (Tonnes)","1985","Fodder beet",56.8
"1038","Crop Yield (000 Tonnes)","1985","Fodder beet",324
"1039","Area under Crops (000 Hectares)","1986","Fodder beet",6.4
"1040","Crop Yield per Hectare (Tonnes)","1986","Fodder beet",51.1
"1041","Crop Yield (000 Tonnes)","1986","Fodder beet",325
"1042","Area under Crops (000 Hectares)","1987","Fodder beet",6.4
"1043","Crop Yield per Hectare (Tonnes)","1987","Fodder beet",64.8
"1044","Crop Yield (000 Tonnes)","1987","Fodder beet",414
"1045","Area under Crops (000 Hectares)","1988","Fodder beet",6.9
"1046","Crop Yield per Hectare (Tonnes)","1988","Fodder beet",63.4
"1047","Crop Yield (000 Tonnes)","1988","Fodder beet",438
"1048","Area under Crops (000 Hectares)","1989","Fodder beet",7.1
"1049","Crop Yield per Hectare (Tonnes)","1989","Fodder beet",54.9
"1050","Crop Yield (000 Tonnes)","1989","Fodder beet",391
"1051","Area under Crops (000 Hectares)","1990","Fodder beet",8.5
"1052","Crop Yield per Hectare (Tonnes)","1990","Fodder beet",65
"1053","Crop Yield (000 Tonnes)","1990","Fodder beet",553
"1054","Area under Crops (000 Hectares)","1991","Fodder beet",10.1
"1055","Crop Yield per Hectare (Tonnes)","1991","Fodder beet",68.9
"1056","Crop Yield (000 Tonnes)","1991","Fodder beet",695
"1057","Area under Crops (000 Hectares)","1992","Fodder beet",11
"1058","Crop Yield per Hectare (Tonnes)","1992","Fodder beet",70.6
"1059","Crop Yield (000 Tonnes)","1992","Fodder beet",780
"1060","Area under Crops (000 Hectares)","1993","Fodder beet",10.9
"1061","Crop Yield per Hectare (Tonnes)","1993","Fodder beet",54.9
"1062","Crop Yield (000 Tonnes)","1993","Fodder beet",600
"1063","Area under Crops (000 Hectares)","1994","Fodder beet",9.8
"1064","Crop Yield per Hectare (Tonnes)","1994","Fodder beet",59
"1065","Crop Yield (000 Tonnes)","1994","Fodder beet",579
"1066","Area under Crops (000 Hectares)","1995","Fodder beet",8.9
"1067","Crop Yield per Hectare (Tonnes)","1995","Fodder beet",66.8
"1068","Crop Yield (000 Tonnes)","1995","Fodder beet",596
"1069","Area under Crops (000 Hectares)","1996","Fodder beet",9.9
"1070","Crop Yield per Hectare (Tonnes)","1996","Fodder beet",73.7
"1071","Crop Yield (000 Tonnes)","1996","Fodder beet",726.3
"1072","Area under Crops (000 Hectares)","1997","Fodder beet",9.1
"1073","Crop Yield per Hectare (Tonnes)","1997","Fodder beet",66.2
"1074","Crop Yield (000 Tonnes)","1997","Fodder beet",603.5
"1075","Area under Crops (000 Hectares)","1998","Fodder beet",7.3
"1076","Crop Yield per Hectare (Tonnes)","1998","Fodder beet",64.8
"1077","Crop Yield (000 Tonnes)","1998","Fodder beet",475.2
"1078","Area under Crops (000 Hectares)","1999","Fodder beet",7
"1079","Crop Yield per Hectare (Tonnes)","1999","Fodder beet",70.4
"1080","Crop Yield (000 Tonnes)","1999","Fodder beet",494.8
"1081","Area under Crops (000 Hectares)","2000","Fodder beet",5.1
"1082","Crop Yield per Hectare (Tonnes)","2000","Fodder beet",70.3
"1083","Crop Yield (000 Tonnes)","2000","Fodder beet",361.3
"1084","Area under Crops (000 Hectares)","2001","Fodder beet",4.3
"1085","Crop Yield per Hectare (Tonnes)","2001","Fodder beet",65.5
"1086","Crop Yield (000 Tonnes)","2001","Fodder beet",278.7
"1087","Area under Crops (000 Hectares)","2002","Fodder beet",4.1
"1088","Crop Yield per Hectare (Tonnes)","2002","Fodder beet",60.9
"1089","Crop Yield (000 Tonnes)","2002","Fodder beet",249.5
"1090","Area under Crops (000 Hectares)","2003","Fodder beet",NA
"1091","Crop Yield per Hectare (Tonnes)","2003","Fodder beet",NA
"1092","Crop Yield (000 Tonnes)","2003","Fodder beet",NA
"1093","Area under Crops (000 Hectares)","2004","Fodder beet",NA
"1094","Crop Yield per Hectare (Tonnes)","2004","Fodder beet",NA
"1095","Crop Yield (000 Tonnes)","2004","Fodder beet",NA
"1096","Area under Crops (000 Hectares)","2005","Fodder beet",NA
"1097","Crop Yield per Hectare (Tonnes)","2005","Fodder beet",NA
"1098","Crop Yield (000 Tonnes)","2005","Fodder beet",NA
"1099","Area under Crops (000 Hectares)","2006","Fodder beet",NA
"1100","Crop Yield per Hectare (Tonnes)","2006","Fodder beet",NA
"1101","Crop Yield (000 Tonnes)","2006","Fodder beet",NA
"1102","Area under Crops (000 Hectares)","2007","Fodder beet",NA
"1103","Crop Yield per Hectare (Tonnes)","2007","Fodder beet",NA
"1104","Crop Yield (000 Tonnes)","2007","Fodder beet",NA
"1105","Area under Crops (000 Hectares)","1985","Kale and field cabbage",3.7
"1106","Crop Yield per Hectare (Tonnes)","1985","Kale and field cabbage",44.2
"1107","Crop Yield (000 Tonnes)","1985","Kale and field cabbage",162
"1108","Area under Crops (000 Hectares)","1986","Kale and field cabbage",3.5
"1109","Crop Yield per Hectare (Tonnes)","1986","Kale and field cabbage",43.1
"1110","Crop Yield (000 Tonnes)","1986","Kale and field cabbage",150
"1111","Area under Crops (000 Hectares)","1987","Kale and field cabbage",2.9
"1112","Crop Yield per Hectare (Tonnes)","1987","Kale and field cabbage",52.1
"1113","Crop Yield (000 Tonnes)","1987","Kale and field cabbage",153
"1114","Area under Crops (000 Hectares)","1988","Kale and field cabbage",2.5
"1115","Crop Yield per Hectare (Tonnes)","1988","Kale and field cabbage",39
"1116","Crop Yield (000 Tonnes)","1988","Kale and field cabbage",98
"1117","Area under Crops (000 Hectares)","1989","Kale and field cabbage",2.4
"1118","Crop Yield per Hectare (Tonnes)","1989","Kale and field cabbage",39.5
"1119","Crop Yield (000 Tonnes)","1989","Kale and field cabbage",94
"1120","Area under Crops (000 Hectares)","1990","Kale and field cabbage",2
"1121","Crop Yield per Hectare (Tonnes)","1990","Kale and field cabbage",49.5
"1122","Crop Yield (000 Tonnes)","1990","Kale and field cabbage",99
"1123","Area under Crops (000 Hectares)","1991","Kale and field cabbage",1.4
"1124","Crop Yield per Hectare (Tonnes)","1991","Kale and field cabbage",42.2
"1125","Crop Yield (000 Tonnes)","1991","Kale and field cabbage",60
"1126","Area under Crops (000 Hectares)","1992","Kale and field cabbage",1.9
"1127","Crop Yield per Hectare (Tonnes)","1992","Kale and field cabbage",48.8
"1128","Crop Yield (000 Tonnes)","1992","Kale and field cabbage",91
"1129","Area under Crops (000 Hectares)","1993","Kale and field cabbage",1.8
"1130","Crop Yield per Hectare (Tonnes)","1993","Kale and field cabbage",43
"1131","Crop Yield (000 Tonnes)","1993","Kale and field cabbage",78
"1132","Area under Crops (000 Hectares)","1994","Kale and field cabbage",1.8
"1133","Crop Yield per Hectare (Tonnes)","1994","Kale and field cabbage",44.5
"1134","Crop Yield (000 Tonnes)","1994","Kale and field cabbage",81
"1135","Area under Crops (000 Hectares)","1995","Kale and field cabbage",1.5
"1136","Crop Yield per Hectare (Tonnes)","1995","Kale and field cabbage",39
"1137","Crop Yield (000 Tonnes)","1995","Kale and field cabbage",57
"1138","Area under Crops (000 Hectares)","1996","Kale and field cabbage",1.6
"1139","Crop Yield per Hectare (Tonnes)","1996","Kale and field cabbage",40.8
"1140","Crop Yield (000 Tonnes)","1996","Kale and field cabbage",63.7
"1141","Area under Crops (000 Hectares)","1997","Kale and field cabbage",NA
"1142","Crop Yield per Hectare (Tonnes)","1997","Kale and field cabbage",NA
"1143","Crop Yield (000 Tonnes)","1997","Kale and field cabbage",NA
"1144","Area under Crops (000 Hectares)","1998","Kale and field cabbage",NA
"1145","Crop Yield per Hectare (Tonnes)","1998","Kale and field cabbage",NA
"1146","Crop Yield (000 Tonnes)","1998","Kale and field cabbage",NA
"1147","Area under Crops (000 Hectares)","1999","Kale and field cabbage",NA
"1148","Crop Yield per Hectare (Tonnes)","1999","Kale and field cabbage",NA
"1149","Crop Yield (000 Tonnes)","1999","Kale and field cabbage",NA
"1150","Area under Crops (000 Hectares)","2000","Kale and field cabbage",NA
"1151","Crop Yield per Hectare (Tonnes)","2000","Kale and field cabbage",NA
"1152","Crop Yield (000 Tonnes)","2000","Kale and field cabbage",NA
"1153","Area under Crops (000 Hectares)","2001","Kale and field cabbage",NA
"1154","Crop Yield per Hectare (Tonnes)","2001","Kale and field cabbage",NA
"1155","Crop Yield (000 Tonnes)","2001","Kale and field cabbage",NA
"1156","Area under Crops (000 Hectares)","2002","Kale and field cabbage",NA
"1157","Crop Yield per Hectare (Tonnes)","2002","Kale and field cabbage",NA
"1158","Crop Yield (000 Tonnes)","2002","Kale and field cabbage",NA
"1159","Area under Crops (000 Hectares)","2003","Kale and field cabbage",NA
"1160","Crop Yield per Hectare (Tonnes)","2003","Kale and field cabbage",NA
"1161","Crop Yield (000 Tonnes)","2003","Kale and field cabbage",NA
"1162","Area under Crops (000 Hectares)","2004","Kale and field cabbage",NA
"1163","Crop Yield per Hectare (Tonnes)","2004","Kale and field cabbage",NA
"1164","Crop Yield (000 Tonnes)","2004","Kale and field cabbage",NA
"1165","Area under Crops (000 Hectares)","2005","Kale and field cabbage",NA
"1166","Crop Yield per Hectare (Tonnes)","2005","Kale and field cabbage",NA
"1167","Crop Yield (000 Tonnes)","2005","Kale and field cabbage",NA
"1168","Area under Crops (000 Hectares)","2006","Kale and field cabbage",NA
"1169","Crop Yield per Hectare (Tonnes)","2006","Kale and field cabbage",NA
"1170","Crop Yield (000 Tonnes)","2006","Kale and field cabbage",NA
"1171","Area under Crops (000 Hectares)","2007","Kale and field cabbage",NA
"1172","Crop Yield per Hectare (Tonnes)","2007","Kale and field cabbage",NA
"1173","Crop Yield (000 Tonnes)","2007","Kale and field cabbage",NA
