"","Type.of.Milk","Month","value"
"1","All Milk","1980M01",38.2
"2","Whole Milk","1980M01",38.2
"3","Skimmed and Semi-skimmed milk","1980M01",NA
"4","Skimmed Milk","1980M01",NA
"5","Semi-skimmed milk","1980M01",NA
"6","All Milk","1980M02",36.6
"7","Whole Milk","1980M02",36.6
"8","Skimmed and Semi-skimmed milk","1980M02",NA
"9","Skimmed Milk","1980M02",NA
"10","Semi-skimmed milk","1980M02",NA
"11","All Milk","1980M03",38.4
"12","Whole Milk","1980M03",38.4
"13","Skimmed and Semi-skimmed milk","1980M03",NA
"14","Skimmed Milk","1980M03",NA
"15","Semi-skimmed milk","1980M03",NA
"16","All Milk","1980M04",36.8
"17","Whole Milk","1980M04",36.8
"18","Skimmed and Semi-skimmed milk","1980M04",NA
"19","Skimmed Milk","1980M04",NA
"20","Semi-skimmed milk","1980M04",NA
"21","All Milk","1980M05",38.8
"22","Whole Milk","1980M05",38.8
"23","Skimmed and Semi-skimmed milk","1980M05",NA
"24","Skimmed Milk","1980M05",NA
"25","Semi-skimmed milk","1980M05",NA
"26","All Milk","1980M06",37.5
"27","Whole Milk","1980M06",37.5
"28","Skimmed and Semi-skimmed milk","1980M06",NA
"29","Skimmed Milk","1980M06",NA
"30","Semi-skimmed milk","1980M06",NA
"31","All Milk","1980M07",38
"32","Whole Milk","1980M07",38
"33","Skimmed and Semi-skimmed milk","1980M07",NA
"34","Skimmed Milk","1980M07",NA
"35","Semi-skimmed milk","1980M07",NA
"36","All Milk","1980M08",38.2
"37","Whole Milk","1980M08",38.2
"38","Skimmed and Semi-skimmed milk","1980M08",NA
"39","Skimmed Milk","1980M08",NA
"40","Semi-skimmed milk","1980M08",NA
"41","All Milk","1980M09",37.1
"42","Whole Milk","1980M09",37.1
"43","Skimmed and Semi-skimmed milk","1980M09",NA
"44","Skimmed Milk","1980M09",NA
"45","Semi-skimmed milk","1980M09",NA
"46","All Milk","1980M10",37.5
"47","Whole Milk","1980M10",37.5
"48","Skimmed and Semi-skimmed milk","1980M10",NA
"49","Skimmed Milk","1980M10",NA
"50","Semi-skimmed milk","1980M10",NA
"51","All Milk","1980M11",36.8
"52","Whole Milk","1980M11",36.8
"53","Skimmed and Semi-skimmed milk","1980M11",NA
"54","Skimmed Milk","1980M11",NA
"55","Semi-skimmed milk","1980M11",NA
"56","All Milk","1980M12",37.3
"57","Whole Milk","1980M12",37.3
"58","Skimmed and Semi-skimmed milk","1980M12",NA
"59","Skimmed Milk","1980M12",NA
"60","Semi-skimmed milk","1980M12",NA
"61","All Milk","1981M01",39
"62","Whole Milk","1981M01",39
"63","Skimmed and Semi-skimmed milk","1981M01",NA
"64","Skimmed Milk","1981M01",NA
"65","Semi-skimmed milk","1981M01",NA
"66","All Milk","1981M02",36.3
"67","Whole Milk","1981M02",36.3
"68","Skimmed and Semi-skimmed milk","1981M02",NA
"69","Skimmed Milk","1981M02",NA
"70","Semi-skimmed milk","1981M02",NA
"71","All Milk","1981M03",39.8
"72","Whole Milk","1981M03",39.8
"73","Skimmed and Semi-skimmed milk","1981M03",NA
"74","Skimmed Milk","1981M03",NA
"75","Semi-skimmed milk","1981M03",NA
"76","All Milk","1981M04",39.6
"77","Whole Milk","1981M04",39.6
"78","Skimmed and Semi-skimmed milk","1981M04",NA
"79","Skimmed Milk","1981M04",NA
"80","Semi-skimmed milk","1981M04",NA
"81","All Milk","1981M05",39.5
"82","Whole Milk","1981M05",39.5
"83","Skimmed and Semi-skimmed milk","1981M05",NA
"84","Skimmed Milk","1981M05",NA
"85","Semi-skimmed milk","1981M05",NA
"86","All Milk","1981M06",38.8
"87","Whole Milk","1981M06",38.8
"88","Skimmed and Semi-skimmed milk","1981M06",NA
"89","Skimmed Milk","1981M06",NA
"90","Semi-skimmed milk","1981M06",NA
"91","All Milk","1981M07",40.1
"92","Whole Milk","1981M07",40.1
"93","Skimmed and Semi-skimmed milk","1981M07",NA
"94","Skimmed Milk","1981M07",NA
"95","Semi-skimmed milk","1981M07",NA
"96","All Milk","1981M08",40.1
"97","Whole Milk","1981M08",40.1
"98","Skimmed and Semi-skimmed milk","1981M08",NA
"99","Skimmed Milk","1981M08",NA
"100","Semi-skimmed milk","1981M08",NA
"101","All Milk","1981M09",39.6
"102","Whole Milk","1981M09",39.6
"103","Skimmed and Semi-skimmed milk","1981M09",NA
"104","Skimmed Milk","1981M09",NA
"105","Semi-skimmed milk","1981M09",NA
"106","All Milk","1981M10",38.8
"107","Whole Milk","1981M10",38.8
"108","Skimmed and Semi-skimmed milk","1981M10",NA
"109","Skimmed Milk","1981M10",NA
"110","Semi-skimmed milk","1981M10",NA
"111","All Milk","1981M11",38.8
"112","Whole Milk","1981M11",38.8
"113","Skimmed and Semi-skimmed milk","1981M11",NA
"114","Skimmed Milk","1981M11",NA
"115","Semi-skimmed milk","1981M11",NA
"116","All Milk","1981M12",39.3
"117","Whole Milk","1981M12",39.3
"118","Skimmed and Semi-skimmed milk","1981M12",NA
"119","Skimmed Milk","1981M12",NA
"120","Semi-skimmed milk","1981M12",NA
"121","All Milk","1982M01",40.3
"122","Whole Milk","1982M01",40.3
"123","Skimmed and Semi-skimmed milk","1982M01",NA
"124","Skimmed Milk","1982M01",NA
"125","Semi-skimmed milk","1982M01",NA
"126","All Milk","1982M02",39.2
"127","Whole Milk","1982M02",39.2
"128","Skimmed and Semi-skimmed milk","1982M02",NA
"129","Skimmed Milk","1982M02",NA
"130","Semi-skimmed milk","1982M02",NA
"131","All Milk","1982M03",43.4
"132","Whole Milk","1982M03",43.4
"133","Skimmed and Semi-skimmed milk","1982M03",NA
"134","Skimmed Milk","1982M03",NA
"135","Semi-skimmed milk","1982M03",NA
"136","All Milk","1982M04",42.5
"137","Whole Milk","1982M04",42.5
"138","Skimmed and Semi-skimmed milk","1982M04",NA
"139","Skimmed Milk","1982M04",NA
"140","Semi-skimmed milk","1982M04",NA
"141","All Milk","1982M05",43.1
"142","Whole Milk","1982M05",43.1
"143","Skimmed and Semi-skimmed milk","1982M05",NA
"144","Skimmed Milk","1982M05",NA
"145","Semi-skimmed milk","1982M05",NA
"146","All Milk","1982M06",41.4
"147","Whole Milk","1982M06",41.4
"148","Skimmed and Semi-skimmed milk","1982M06",NA
"149","Skimmed Milk","1982M06",NA
"150","Semi-skimmed milk","1982M06",NA
"151","All Milk","1982M07",42.7
"152","Whole Milk","1982M07",42.7
"153","Skimmed and Semi-skimmed milk","1982M07",NA
"154","Skimmed Milk","1982M07",NA
"155","Semi-skimmed milk","1982M07",NA
"156","All Milk","1982M08",41.7
"157","Whole Milk","1982M08",41.7
"158","Skimmed and Semi-skimmed milk","1982M08",NA
"159","Skimmed Milk","1982M08",NA
"160","Semi-skimmed milk","1982M08",NA
"161","All Milk","1982M09",42.2
"162","Whole Milk","1982M09",42.2
"163","Skimmed and Semi-skimmed milk","1982M09",NA
"164","Skimmed Milk","1982M09",NA
"165","Semi-skimmed milk","1982M09",NA
"166","All Milk","1982M10",42.9
"167","Whole Milk","1982M10",42.9
"168","Skimmed and Semi-skimmed milk","1982M10",NA
"169","Skimmed Milk","1982M10",NA
"170","Semi-skimmed milk","1982M10",NA
"171","All Milk","1982M11",42
"172","Whole Milk","1982M11",42
"173","Skimmed and Semi-skimmed milk","1982M11",NA
"174","Skimmed Milk","1982M11",NA
"175","Semi-skimmed milk","1982M11",NA
"176","All Milk","1982M12",41.1
"177","Whole Milk","1982M12",41.1
"178","Skimmed and Semi-skimmed milk","1982M12",NA
"179","Skimmed Milk","1982M12",NA
"180","Semi-skimmed milk","1982M12",NA
"181","All Milk","1983M01",42
"182","Whole Milk","1983M01",42
"183","Skimmed and Semi-skimmed milk","1983M01",NA
"184","Skimmed Milk","1983M01",NA
"185","Semi-skimmed milk","1983M01",NA
"186","All Milk","1983M02",39.3
"187","Whole Milk","1983M02",39.3
"188","Skimmed and Semi-skimmed milk","1983M02",NA
"189","Skimmed Milk","1983M02",NA
"190","Semi-skimmed milk","1983M02",NA
"191","All Milk","1983M03",43.5
"192","Whole Milk","1983M03",43.5
"193","Skimmed and Semi-skimmed milk","1983M03",NA
"194","Skimmed Milk","1983M03",NA
"195","Semi-skimmed milk","1983M03",NA
"196","All Milk","1983M04",42.3
"197","Whole Milk","1983M04",42.3
"198","Skimmed and Semi-skimmed milk","1983M04",NA
"199","Skimmed Milk","1983M04",NA
"200","Semi-skimmed milk","1983M04",NA
"201","All Milk","1983M05",43.4
"202","Whole Milk","1983M05",43.4
"203","Skimmed and Semi-skimmed milk","1983M05",NA
"204","Skimmed Milk","1983M05",NA
"205","Semi-skimmed milk","1983M05",NA
"206","All Milk","1983M06",42.4
"207","Whole Milk","1983M06",42.4
"208","Skimmed and Semi-skimmed milk","1983M06",NA
"209","Skimmed Milk","1983M06",NA
"210","Semi-skimmed milk","1983M06",NA
"211","All Milk","1983M07",44.1
"212","Whole Milk","1983M07",44.1
"213","Skimmed and Semi-skimmed milk","1983M07",NA
"214","Skimmed Milk","1983M07",NA
"215","Semi-skimmed milk","1983M07",NA
"216","All Milk","1983M08",43.4
"217","Whole Milk","1983M08",43.4
"218","Skimmed and Semi-skimmed milk","1983M08",NA
"219","Skimmed Milk","1983M08",NA
"220","Semi-skimmed milk","1983M08",NA
"221","All Milk","1983M09",42.1
"222","Whole Milk","1983M09",42.1
"223","Skimmed and Semi-skimmed milk","1983M09",NA
"224","Skimmed Milk","1983M09",NA
"225","Semi-skimmed milk","1983M09",NA
"226","All Milk","1983M10",42.6
"227","Whole Milk","1983M10",42.6
"228","Skimmed and Semi-skimmed milk","1983M10",NA
"229","Skimmed Milk","1983M10",NA
"230","Semi-skimmed milk","1983M10",NA
"231","All Milk","1983M11",41.8
"232","Whole Milk","1983M11",41.8
"233","Skimmed and Semi-skimmed milk","1983M11",NA
"234","Skimmed Milk","1983M11",NA
"235","Semi-skimmed milk","1983M11",NA
"236","All Milk","1983M12",41.5
"237","Whole Milk","1983M12",41.5
"238","Skimmed and Semi-skimmed milk","1983M12",NA
"239","Skimmed Milk","1983M12",NA
"240","Semi-skimmed milk","1983M12",NA
"241","All Milk","1984M01",42.4
"242","Whole Milk","1984M01",42.4
"243","Skimmed and Semi-skimmed milk","1984M01",NA
"244","Skimmed Milk","1984M01",NA
"245","Semi-skimmed milk","1984M01",NA
"246","All Milk","1984M02",41.2
"247","Whole Milk","1984M02",41.2
"248","Skimmed and Semi-skimmed milk","1984M02",NA
"249","Skimmed Milk","1984M02",NA
"250","Semi-skimmed milk","1984M02",NA
"251","All Milk","1984M03",45.6
"252","Whole Milk","1984M03",45.6
"253","Skimmed and Semi-skimmed milk","1984M03",NA
"254","Skimmed Milk","1984M03",NA
"255","Semi-skimmed milk","1984M03",NA
"256","All Milk","1984M04",41.8
"257","Whole Milk","1984M04",41.8
"258","Skimmed and Semi-skimmed milk","1984M04",NA
"259","Skimmed Milk","1984M04",NA
"260","Semi-skimmed milk","1984M04",NA
"261","All Milk","1984M05",44.7
"262","Whole Milk","1984M05",44.7
"263","Skimmed and Semi-skimmed milk","1984M05",NA
"264","Skimmed Milk","1984M05",NA
"265","Semi-skimmed milk","1984M05",NA
"266","All Milk","1984M06",42.6
"267","Whole Milk","1984M06",42.6
"268","Skimmed and Semi-skimmed milk","1984M06",NA
"269","Skimmed Milk","1984M06",NA
"270","Semi-skimmed milk","1984M06",NA
"271","All Milk","1984M07",43.3
"272","Whole Milk","1984M07",43.3
"273","Skimmed and Semi-skimmed milk","1984M07",NA
"274","Skimmed Milk","1984M07",NA
"275","Semi-skimmed milk","1984M07",NA
"276","All Milk","1984M08",43.6
"277","Whole Milk","1984M08",43.6
"278","Skimmed and Semi-skimmed milk","1984M08",NA
"279","Skimmed Milk","1984M08",NA
"280","Semi-skimmed milk","1984M08",NA
"281","All Milk","1984M09",42.3
"282","Whole Milk","1984M09",42.3
"283","Skimmed and Semi-skimmed milk","1984M09",NA
"284","Skimmed Milk","1984M09",NA
"285","Semi-skimmed milk","1984M09",NA
"286","All Milk","1984M10",43.8
"287","Whole Milk","1984M10",43.8
"288","Skimmed and Semi-skimmed milk","1984M10",NA
"289","Skimmed Milk","1984M10",NA
"290","Semi-skimmed milk","1984M10",NA
"291","All Milk","1984M11",42.4
"292","Whole Milk","1984M11",42.4
"293","Skimmed and Semi-skimmed milk","1984M11",NA
"294","Skimmed Milk","1984M11",NA
"295","Semi-skimmed milk","1984M11",NA
"296","All Milk","1984M12",41.9
"297","Whole Milk","1984M12",41.9
"298","Skimmed and Semi-skimmed milk","1984M12",NA
"299","Skimmed Milk","1984M12",NA
"300","Semi-skimmed milk","1984M12",NA
"301","All Milk","1985M01",43.2
"302","Whole Milk","1985M01",42
"303","Skimmed and Semi-skimmed milk","1985M01",NA
"304","Skimmed Milk","1985M01",0.5
"305","Semi-skimmed milk","1985M01",0.6
"306","All Milk","1985M02",40.2
"307","Whole Milk","1985M02",39.2
"308","Skimmed and Semi-skimmed milk","1985M02",NA
"309","Skimmed Milk","1985M02",0.4
"310","Semi-skimmed milk","1985M02",0.7
"311","All Milk","1985M03",43.6
"312","Whole Milk","1985M03",42.4
"313","Skimmed and Semi-skimmed milk","1985M03",NA
"314","Skimmed Milk","1985M03",0.4
"315","Semi-skimmed milk","1985M03",0.8
"316","All Milk","1985M04",42
"317","Whole Milk","1985M04",40.7
"318","Skimmed and Semi-skimmed milk","1985M04",NA
"319","Skimmed Milk","1985M04",0.4
"320","Semi-skimmed milk","1985M04",0.8
"321","All Milk","1985M05",43.8
"322","Whole Milk","1985M05",42.4
"323","Skimmed and Semi-skimmed milk","1985M05",NA
"324","Skimmed Milk","1985M05",0.5
"325","Semi-skimmed milk","1985M05",0.9
"326","All Milk","1985M06",42.1
"327","Whole Milk","1985M06",40.7
"328","Skimmed and Semi-skimmed milk","1985M06",NA
"329","Skimmed Milk","1985M06",0.5
"330","Semi-skimmed milk","1985M06",0.9
"331","All Milk","1985M07",43.7
"332","Whole Milk","1985M07",42.2
"333","Skimmed and Semi-skimmed milk","1985M07",NA
"334","Skimmed Milk","1985M07",0.6
"335","Semi-skimmed milk","1985M07",0.9
"336","All Milk","1985M08",43.3
"337","Whole Milk","1985M08",41.8
"338","Skimmed and Semi-skimmed milk","1985M08",NA
"339","Skimmed Milk","1985M08",0.6
"340","Semi-skimmed milk","1985M08",0.9
"341","All Milk","1985M09",41.2
"342","Whole Milk","1985M09",39.7
"343","Skimmed and Semi-skimmed milk","1985M09",NA
"344","Skimmed Milk","1985M09",0.5
"345","Semi-skimmed milk","1985M09",1
"346","All Milk","1985M10",44.1
"347","Whole Milk","1985M10",42.4
"348","Skimmed and Semi-skimmed milk","1985M10",NA
"349","Skimmed Milk","1985M10",0.5
"350","Semi-skimmed milk","1985M10",1.2
"351","All Milk","1985M11",42.5
"352","Whole Milk","1985M11",40.8
"353","Skimmed and Semi-skimmed milk","1985M11",NA
"354","Skimmed Milk","1985M11",0.5
"355","Semi-skimmed milk","1985M11",1.2
"356","All Milk","1985M12",42.6
"357","Whole Milk","1985M12",41.2
"358","Skimmed and Semi-skimmed milk","1985M12",NA
"359","Skimmed Milk","1985M12",0.5
"360","Semi-skimmed milk","1985M12",0.9
"361","All Milk","1986M01",43.2
"362","Whole Milk","1986M01",41.6
"363","Skimmed and Semi-skimmed milk","1986M01",NA
"364","Skimmed Milk","1986M01",0.5
"365","Semi-skimmed milk","1986M01",1
"366","All Milk","1986M02",40
"367","Whole Milk","1986M02",38.5
"368","Skimmed and Semi-skimmed milk","1986M02",NA
"369","Skimmed Milk","1986M02",0.5
"370","Semi-skimmed milk","1986M02",1
"371","All Milk","1986M03",42.8
"372","Whole Milk","1986M03",41.1
"373","Skimmed and Semi-skimmed milk","1986M03",NA
"374","Skimmed Milk","1986M03",0.5
"375","Semi-skimmed milk","1986M03",1.2
"376","All Milk","1986M04",42.1
"377","Whole Milk","1986M04",40.4
"378","Skimmed and Semi-skimmed milk","1986M04",NA
"379","Skimmed Milk","1986M04",0.5
"380","Semi-skimmed milk","1986M04",1.2
"381","All Milk","1986M05",42.9
"382","Whole Milk","1986M05",41
"383","Skimmed and Semi-skimmed milk","1986M05",NA
"384","Skimmed Milk","1986M05",0.5
"385","Semi-skimmed milk","1986M05",1.4
"386","All Milk","1986M06",40.5
"387","Whole Milk","1986M06",38.8
"388","Skimmed and Semi-skimmed milk","1986M06",NA
"389","Skimmed Milk","1986M06",0.5
"390","Semi-skimmed milk","1986M06",1.3
"391","All Milk","1986M07",42.1
"392","Whole Milk","1986M07",40.4
"393","Skimmed and Semi-skimmed milk","1986M07",NA
"394","Skimmed Milk","1986M07",0.3
"395","Semi-skimmed milk","1986M07",1.4
"396","All Milk","1986M08",41.4
"397","Whole Milk","1986M08",39.6
"398","Skimmed and Semi-skimmed milk","1986M08",NA
"399","Skimmed Milk","1986M08",0.4
"400","Semi-skimmed milk","1986M08",1.4
"401","All Milk","1986M09",41.5
"402","Whole Milk","1986M09",39.4
"403","Skimmed and Semi-skimmed milk","1986M09",NA
"404","Skimmed Milk","1986M09",0.5
"405","Semi-skimmed milk","1986M09",1.6
"406","All Milk","1986M10",43
"407","Whole Milk","1986M10",40.8
"408","Skimmed and Semi-skimmed milk","1986M10",NA
"409","Skimmed Milk","1986M10",0.5
"410","Semi-skimmed milk","1986M10",1.8
"411","All Milk","1986M11",40.7
"412","Whole Milk","1986M11",38.6
"413","Skimmed and Semi-skimmed milk","1986M11",NA
"414","Skimmed Milk","1986M11",0.3
"415","Semi-skimmed milk","1986M11",1.8
"416","All Milk","1986M12",41
"417","Whole Milk","1986M12",38.9
"418","Skimmed and Semi-skimmed milk","1986M12",NA
"419","Skimmed Milk","1986M12",0.4
"420","Semi-skimmed milk","1986M12",1.7
"421","All Milk","1987M01",42.7
"422","Whole Milk","1987M01",40.6
"423","Skimmed and Semi-skimmed milk","1987M01",NA
"424","Skimmed Milk","1987M01",0.3
"425","Semi-skimmed milk","1987M01",1.7
"426","All Milk","1987M02",39.2
"427","Whole Milk","1987M02",37.2
"428","Skimmed and Semi-skimmed milk","1987M02",NA
"429","Skimmed Milk","1987M02",0.4
"430","Semi-skimmed milk","1987M02",1.6
"431","All Milk","1987M03",43.3
"432","Whole Milk","1987M03",41.1
"433","Skimmed and Semi-skimmed milk","1987M03",NA
"434","Skimmed Milk","1987M03",0.4
"435","Semi-skimmed milk","1987M03",1.8
"436","All Milk","1987M04",41.3
"437","Whole Milk","1987M04",39.1
"438","Skimmed and Semi-skimmed milk","1987M04",NA
"439","Skimmed Milk","1987M04",0.4
"440","Semi-skimmed milk","1987M04",1.8
"441","All Milk","1987M05",42.5
"442","Whole Milk","1987M05",40.2
"443","Skimmed and Semi-skimmed milk","1987M05",NA
"444","Skimmed Milk","1987M05",0.4
"445","Semi-skimmed milk","1987M05",1.9
"446","All Milk","1987M06",41.2
"447","Whole Milk","1987M06",38.9
"448","Skimmed and Semi-skimmed milk","1987M06",NA
"449","Skimmed Milk","1987M06",0.4
"450","Semi-skimmed milk","1987M06",1.9
"451","All Milk","1987M07",42.7
"452","Whole Milk","1987M07",40.3
"453","Skimmed and Semi-skimmed milk","1987M07",NA
"454","Skimmed Milk","1987M07",0.5
"455","Semi-skimmed milk","1987M07",2
"456","All Milk","1987M08",41.9
"457","Whole Milk","1987M08",39.3
"458","Skimmed and Semi-skimmed milk","1987M08",NA
"459","Skimmed Milk","1987M08",0.5
"460","Semi-skimmed milk","1987M08",2
"461","All Milk","1987M09",41.4
"462","Whole Milk","1987M09",38.9
"463","Skimmed and Semi-skimmed milk","1987M09",NA
"464","Skimmed Milk","1987M09",0.4
"465","Semi-skimmed milk","1987M09",2.1
"466","All Milk","1987M10",42.3
"467","Whole Milk","1987M10",39.8
"468","Skimmed and Semi-skimmed milk","1987M10",NA
"469","Skimmed Milk","1987M10",0.4
"470","Semi-skimmed milk","1987M10",2.2
"471","All Milk","1987M11",40.6
"472","Whole Milk","1987M11",38.1
"473","Skimmed and Semi-skimmed milk","1987M11",NA
"474","Skimmed Milk","1987M11",0.4
"475","Semi-skimmed milk","1987M11",2.1
"476","All Milk","1987M12",41.2
"477","Whole Milk","1987M12",38.8
"478","Skimmed and Semi-skimmed milk","1987M12",NA
"479","Skimmed Milk","1987M12",0.4
"480","Semi-skimmed milk","1987M12",2.1
"481","All Milk","1988M01",41.3
"482","Whole Milk","1988M01",38.7
"483","Skimmed and Semi-skimmed milk","1988M01",NA
"484","Skimmed Milk","1988M01",0.4
"485","Semi-skimmed milk","1988M01",2.2
"486","All Milk","1988M02",39.6
"487","Whole Milk","1988M02",36.9
"488","Skimmed and Semi-skimmed milk","1988M02",NA
"489","Skimmed Milk","1988M02",0.4
"490","Semi-skimmed milk","1988M02",2.4
"491","All Milk","1988M03",42.4
"492","Whole Milk","1988M03",39.3
"493","Skimmed and Semi-skimmed milk","1988M03",NA
"494","Skimmed Milk","1988M03",0.4
"495","Semi-skimmed milk","1988M03",2.6
"496","All Milk","1988M04",40.8
"497","Whole Milk","1988M04",37.9
"498","Skimmed and Semi-skimmed milk","1988M04",NA
"499","Skimmed Milk","1988M04",0.4
"500","Semi-skimmed milk","1988M04",2.5
"501","All Milk","1988M05",41.7
"502","Whole Milk","1988M05",38.6
"503","Skimmed and Semi-skimmed milk","1988M05",NA
"504","Skimmed Milk","1988M05",0.4
"505","Semi-skimmed milk","1988M05",2.7
"506","All Milk","1988M06",40.8
"507","Whole Milk","1988M06",37.8
"508","Skimmed and Semi-skimmed milk","1988M06",NA
"509","Skimmed Milk","1988M06",0.4
"510","Semi-skimmed milk","1988M06",2.6
"511","All Milk","1988M07",41
"512","Whole Milk","1988M07",38
"513","Skimmed and Semi-skimmed milk","1988M07",NA
"514","Skimmed Milk","1988M07",0.4
"515","Semi-skimmed milk","1988M07",2.6
"516","All Milk","1988M08",40.9
"517","Whole Milk","1988M08",37.9
"518","Skimmed and Semi-skimmed milk","1988M08",NA
"519","Skimmed Milk","1988M08",0.4
"520","Semi-skimmed milk","1988M08",2.7
"521","All Milk","1988M09",41.5
"522","Whole Milk","1988M09",38.2
"523","Skimmed and Semi-skimmed milk","1988M09",NA
"524","Skimmed Milk","1988M09",0.4
"525","Semi-skimmed milk","1988M09",2.9
"526","All Milk","1988M10",41
"527","Whole Milk","1988M10",37.6
"528","Skimmed and Semi-skimmed milk","1988M10",NA
"529","Skimmed Milk","1988M10",0.4
"530","Semi-skimmed milk","1988M10",2.9
"531","All Milk","1988M11",41
"532","Whole Milk","1988M11",37.6
"533","Skimmed and Semi-skimmed milk","1988M11",NA
"534","Skimmed Milk","1988M11",0.4
"535","Semi-skimmed milk","1988M11",3
"536","All Milk","1988M12",41.6
"537","Whole Milk","1988M12",38.1
"538","Skimmed and Semi-skimmed milk","1988M12",NA
"539","Skimmed Milk","1988M12",0.3
"540","Semi-skimmed milk","1988M12",3.1
"541","All Milk","1989M01",40.8
"542","Whole Milk","1989M01",37.4
"543","Skimmed and Semi-skimmed milk","1989M01",NA
"544","Skimmed Milk","1989M01",0.4
"545","Semi-skimmed milk","1989M01",3
"546","All Milk","1989M02",38.5
"547","Whole Milk","1989M02",35.2
"548","Skimmed and Semi-skimmed milk","1989M02",NA
"549","Skimmed Milk","1989M02",0.4
"550","Semi-skimmed milk","1989M02",3
"551","All Milk","1989M03",43.2
"552","Whole Milk","1989M03",39.3
"553","Skimmed and Semi-skimmed milk","1989M03",NA
"554","Skimmed Milk","1989M03",0.4
"555","Semi-skimmed milk","1989M03",3.5
"556","All Milk","1989M04",40.4
"557","Whole Milk","1989M04",36.8
"558","Skimmed and Semi-skimmed milk","1989M04",NA
"559","Skimmed Milk","1989M04",0.4
"560","Semi-skimmed milk","1989M04",3.3
"561","All Milk","1989M05",41.8
"562","Whole Milk","1989M05",38
"563","Skimmed and Semi-skimmed milk","1989M05",NA
"564","Skimmed Milk","1989M05",0.4
"565","Semi-skimmed milk","1989M05",3.4
"566","All Milk","1989M06",42.9
"567","Whole Milk","1989M06",38.9
"568","Skimmed and Semi-skimmed milk","1989M06",NA
"569","Skimmed Milk","1989M06",0.4
"570","Semi-skimmed milk","1989M06",3.5
"571","All Milk","1989M07",41.7
"572","Whole Milk","1989M07",38.1
"573","Skimmed and Semi-skimmed milk","1989M07",NA
"574","Skimmed Milk","1989M07",0.4
"575","Semi-skimmed milk","1989M07",3.3
"576","All Milk","1989M08",42
"577","Whole Milk","1989M08",38.3
"578","Skimmed and Semi-skimmed milk","1989M08",NA
"579","Skimmed Milk","1989M08",0.4
"580","Semi-skimmed milk","1989M08",3.3
"581","All Milk","1989M09",43.6
"582","Whole Milk","1989M09",39.5
"583","Skimmed and Semi-skimmed milk","1989M09",NA
"584","Skimmed Milk","1989M09",0.4
"585","Semi-skimmed milk","1989M09",3.7
"586","All Milk","1989M10",41.2
"587","Whole Milk","1989M10",37.2
"588","Skimmed and Semi-skimmed milk","1989M10",NA
"589","Skimmed Milk","1989M10",0.4
"590","Semi-skimmed milk","1989M10",3.6
"591","All Milk","1989M11",40
"592","Whole Milk","1989M11",36.2
"593","Skimmed and Semi-skimmed milk","1989M11",NA
"594","Skimmed Milk","1989M11",0.4
"595","Semi-skimmed milk","1989M11",3.5
"596","All Milk","1989M12",42.4
"597","Whole Milk","1989M12",38.3
"598","Skimmed and Semi-skimmed milk","1989M12",NA
"599","Skimmed Milk","1989M12",0.4
"600","Semi-skimmed milk","1989M12",3.7
"601","All Milk","1990M01",40.2
"602","Whole Milk","1990M01",36.3
"603","Skimmed and Semi-skimmed milk","1990M01",NA
"604","Skimmed Milk","1990M01",0.4
"605","Semi-skimmed milk","1990M01",3.5
"606","All Milk","1990M02",38.7
"607","Whole Milk","1990M02",34.9
"608","Skimmed and Semi-skimmed milk","1990M02",NA
"609","Skimmed Milk","1990M02",0.4
"610","Semi-skimmed milk","1990M02",3.5
"611","All Milk","1990M03",44.2
"612","Whole Milk","1990M03",39.7
"613","Skimmed and Semi-skimmed milk","1990M03",NA
"614","Skimmed Milk","1990M03",0.4
"615","Semi-skimmed milk","1990M03",4.1
"616","All Milk","1990M04",40.4
"617","Whole Milk","1990M04",36.4
"618","Skimmed and Semi-skimmed milk","1990M04",NA
"619","Skimmed Milk","1990M04",0.4
"620","Semi-skimmed milk","1990M04",3.6
"621","All Milk","1990M05",41.9
"622","Whole Milk","1990M05",37.6
"623","Skimmed and Semi-skimmed milk","1990M05",NA
"624","Skimmed Milk","1990M05",0.4
"625","Semi-skimmed milk","1990M05",3.9
"626","All Milk","1990M06",43.2
"627","Whole Milk","1990M06",38.8
"628","Skimmed and Semi-skimmed milk","1990M06",NA
"629","Skimmed Milk","1990M06",0.4
"630","Semi-skimmed milk","1990M06",4
"631","All Milk","1990M07",41.9
"632","Whole Milk","1990M07",37.7
"633","Skimmed and Semi-skimmed milk","1990M07",NA
"634","Skimmed Milk","1990M07",0.4
"635","Semi-skimmed milk","1990M07",3.8
"636","All Milk","1990M08",42.3
"637","Whole Milk","1990M08",38.1
"638","Skimmed and Semi-skimmed milk","1990M08",NA
"639","Skimmed Milk","1990M08",0.4
"640","Semi-skimmed milk","1990M08",3.8
"641","All Milk","1990M09",43.6
"642","Whole Milk","1990M09",39
"643","Skimmed and Semi-skimmed milk","1990M09",NA
"644","Skimmed Milk","1990M09",0.4
"645","Semi-skimmed milk","1990M09",4.2
"646","All Milk","1990M10",42.1
"647","Whole Milk","1990M10",37.6
"648","Skimmed and Semi-skimmed milk","1990M10",NA
"649","Skimmed Milk","1990M10",0.4
"650","Semi-skimmed milk","1990M10",4.1
"651","All Milk","1990M11",40.6
"652","Whole Milk","1990M11",36.2
"653","Skimmed and Semi-skimmed milk","1990M11",NA
"654","Skimmed Milk","1990M11",0.4
"655","Semi-skimmed milk","1990M11",4
"656","All Milk","1990M12",40.8
"657","Whole Milk","1990M12",36.6
"658","Skimmed and Semi-skimmed milk","1990M12",NA
"659","Skimmed Milk","1990M12",0.4
"660","Semi-skimmed milk","1990M12",3.8
"661","All Milk","1991M01",40.8
"662","Whole Milk","1991M01",36.4
"663","Skimmed and Semi-skimmed milk","1991M01",NA
"664","Skimmed Milk","1991M01",0.4
"665","Semi-skimmed milk","1991M01",4
"666","All Milk","1991M02",39.3
"667","Whole Milk","1991M02",35
"668","Skimmed and Semi-skimmed milk","1991M02",NA
"669","Skimmed Milk","1991M02",0.4
"670","Semi-skimmed milk","1991M02",3.9
"671","All Milk","1991M03",44
"672","Whole Milk","1991M03",39.1
"673","Skimmed and Semi-skimmed milk","1991M03",NA
"674","Skimmed Milk","1991M03",0.5
"675","Semi-skimmed milk","1991M03",4.4
"676","All Milk","1991M04",41
"677","Whole Milk","1991M04",36.5
"678","Skimmed and Semi-skimmed milk","1991M04",NA
"679","Skimmed Milk","1991M04",0.4
"680","Semi-skimmed milk","1991M04",4.1
"681","All Milk","1991M05",42.5
"682","Whole Milk","1991M05",37.8
"683","Skimmed and Semi-skimmed milk","1991M05",NA
"684","Skimmed Milk","1991M05",0.4
"685","Semi-skimmed milk","1991M05",4.3
"686","All Milk","1991M06",44
"687","Whole Milk","1991M06",39.3
"688","Skimmed and Semi-skimmed milk","1991M06",NA
"689","Skimmed Milk","1991M06",0.4
"690","Semi-skimmed milk","1991M06",4.3
"691","All Milk","1991M07",42.3
"692","Whole Milk","1991M07",37.6
"693","Skimmed and Semi-skimmed milk","1991M07",NA
"694","Skimmed Milk","1991M07",0.4
"695","Semi-skimmed milk","1991M07",4.3
"696","All Milk","1991M08",42.3
"697","Whole Milk","1991M08",37.7
"698","Skimmed and Semi-skimmed milk","1991M08",NA
"699","Skimmed Milk","1991M08",0.4
"700","Semi-skimmed milk","1991M08",4.2
"701","All Milk","1991M09",43.5
"702","Whole Milk","1991M09",38.4
"703","Skimmed and Semi-skimmed milk","1991M09",NA
"704","Skimmed Milk","1991M09",0.4
"705","Semi-skimmed milk","1991M09",4.7
"706","All Milk","1991M10",41.7
"707","Whole Milk","1991M10",36.8
"708","Skimmed and Semi-skimmed milk","1991M10",NA
"709","Skimmed Milk","1991M10",0.4
"710","Semi-skimmed milk","1991M10",4.5
"711","All Milk","1991M11",41
"712","Whole Milk","1991M11",36.1
"713","Skimmed and Semi-skimmed milk","1991M11",NA
"714","Skimmed Milk","1991M11",0.4
"715","Semi-skimmed milk","1991M11",4.5
"716","All Milk","1991M12",43.1
"717","Whole Milk","1991M12",37.9
"718","Skimmed and Semi-skimmed milk","1991M12",NA
"719","Skimmed Milk","1991M12",0.4
"720","Semi-skimmed milk","1991M12",4.8
"721","All Milk","1992M01",43.3
"722","Whole Milk","1992M01",37.2
"723","Skimmed and Semi-skimmed milk","1992M01",6.1
"724","Skimmed Milk","1992M01",0.5
"725","Semi-skimmed milk","1992M01",5.5
"726","All Milk","1992M02",41.3
"727","Whole Milk","1992M02",35.3
"728","Skimmed and Semi-skimmed milk","1992M02",6
"729","Skimmed Milk","1992M02",0.6
"730","Semi-skimmed milk","1992M02",5.5
"731","All Milk","1992M03",46.6
"732","Whole Milk","1992M03",39.5
"733","Skimmed and Semi-skimmed milk","1992M03",7.1
"734","Skimmed Milk","1992M03",0.6
"735","Semi-skimmed milk","1992M03",6.4
"736","All Milk","1992M04",42.4
"737","Whole Milk","1992M04",36
"738","Skimmed and Semi-skimmed milk","1992M04",6.4
"739","Skimmed Milk","1992M04",0.5
"740","Semi-skimmed milk","1992M04",5.9
"741","All Milk","1992M05",43.6
"742","Whole Milk","1992M05",37.1
"743","Skimmed and Semi-skimmed milk","1992M05",6.6
"744","Skimmed Milk","1992M05",0.6
"745","Semi-skimmed milk","1992M05",6
"746","All Milk","1992M06",44.5
"747","Whole Milk","1992M06",37.9
"748","Skimmed and Semi-skimmed milk","1992M06",6.6
"749","Skimmed Milk","1992M06",0.6
"750","Semi-skimmed milk","1992M06",6
"751","All Milk","1992M07",43.4
"752","Whole Milk","1992M07",37.1
"753","Skimmed and Semi-skimmed milk","1992M07",6.3
"754","Skimmed Milk","1992M07",0.5
"755","Semi-skimmed milk","1992M07",5.8
"756","All Milk","1992M08",43.5
"757","Whole Milk","1992M08",37.3
"758","Skimmed and Semi-skimmed milk","1992M08",6.2
"759","Skimmed Milk","1992M08",0.5
"760","Semi-skimmed milk","1992M08",5.7
"761","All Milk","1992M09",45.8
"762","Whole Milk","1992M09",38.9
"763","Skimmed and Semi-skimmed milk","1992M09",6.9
"764","Skimmed Milk","1992M09",0.6
"765","Semi-skimmed milk","1992M09",6.3
"766","All Milk","1992M10",43.5
"767","Whole Milk","1992M10",37
"768","Skimmed and Semi-skimmed milk","1992M10",6.5
"769","Skimmed Milk","1992M10",0.6
"770","Semi-skimmed milk","1992M10",6
"771","All Milk","1992M11",42.3
"772","Whole Milk","1992M11",35.9
"773","Skimmed and Semi-skimmed milk","1992M11",6.4
"774","Skimmed Milk","1992M11",0.6
"775","Semi-skimmed milk","1992M11",5.9
"776","All Milk","1992M12",45
"777","Whole Milk","1992M12",38.2
"778","Skimmed and Semi-skimmed milk","1992M12",6.9
"779","Skimmed Milk","1992M12",0.5
"780","Semi-skimmed milk","1992M12",6.3
"781","All Milk","1993M01",42.1
"782","Whole Milk","1993M01",35.7
"783","Skimmed and Semi-skimmed milk","1993M01",6.4
"784","Skimmed Milk","1993M01",0.5
"785","Semi-skimmed milk","1993M01",5.9
"786","All Milk","1993M02",41
"787","Whole Milk","1993M02",34.8
"788","Skimmed and Semi-skimmed milk","1993M02",6.3
"789","Skimmed Milk","1993M02",0.6
"790","Semi-skimmed milk","1993M02",5.7
"791","All Milk","1993M03",46.8
"792","Whole Milk","1993M03",39.5
"793","Skimmed and Semi-skimmed milk","1993M03",7.3
"794","Skimmed Milk","1993M03",0.6
"795","Semi-skimmed milk","1993M03",6.7
"796","All Milk","1993M04",43.1
"797","Whole Milk","1993M04",36.4
"798","Skimmed and Semi-skimmed milk","1993M04",6.7
"799","Skimmed Milk","1993M04",0.6
"800","Semi-skimmed milk","1993M04",6.1
"801","All Milk","1993M05",43.5
"802","Whole Milk","1993M05",36.8
"803","Skimmed and Semi-skimmed milk","1993M05",6.7
"804","Skimmed Milk","1993M05",0.6
"805","Semi-skimmed milk","1993M05",6.1
"806","All Milk","1993M06",45.7
"807","Whole Milk","1993M06",38.6
"808","Skimmed and Semi-skimmed milk","1993M06",7.1
"809","Skimmed Milk","1993M06",0.6
"810","Semi-skimmed milk","1993M06",6.5
"811","All Milk","1993M07",43.8
"812","Whole Milk","1993M07",37.2
"813","Skimmed and Semi-skimmed milk","1993M07",6.6
"814","Skimmed Milk","1993M07",0.5
"815","Semi-skimmed milk","1993M07",6
"816","All Milk","1993M08",43.1
"817","Whole Milk","1993M08",36.6
"818","Skimmed and Semi-skimmed milk","1993M08",6.6
"819","Skimmed Milk","1993M08",0.5
"820","Semi-skimmed milk","1993M08",6.1
"821","All Milk","1993M09",46
"822","Whole Milk","1993M09",38.8
"823","Skimmed and Semi-skimmed milk","1993M09",7.2
"824","Skimmed Milk","1993M09",0.6
"825","Semi-skimmed milk","1993M09",6.7
"826","All Milk","1993M10",43.5
"827","Whole Milk","1993M10",36.7
"828","Skimmed and Semi-skimmed milk","1993M10",6.8
"829","Skimmed Milk","1993M10",0.5
"830","Semi-skimmed milk","1993M10",6.3
"831","All Milk","1993M11",43.5
"832","Whole Milk","1993M11",36.6
"833","Skimmed and Semi-skimmed milk","1993M11",6.9
"834","Skimmed Milk","1993M11",0.6
"835","Semi-skimmed milk","1993M11",6.3
"836","All Milk","1993M12",46.4
"837","Whole Milk","1993M12",39.2
"838","Skimmed and Semi-skimmed milk","1993M12",7.2
"839","Skimmed Milk","1993M12",0.6
"840","Semi-skimmed milk","1993M12",6.7
"841","All Milk","1994M01",42.9
"842","Whole Milk","1994M01",36.2
"843","Skimmed and Semi-skimmed milk","1994M01",6.7
"844","Skimmed Milk","1994M01",0.5
"845","Semi-skimmed milk","1994M01",6.2
"846","All Milk","1994M02",41
"847","Whole Milk","1994M02",34.5
"848","Skimmed and Semi-skimmed milk","1994M02",6.6
"849","Skimmed Milk","1994M02",0.5
"850","Semi-skimmed milk","1994M02",6
"851","All Milk","1994M03",47
"852","Whole Milk","1994M03",39.5
"853","Skimmed and Semi-skimmed milk","1994M03",7.5
"854","Skimmed Milk","1994M03",0.7
"855","Semi-skimmed milk","1994M03",6.9
"856","All Milk","1994M04",43.2
"857","Whole Milk","1994M04",36.5
"858","Skimmed and Semi-skimmed milk","1994M04",6.7
"859","Skimmed Milk","1994M04",0.6
"860","Semi-skimmed milk","1994M04",6.1
"861","All Milk","1994M05",43.4
"862","Whole Milk","1994M05",36.5
"863","Skimmed and Semi-skimmed milk","1994M05",6.9
"864","Skimmed Milk","1994M05",0.6
"865","Semi-skimmed milk","1994M05",6.3
"866","All Milk","1994M06",44.9
"867","Whole Milk","1994M06",37.9
"868","Skimmed and Semi-skimmed milk","1994M06",7
"869","Skimmed Milk","1994M06",0.7
"870","Semi-skimmed milk","1994M06",6.3
"871","All Milk","1994M07",43.7
"872","Whole Milk","1994M07",36.9
"873","Skimmed and Semi-skimmed milk","1994M07",6.9
"874","Skimmed Milk","1994M07",0.6
"875","Semi-skimmed milk","1994M07",6.3
"876","All Milk","1994M08",44
"877","Whole Milk","1994M08",37.1
"878","Skimmed and Semi-skimmed milk","1994M08",6.8
"879","Skimmed Milk","1994M08",0.6
"880","Semi-skimmed milk","1994M08",6.2
"881","All Milk","1994M09",46.4
"882","Whole Milk","1994M09",39
"883","Skimmed and Semi-skimmed milk","1994M09",7.4
"884","Skimmed Milk","1994M09",0.6
"885","Semi-skimmed milk","1994M09",6.7
"886","All Milk","1994M10",43.8
"887","Whole Milk","1994M10",36.8
"888","Skimmed and Semi-skimmed milk","1994M10",7.1
"889","Skimmed Milk","1994M10",0.6
"890","Semi-skimmed milk","1994M10",6.4
"891","All Milk","1994M11",42.4
"892","Whole Milk","1994M11",35.6
"893","Skimmed and Semi-skimmed milk","1994M11",6.9
"894","Skimmed Milk","1994M11",0.6
"895","Semi-skimmed milk","1994M11",6.2
"896","All Milk","1994M12",45.6
"897","Whole Milk","1994M12",38.1
"898","Skimmed and Semi-skimmed milk","1994M12",7.4
"899","Skimmed Milk","1994M12",0.6
"900","Semi-skimmed milk","1994M12",6.8
"901","All Milk","1995M01",41.9
"902","Whole Milk","1995M01",35.2
"903","Skimmed and Semi-skimmed milk","1995M01",6.7
"904","Skimmed Milk","1995M01",0.6
"905","Semi-skimmed milk","1995M01",6.1
"906","All Milk","1995M02",41.4
"907","Whole Milk","1995M02",34.6
"908","Skimmed and Semi-skimmed milk","1995M02",6.8
"909","Skimmed Milk","1995M02",0.7
"910","Semi-skimmed milk","1995M02",6.1
"911","All Milk","1995M03",46.7
"912","Whole Milk","1995M03",39.1
"913","Skimmed and Semi-skimmed milk","1995M03",7.7
"914","Skimmed Milk","1995M03",0.7
"915","Semi-skimmed milk","1995M03",6.9
"916","All Milk","1995M04",42.5
"917","Whole Milk","1995M04",35.6
"918","Skimmed and Semi-skimmed milk","1995M04",6.9
"919","Skimmed Milk","1995M04",0.7
"920","Semi-skimmed milk","1995M04",6.3
"921","All Milk","1995M05",44.3
"922","Whole Milk","1995M05",37.1
"923","Skimmed and Semi-skimmed milk","1995M05",7.2
"924","Skimmed Milk","1995M05",0.7
"925","Semi-skimmed milk","1995M05",6.5
"926","All Milk","1995M06",45.7
"927","Whole Milk","1995M06",38.3
"928","Skimmed and Semi-skimmed milk","1995M06",7.3
"929","Skimmed Milk","1995M06",0.7
"930","Semi-skimmed milk","1995M06",6.6
"931","All Milk","1995M07",43.8
"932","Whole Milk","1995M07",36.9
"933","Skimmed and Semi-skimmed milk","1995M07",6.9
"934","Skimmed Milk","1995M07",0.7
"935","Semi-skimmed milk","1995M07",6.2
"936","All Milk","1995M08",45.3
"937","Whole Milk","1995M08",38.2
"938","Skimmed and Semi-skimmed milk","1995M08",7.1
"939","Skimmed Milk","1995M08",0.7
"940","Semi-skimmed milk","1995M08",6.5
"941","All Milk","1995M09",46.8
"942","Whole Milk","1995M09",39.1
"943","Skimmed and Semi-skimmed milk","1995M09",7.6
"944","Skimmed Milk","1995M09",0.8
"945","Semi-skimmed milk","1995M09",6.9
"946","All Milk","1995M10",43.7
"947","Whole Milk","1995M10",36.5
"948","Skimmed and Semi-skimmed milk","1995M10",7.2
"949","Skimmed Milk","1995M10",0.8
"950","Semi-skimmed milk","1995M10",6.4
"951","All Milk","1995M11",43.6
"952","Whole Milk","1995M11",36.4
"953","Skimmed and Semi-skimmed milk","1995M11",7.1
"954","Skimmed Milk","1995M11",0.7
"955","Semi-skimmed milk","1995M11",6.4
"956","All Milk","1995M12",45.6
"957","Whole Milk","1995M12",38.1
"958","Skimmed and Semi-skimmed milk","1995M12",7.5
"959","Skimmed Milk","1995M12",0.7
"960","Semi-skimmed milk","1995M12",6.8
"961","All Milk","1996M01",42
"962","Whole Milk","1996M01",35.1
"963","Skimmed and Semi-skimmed milk","1996M01",6.9
"964","Skimmed Milk","1996M01",0.7
"965","Semi-skimmed milk","1996M01",6.2
"966","All Milk","1996M02",43.3
"967","Whole Milk","1996M02",35.9
"968","Skimmed and Semi-skimmed milk","1996M02",7.4
"969","Skimmed Milk","1996M02",0.8
"970","Semi-skimmed milk","1996M02",6.6
"971","All Milk","1996M03",46.5
"972","Whole Milk","1996M03",38.6
"973","Skimmed and Semi-skimmed milk","1996M03",7.9
"974","Skimmed Milk","1996M03",0.9
"975","Semi-skimmed milk","1996M03",7
"976","All Milk","1996M04",42.7
"977","Whole Milk","1996M04",35.5
"978","Skimmed and Semi-skimmed milk","1996M04",7.3
"979","Skimmed Milk","1996M04",0.8
"980","Semi-skimmed milk","1996M04",6.5
"981","All Milk","1996M05",45.1
"982","Whole Milk","1996M05",37.5
"983","Skimmed and Semi-skimmed milk","1996M05",7.6
"984","Skimmed Milk","1996M05",0.8
"985","Semi-skimmed milk","1996M05",6.8
"986","All Milk","1996M06",45
"987","Whole Milk","1996M06",37.5
"988","Skimmed and Semi-skimmed milk","1996M06",7.5
"989","Skimmed Milk","1996M06",0.9
"990","Semi-skimmed milk","1996M06",6.6
"991","All Milk","1996M07",44.1
"992","Whole Milk","1996M07",36.8
"993","Skimmed and Semi-skimmed milk","1996M07",7.3
"994","Skimmed Milk","1996M07",0.8
"995","Semi-skimmed milk","1996M07",6.5
"996","All Milk","1996M08",47.6
"997","Whole Milk","1996M08",39.8
"998","Skimmed and Semi-skimmed milk","1996M08",7.8
"999","Skimmed Milk","1996M08",0.8
"1000","Semi-skimmed milk","1996M08",7
"1001","All Milk","1996M09",46.7
"1002","Whole Milk","1996M09",38.8
"1003","Skimmed and Semi-skimmed milk","1996M09",7.9
"1004","Skimmed Milk","1996M09",0.9
"1005","Semi-skimmed milk","1996M09",7
"1006","All Milk","1996M10",43.6
"1007","Whole Milk","1996M10",36.1
"1008","Skimmed and Semi-skimmed milk","1996M10",7.5
"1009","Skimmed Milk","1996M10",0.8
"1010","Semi-skimmed milk","1996M10",6.7
"1011","All Milk","1996M11",43.7
"1012","Whole Milk","1996M11",36.2
"1013","Skimmed and Semi-skimmed milk","1996M11",7.5
"1014","Skimmed Milk","1996M11",0.8
"1015","Semi-skimmed milk","1996M11",6.7
"1016","All Milk","1996M12",45.6
"1017","Whole Milk","1996M12",37.8
"1018","Skimmed and Semi-skimmed milk","1996M12",7.8
"1019","Skimmed Milk","1996M12",0.8
"1020","Semi-skimmed milk","1996M12",6.9
"1021","All Milk","1997M01",43
"1022","Whole Milk","1997M01",35.7
"1023","Skimmed and Semi-skimmed milk","1997M01",7.3
"1024","Skimmed Milk","1997M01",0.8
"1025","Semi-skimmed milk","1997M01",6.5
"1026","All Milk","1997M02",41.5
"1027","Whole Milk","1997M02",34.3
"1028","Skimmed and Semi-skimmed milk","1997M02",7.2
"1029","Skimmed Milk","1997M02",0.8
"1030","Semi-skimmed milk","1997M02",6.4
"1031","All Milk","1997M03",44.6
"1032","Whole Milk","1997M03",36.9
"1033","Skimmed and Semi-skimmed milk","1997M03",7.8
"1034","Skimmed Milk","1997M03",0.9
"1035","Semi-skimmed milk","1997M03",6.9
"1036","All Milk","1997M04",44.1
"1037","Whole Milk","1997M04",36.3
"1038","Skimmed and Semi-skimmed milk","1997M04",7.8
"1039","Skimmed Milk","1997M04",0.9
"1040","Semi-skimmed milk","1997M04",6.8
"1041","All Milk","1997M05",46
"1042","Whole Milk","1997M05",37.8
"1043","Skimmed and Semi-skimmed milk","1997M05",8.2
"1044","Skimmed Milk","1997M05",1
"1045","Semi-skimmed milk","1997M05",7.2
"1046","All Milk","1997M06",43.5
"1047","Whole Milk","1997M06",35.8
"1048","Skimmed and Semi-skimmed milk","1997M06",7.7
"1049","Skimmed Milk","1997M06",0.9
"1050","Semi-skimmed milk","1997M06",6.7
"1051","All Milk","1997M07",46.1
"1052","Whole Milk","1997M07",38.2
"1053","Skimmed and Semi-skimmed milk","1997M07",7.9
"1054","Skimmed Milk","1997M07",0.9
"1055","Semi-skimmed milk","1997M07",7
"1056","All Milk","1997M08",46.2
"1057","Whole Milk","1997M08",38.3
"1058","Skimmed and Semi-skimmed milk","1997M08",7.9
"1059","Skimmed Milk","1997M08",0.9
"1060","Semi-skimmed milk","1997M08",7
"1061","All Milk","1997M09",44.7
"1062","Whole Milk","1997M09",36.8
"1063","Skimmed and Semi-skimmed milk","1997M09",7.8
"1064","Skimmed Milk","1997M09",1
"1065","Semi-skimmed milk","1997M09",6.9
"1066","All Milk","1997M10",45.6
"1067","Whole Milk","1997M10",37.6
"1068","Skimmed and Semi-skimmed milk","1997M10",8.1
"1069","Skimmed Milk","1997M10",1
"1070","Semi-skimmed milk","1997M10",7.1
"1071","All Milk","1997M11",44
"1072","Whole Milk","1997M11",36.2
"1073","Skimmed and Semi-skimmed milk","1997M11",7.7
"1074","Skimmed Milk","1997M11",0.9
"1075","Semi-skimmed milk","1997M11",6.8
"1076","All Milk","1997M12",43.7
"1077","Whole Milk","1997M12",36.2
"1078","Skimmed and Semi-skimmed milk","1997M12",7.5
"1079","Skimmed Milk","1997M12",0.9
"1080","Semi-skimmed milk","1997M12",6.6
"1081","All Milk","1998M01",44.2
"1082","Whole Milk","1998M01",36.5
"1083","Skimmed and Semi-skimmed milk","1998M01",7.7
"1084","Skimmed Milk","1998M01",1
"1085","Semi-skimmed milk","1998M01",6.7
"1086","All Milk","1998M02",40.9
"1087","Whole Milk","1998M02",33.7
"1088","Skimmed and Semi-skimmed milk","1998M02",7.2
"1089","Skimmed Milk","1998M02",1
"1090","Semi-skimmed milk","1998M02",6.2
"1091","All Milk","1998M03",45.3
"1092","Whole Milk","1998M03",37
"1093","Skimmed and Semi-skimmed milk","1998M03",8.3
"1094","Skimmed Milk","1998M03",1.1
"1095","Semi-skimmed milk","1998M03",7.2
"1096","All Milk","1998M04",44.8
"1097","Whole Milk","1998M04",35.8
"1098","Skimmed and Semi-skimmed milk","1998M04",9
"1099","Skimmed Milk","1998M04",2
"1100","Semi-skimmed milk","1998M04",7
"1101","All Milk","1998M05",45.2
"1102","Whole Milk","1998M05",36.8
"1103","Skimmed and Semi-skimmed milk","1998M05",8.4
"1104","Skimmed Milk","1998M05",1.1
"1105","Semi-skimmed milk","1998M05",7.3
"1106","All Milk","1998M06",44.2
"1107","Whole Milk","1998M06",36.2
"1108","Skimmed and Semi-skimmed milk","1998M06",8
"1109","Skimmed Milk","1998M06",1.1
"1110","Semi-skimmed milk","1998M06",6.9
"1111","All Milk","1998M07",47
"1112","Whole Milk","1998M07",38.4
"1113","Skimmed and Semi-skimmed milk","1998M07",8.6
"1114","Skimmed Milk","1998M07",1.1
"1115","Semi-skimmed milk","1998M07",7.5
"1116","All Milk","1998M08",47.5
"1117","Whole Milk","1998M08",38.8
"1118","Skimmed and Semi-skimmed milk","1998M08",8.6
"1119","Skimmed Milk","1998M08",1.1
"1120","Semi-skimmed milk","1998M08",7.5
"1121","All Milk","1998M09",46.2
"1122","Whole Milk","1998M09",37.7
"1123","Skimmed and Semi-skimmed milk","1998M09",8.5
"1124","Skimmed Milk","1998M09",1.1
"1125","Semi-skimmed milk","1998M09",7.4
"1126","All Milk","1998M10",46.9
"1127","Whole Milk","1998M10",38.2
"1128","Skimmed and Semi-skimmed milk","1998M10",8.7
"1129","Skimmed Milk","1998M10",1.3
"1130","Semi-skimmed milk","1998M10",7.4
"1131","All Milk","1998M11",43.9
"1132","Whole Milk","1998M11",35.8
"1133","Skimmed and Semi-skimmed milk","1998M11",8.1
"1134","Skimmed Milk","1998M11",1
"1135","Semi-skimmed milk","1998M11",7
"1136","All Milk","1998M12",47.1
"1137","Whole Milk","1998M12",38.3
"1138","Skimmed and Semi-skimmed milk","1998M12",8.8
"1139","Skimmed Milk","1998M12",1.1
"1140","Semi-skimmed milk","1998M12",7.7
"1141","All Milk","1999M01",43.8
"1142","Whole Milk","1999M01",35.3
"1143","Skimmed and Semi-skimmed milk","1999M01",8.5
"1144","Skimmed Milk","1999M01",1.1
"1145","Semi-skimmed milk","1999M01",7.4
"1146","All Milk","1999M02",39.7
"1147","Whole Milk","1999M02",32
"1148","Skimmed and Semi-skimmed milk","1999M02",7.7
"1149","Skimmed Milk","1999M02",1
"1150","Semi-skimmed milk","1999M02",6.7
"1151","All Milk","1999M03",45
"1152","Whole Milk","1999M03",36.1
"1153","Skimmed and Semi-skimmed milk","1999M03",8.8
"1154","Skimmed Milk","1999M03",1.2
"1155","Semi-skimmed milk","1999M03",7.6
"1156","All Milk","1999M04",43.8
"1157","Whole Milk","1999M04",35.2
"1158","Skimmed and Semi-skimmed milk","1999M04",8.6
"1159","Skimmed Milk","1999M04",1.2
"1160","Semi-skimmed milk","1999M04",7.4
"1161","All Milk","1999M05",44.5
"1162","Whole Milk","1999M05",35.6
"1163","Skimmed and Semi-skimmed milk","1999M05",8.9
"1164","Skimmed Milk","1999M05",1.2
"1165","Semi-skimmed milk","1999M05",7.7
"1166","All Milk","1999M06",44.6
"1167","Whole Milk","1999M06",35.9
"1168","Skimmed and Semi-skimmed milk","1999M06",8.8
"1169","Skimmed Milk","1999M06",1.2
"1170","Semi-skimmed milk","1999M06",7.6
"1171","All Milk","1999M07",45.4
"1172","Whole Milk","1999M07",36.5
"1173","Skimmed and Semi-skimmed milk","1999M07",8.9
"1174","Skimmed Milk","1999M07",1.2
"1175","Semi-skimmed milk","1999M07",7.7
"1176","All Milk","1999M08",45.7
"1177","Whole Milk","1999M08",36.8
"1178","Skimmed and Semi-skimmed milk","1999M08",8.9
"1179","Skimmed Milk","1999M08",1.2
"1180","Semi-skimmed milk","1999M08",7.8
"1181","All Milk","1999M09",44.1
"1182","Whole Milk","1999M09",35.5
"1183","Skimmed and Semi-skimmed milk","1999M09",8.6
"1184","Skimmed Milk","1999M09",1.2
"1185","Semi-skimmed milk","1999M09",7.5
"1186","All Milk","1999M10",44.9
"1187","Whole Milk","1999M10",36.1
"1188","Skimmed and Semi-skimmed milk","1999M10",8.8
"1189","Skimmed Milk","1999M10",1.2
"1190","Semi-skimmed milk","1999M10",7.6
"1191","All Milk","1999M11",43.8
"1192","Whole Milk","1999M11",35.1
"1193","Skimmed and Semi-skimmed milk","1999M11",8.7
"1194","Skimmed Milk","1999M11",1.2
"1195","Semi-skimmed milk","1999M11",7.5
"1196","All Milk","1999M12",44.6
"1197","Whole Milk","1999M12",35.9
"1198","Skimmed and Semi-skimmed milk","1999M12",8.8
"1199","Skimmed Milk","1999M12",1.2
"1200","Semi-skimmed milk","1999M12",7.6
"1201","All Milk","2000M01",43.4
"1202","Whole Milk","2000M01",35.9
"1203","Skimmed and Semi-skimmed milk","2000M01",7.5
"1204","Skimmed Milk","2000M01",1.2
"1205","Semi-skimmed milk","2000M01",6.3
"1206","All Milk","2000M02",42.1
"1207","Whole Milk","2000M02",33.7
"1208","Skimmed and Semi-skimmed milk","2000M02",8.5
"1209","Skimmed Milk","2000M02",1.2
"1210","Semi-skimmed milk","2000M02",7.2
"1211","All Milk","2000M03",45.9
"1212","Whole Milk","2000M03",36.6
"1213","Skimmed and Semi-skimmed milk","2000M03",9.3
"1214","Skimmed Milk","2000M03",1.4
"1215","Semi-skimmed milk","2000M03",8
"1216","All Milk","2000M04",44.1
"1217","Whole Milk","2000M04",35.1
"1218","Skimmed and Semi-skimmed milk","2000M04",9
"1219","Skimmed Milk","2000M04",1.4
"1220","Semi-skimmed milk","2000M04",7.6
"1221","All Milk","2000M05",45.2
"1222","Whole Milk","2000M05",36
"1223","Skimmed and Semi-skimmed milk","2000M05",9.3
"1224","Skimmed Milk","2000M05",1.4
"1225","Semi-skimmed milk","2000M05",7.8
"1226","All Milk","2000M06",43.9
"1227","Whole Milk","2000M06",35
"1228","Skimmed and Semi-skimmed milk","2000M06",9
"1229","Skimmed Milk","2000M06",1.4
"1230","Semi-skimmed milk","2000M06",7.6
"1231","All Milk","2000M07",45.3
"1232","Whole Milk","2000M07",36.1
"1233","Skimmed and Semi-skimmed milk","2000M07",9.2
"1234","Skimmed Milk","2000M07",1.4
"1235","Semi-skimmed milk","2000M07",7.8
"1236","All Milk","2000M08",45.5
"1237","Whole Milk","2000M08",36.3
"1238","Skimmed and Semi-skimmed milk","2000M08",9.2
"1239","Skimmed Milk","2000M08",1.4
"1240","Semi-skimmed milk","2000M08",7.8
"1241","All Milk","2000M09",43.9
"1242","Whole Milk","2000M09",34.9
"1243","Skimmed and Semi-skimmed milk","2000M09",9
"1244","Skimmed Milk","2000M09",1.4
"1245","Semi-skimmed milk","2000M09",7.6
"1246","All Milk","2000M10",44.7
"1247","Whole Milk","2000M10",35.4
"1248","Skimmed and Semi-skimmed milk","2000M10",9.3
"1249","Skimmed Milk","2000M10",1.4
"1250","Semi-skimmed milk","2000M10",7.8
"1251","All Milk","2000M11",42.5
"1252","Whole Milk","2000M11",33.6
"1253","Skimmed and Semi-skimmed milk","2000M11",8.9
"1254","Skimmed Milk","2000M11",1.4
"1255","Semi-skimmed milk","2000M11",7.5
"1256","All Milk","2000M12",43.7
"1257","Whole Milk","2000M12",34.6
"1258","Skimmed and Semi-skimmed milk","2000M12",9.1
"1259","Skimmed Milk","2000M12",1.3
"1260","Semi-skimmed milk","2000M12",7.7
"1261","All Milk","2001M01",43.4
"1262","Whole Milk","2001M01",34.3
"1263","Skimmed and Semi-skimmed milk","2001M01",9.1
"1264","Skimmed Milk","2001M01",1.4
"1265","Semi-skimmed milk","2001M01",7.7
"1266","All Milk","2001M02",40.4
"1267","Whole Milk","2001M02",31.7
"1268","Skimmed and Semi-skimmed milk","2001M02",8.7
"1269","Skimmed Milk","2001M02",1.4
"1270","Semi-skimmed milk","2001M02",7.3
"1271","All Milk","2001M03",46.5
"1272","Whole Milk","2001M03",36.4
"1273","Skimmed and Semi-skimmed milk","2001M03",10
"1274","Skimmed Milk","2001M03",1.6
"1275","Semi-skimmed milk","2001M03",8.4
"1276","All Milk","2001M04",43.6
"1277","Whole Milk","2001M04",34.1
"1278","Skimmed and Semi-skimmed milk","2001M04",9.5
"1279","Skimmed Milk","2001M04",1.5
"1280","Semi-skimmed milk","2001M04",8
"1281","All Milk","2001M05",46.8
"1282","Whole Milk","2001M05",37.1
"1283","Skimmed and Semi-skimmed milk","2001M05",9.7
"1284","Skimmed Milk","2001M05",1.6
"1285","Semi-skimmed milk","2001M05",8.1
"1286","All Milk","2001M06",45.4
"1287","Whole Milk","2001M06",35.8
"1288","Skimmed and Semi-skimmed milk","2001M06",9.6
"1289","Skimmed Milk","2001M06",1.5
"1290","Semi-skimmed milk","2001M06",8.1
"1291","All Milk","2001M07",46.1
"1292","Whole Milk","2001M07",36.3
"1293","Skimmed and Semi-skimmed milk","2001M07",9.7
"1294","Skimmed Milk","2001M07",1.5
"1295","Semi-skimmed milk","2001M07",8.2
"1296","All Milk","2001M08",46.8
"1297","Whole Milk","2001M08",36.8
"1298","Skimmed and Semi-skimmed milk","2001M08",9.9
"1299","Skimmed Milk","2001M08",1.5
"1300","Semi-skimmed milk","2001M08",8.4
"1301","All Milk","2001M09",45.1
"1302","Whole Milk","2001M09",35.6
"1303","Skimmed and Semi-skimmed milk","2001M09",9.6
"1304","Skimmed Milk","2001M09",1.5
"1305","Semi-skimmed milk","2001M09",8
"1306","All Milk","2001M10",46.8
"1307","Whole Milk","2001M10",36.7
"1308","Skimmed and Semi-skimmed milk","2001M10",10
"1309","Skimmed Milk","2001M10",1.6
"1310","Semi-skimmed milk","2001M10",8.4
"1311","All Milk","2001M11",44.3
"1312","Whole Milk","2001M11",34.9
"1313","Skimmed and Semi-skimmed milk","2001M11",9.4
"1314","Skimmed Milk","2001M11",1.5
"1315","Semi-skimmed milk","2001M11",7.9
"1316","All Milk","2001M12",44.6
"1317","Whole Milk","2001M12",35.2
"1318","Skimmed and Semi-skimmed milk","2001M12",9.4
"1319","Skimmed Milk","2001M12",1.4
"1320","Semi-skimmed milk","2001M12",8
"1321","All Milk","2002M01",46.1
"1322","Whole Milk","2002M01",36.1
"1323","Skimmed and Semi-skimmed milk","2002M01",9.9
"1324","Skimmed Milk","2002M01",1.5
"1325","Semi-skimmed milk","2002M01",8.4
"1326","All Milk","2002M02",42.2
"1327","Whole Milk","2002M02",32.9
"1328","Skimmed and Semi-skimmed milk","2002M02",9.3
"1329","Skimmed Milk","2002M02",1.5
"1330","Semi-skimmed milk","2002M02",7.8
"1331","All Milk","2002M03",44.6
"1332","Whole Milk","2002M03",34.6
"1333","Skimmed and Semi-skimmed milk","2002M03",10.1
"1334","Skimmed Milk","2002M03",1.6
"1335","Semi-skimmed milk","2002M03",8.5
"1336","All Milk","2002M04",44.7
"1337","Whole Milk","2002M04",34.7
"1338","Skimmed and Semi-skimmed milk","2002M04",10
"1339","Skimmed Milk","2002M04",1.6
"1340","Semi-skimmed milk","2002M04",8.4
"1341","All Milk","2002M05",46.2
"1342","Whole Milk","2002M05",35.9
"1343","Skimmed and Semi-skimmed milk","2002M05",10.3
"1344","Skimmed Milk","2002M05",1.6
"1345","Semi-skimmed milk","2002M05",8.7
"1346","All Milk","2002M06",44
"1347","Whole Milk","2002M06",34.2
"1348","Skimmed and Semi-skimmed milk","2002M06",9.8
"1349","Skimmed Milk","2002M06",1.5
"1350","Semi-skimmed milk","2002M06",8.3
"1351","All Milk","2002M07",45.9
"1352","Whole Milk","2002M07",35.8
"1353","Skimmed and Semi-skimmed milk","2002M07",10.2
"1354","Skimmed Milk","2002M07",1.5
"1355","Semi-skimmed milk","2002M07",8.6
"1356","All Milk","2002M08",45.5
"1357","Whole Milk","2002M08",35.4
"1358","Skimmed and Semi-skimmed milk","2002M08",10.1
"1359","Skimmed Milk","2002M08",1.5
"1360","Semi-skimmed milk","2002M08",8.6
"1361","All Milk","2002M09",44.4
"1362","Whole Milk","2002M09",34.6
"1363","Skimmed and Semi-skimmed milk","2002M09",9.9
"1364","Skimmed Milk","2002M09",1.5
"1365","Semi-skimmed milk","2002M09",8.4
"1366","All Milk","2002M10",46
"1367","Whole Milk","2002M10",35.7
"1368","Skimmed and Semi-skimmed milk","2002M10",10.3
"1369","Skimmed Milk","2002M10",1.6
"1370","Semi-skimmed milk","2002M10",8.7
"1371","All Milk","2002M11",44.1
"1372","Whole Milk","2002M11",34.2
"1373","Skimmed and Semi-skimmed milk","2002M11",9.9
"1374","Skimmed Milk","2002M11",1.5
"1375","Semi-skimmed milk","2002M11",8.4
"1376","All Milk","2002M12",43.1
"1377","Whole Milk","2002M12",33.5
"1378","Skimmed and Semi-skimmed milk","2002M12",9.5
"1379","Skimmed Milk","2002M12",1.4
"1380","Semi-skimmed milk","2002M12",8.2
"1381","All Milk","2003M01",45.4
"1382","Whole Milk","2003M01",35.1
"1383","Skimmed and Semi-skimmed milk","2003M01",10.3
"1384","Skimmed Milk","2003M01",1.6
"1385","Semi-skimmed milk","2003M01",8.8
"1386","All Milk","2003M02",40.8
"1387","Whole Milk","2003M02",31.4
"1388","Skimmed and Semi-skimmed milk","2003M02",9.4
"1389","Skimmed Milk","2003M02",1.5
"1390","Semi-skimmed milk","2003M02",8
"1391","All Milk","2003M03",48.2
"1392","Whole Milk","2003M03",36.9
"1393","Skimmed and Semi-skimmed milk","2003M03",11.3
"1394","Skimmed Milk","2003M03",1.7
"1395","Semi-skimmed milk","2003M03",9.6
"1396","All Milk","2003M04",41.6
"1397","Whole Milk","2003M04",32.1
"1398","Skimmed and Semi-skimmed milk","2003M04",9.5
"1399","Skimmed Milk","2003M04",1.4
"1400","Semi-skimmed milk","2003M04",8.1
"1401","All Milk","2003M05",44.8
"1402","Whole Milk","2003M05",34.6
"1403","Skimmed and Semi-skimmed milk","2003M05",10.2
"1404","Skimmed Milk","2003M05",1.5
"1405","Semi-skimmed milk","2003M05",8.7
"1406","All Milk","2003M06",43
"1407","Whole Milk","2003M06",33.1
"1408","Skimmed and Semi-skimmed milk","2003M06",9.8
"1409","Skimmed Milk","2003M06",1.4
"1410","Semi-skimmed milk","2003M06",8.4
"1411","All Milk","2003M07",45.4
"1412","Whole Milk","2003M07",34.8
"1413","Skimmed and Semi-skimmed milk","2003M07",10.6
"1414","Skimmed Milk","2003M07",1.5
"1415","Semi-skimmed milk","2003M07",9.1
"1416","All Milk","2003M08",44
"1417","Whole Milk","2003M08",33.7
"1418","Skimmed and Semi-skimmed milk","2003M08",10.2
"1419","Skimmed Milk","2003M08",1.4
"1420","Semi-skimmed milk","2003M08",8.8
"1421","All Milk","2003M09",44.6
"1422","Whole Milk","2003M09",34.2
"1423","Skimmed and Semi-skimmed milk","2003M09",10.4
"1424","Skimmed Milk","2003M09",1.5
"1425","Semi-skimmed milk","2003M09",8.9
"1426","All Milk","2003M10",45.6
"1427","Whole Milk","2003M10",35
"1428","Skimmed and Semi-skimmed milk","2003M10",10.6
"1429","Skimmed Milk","2003M10",1.5
"1430","Semi-skimmed milk","2003M10",9.1
"1431","All Milk","2003M11",43
"1432","Whole Milk","2003M11",33.1
"1433","Skimmed and Semi-skimmed milk","2003M11",9.9
"1434","Skimmed Milk","2003M11",1.4
"1435","Semi-skimmed milk","2003M11",8.5
"1436","All Milk","2003M12",43.6
"1437","Whole Milk","2003M12",33.7
"1438","Skimmed and Semi-skimmed milk","2003M12",9.9
"1439","Skimmed Milk","2003M12",1.3
"1440","Semi-skimmed milk","2003M12",8.5
"1441","All Milk","2004M01",44.2
"1442","Whole Milk","2004M01",33.9
"1443","Skimmed and Semi-skimmed milk","2004M01",10.3
"1444","Skimmed Milk","2004M01",1.5
"1445","Semi-skimmed milk","2004M01",8.8
"1446","All Milk","2004M02",41.4
"1447","Whole Milk","2004M02",31.6
"1448","Skimmed and Semi-skimmed milk","2004M02",9.8
"1449","Skimmed Milk","2004M02",1.5
"1450","Semi-skimmed milk","2004M02",8.3
"1451","All Milk","2004M03",47.4
"1452","Whole Milk","2004M03",36
"1453","Skimmed and Semi-skimmed milk","2004M03",11.4
"1454","Skimmed Milk","2004M03",1.7
"1455","Semi-skimmed milk","2004M03",9.7
"1456","All Milk","2004M04",41.2
"1457","Whole Milk","2004M04",31.5
"1458","Skimmed and Semi-skimmed milk","2004M04",9.7
"1459","Skimmed Milk","2004M04",1.4
"1460","Semi-skimmed milk","2004M04",8.3
"1461","All Milk","2004M05",44
"1462","Whole Milk","2004M05",33.3
"1463","Skimmed and Semi-skimmed milk","2004M05",10.7
"1464","Skimmed Milk","2004M05",1.5
"1465","Semi-skimmed milk","2004M05",9.1
"1466","All Milk","2004M06",43.4
"1467","Whole Milk","2004M06",32.9
"1468","Skimmed and Semi-skimmed milk","2004M06",10.5
"1469","Skimmed Milk","2004M06",1.5
"1470","Semi-skimmed milk","2004M06",9
"1471","All Milk","2004M07",43.8
"1472","Whole Milk","2004M07",33.2
"1473","Skimmed and Semi-skimmed milk","2004M07",10.6
"1474","Skimmed Milk","2004M07",1.5
"1475","Semi-skimmed milk","2004M07",9.1
"1476","All Milk","2004M08",44.3
"1477","Whole Milk","2004M08",33.6
"1478","Skimmed and Semi-skimmed milk","2004M08",10.7
"1479","Skimmed Milk","2004M08",1.5
"1480","Semi-skimmed milk","2004M08",9.2
"1481","All Milk","2004M09",44.2
"1482","Whole Milk","2004M09",33.6
"1483","Skimmed and Semi-skimmed milk","2004M09",10.6
"1484","Skimmed Milk","2004M09",1.5
"1485","Semi-skimmed milk","2004M09",9.1
"1486","All Milk","2004M10",43.6
"1487","Whole Milk","2004M10",32.9
"1488","Skimmed and Semi-skimmed milk","2004M10",10.6
"1489","Skimmed Milk","2004M10",1.5
"1490","Semi-skimmed milk","2004M10",9.1
"1491","All Milk","2004M11",43.1
"1492","Whole Milk","2004M11",32.7
"1493","Skimmed and Semi-skimmed milk","2004M11",10.4
"1494","Skimmed Milk","2004M11",1.5
"1495","Semi-skimmed milk","2004M11",9
"1496","All Milk","2004M12",43.3
"1497","Whole Milk","2004M12",32.8
"1498","Skimmed and Semi-skimmed milk","2004M12",10.5
"1499","Skimmed Milk","2004M12",1.4
"1500","Semi-skimmed milk","2004M12",9.1
"1501","All Milk","2005M01",43.5
"1502","Whole Milk","2005M01",32.8
"1503","Skimmed and Semi-skimmed milk","2005M01",10.8
"1504","Skimmed Milk","2005M01",1.5
"1505","Semi-skimmed milk","2005M01",9.2
"1506","All Milk","2005M02",40.5
"1507","Whole Milk","2005M02",30.3
"1508","Skimmed and Semi-skimmed milk","2005M02",10.2
"1509","Skimmed Milk","2005M02",1.4
"1510","Semi-skimmed milk","2005M02",8.8
"1511","All Milk","2005M03",45.4
"1512","Whole Milk","2005M03",33.8
"1513","Skimmed and Semi-skimmed milk","2005M03",11.7
"1514","Skimmed Milk","2005M03",1.6
"1515","Semi-skimmed milk","2005M03",10.1
"1516","All Milk","2005M04",40.9
"1517","Whole Milk","2005M04",30.5
"1518","Skimmed and Semi-skimmed milk","2005M04",10.4
"1519","Skimmed Milk","2005M04",1.4
"1520","Semi-skimmed milk","2005M04",9
"1521","All Milk","2005M05",44.5
"1522","Whole Milk","2005M05",33.1
"1523","Skimmed and Semi-skimmed milk","2005M05",11.4
"1524","Skimmed Milk","2005M05",1.6
"1525","Semi-skimmed milk","2005M05",9.8
"1526","All Milk","2005M06",43.2
"1527","Whole Milk","2005M06",32.2
"1528","Skimmed and Semi-skimmed milk","2005M06",11.1
"1529","Skimmed Milk","2005M06",1.5
"1530","Semi-skimmed milk","2005M06",9.6
"1531","All Milk","2005M07",43.3
"1532","Whole Milk","2005M07",32.1
"1533","Skimmed and Semi-skimmed milk","2005M07",11.2
"1534","Skimmed Milk","2005M07",1.5
"1535","Semi-skimmed milk","2005M07",9.7
"1536","All Milk","2005M08",45.8
"1537","Whole Milk","2005M08",33.9
"1538","Skimmed and Semi-skimmed milk","2005M08",11.9
"1539","Skimmed Milk","2005M08",1.6
"1540","Semi-skimmed milk","2005M08",10.3
"1541","All Milk","2005M09",44.4
"1542","Whole Milk","2005M09",32.9
"1543","Skimmed and Semi-skimmed milk","2005M09",11.5
"1544","Skimmed Milk","2005M09",1.5
"1545","Semi-skimmed milk","2005M09",10
"1546","All Milk","2005M10",42.7
"1547","Whole Milk","2005M10",31.6
"1548","Skimmed and Semi-skimmed milk","2005M10",11.1
"1549","Skimmed Milk","2005M10",1.5
"1550","Semi-skimmed milk","2005M10",9.6
"1551","All Milk","2005M11",43.6
"1552","Whole Milk","2005M11",32.3
"1553","Skimmed and Semi-skimmed milk","2005M11",11.3
"1554","Skimmed Milk","2005M11",1.5
"1555","Semi-skimmed milk","2005M11",9.8
"1556","All Milk","2005M12",42.7
"1557","Whole Milk","2005M12",31.7
"1558","Skimmed and Semi-skimmed milk","2005M12",11
"1559","Skimmed Milk","2005M12",1.4
"1560","Semi-skimmed milk","2005M12",9.6
"1561","All Milk","2006M01",43.6
"1562","Whole Milk","2006M01",32
"1563","Skimmed and Semi-skimmed milk","2006M01",11.6
"1564","Skimmed Milk","2006M01",1.5
"1565","Semi-skimmed milk","2006M01",10.1
"1566","All Milk","2006M02",40.3
"1567","Whole Milk","2006M02",29.5
"1568","Skimmed and Semi-skimmed milk","2006M02",10.8
"1569","Skimmed Milk","2006M02",1.4
"1570","Semi-skimmed milk","2006M02",9.4
"1571","All Milk","2006M03",46.2
"1572","Whole Milk","2006M03",33.8
"1573","Skimmed and Semi-skimmed milk","2006M03",12.4
"1574","Skimmed Milk","2006M03",1.6
"1575","Semi-skimmed milk","2006M03",10.8
"1576","All Milk","2006M04",41.4
"1577","Whole Milk","2006M04",30.2
"1578","Skimmed and Semi-skimmed milk","2006M04",11.2
"1579","Skimmed Milk","2006M04",1.4
"1580","Semi-skimmed milk","2006M04",9.8
"1581","All Milk","2006M05",44.2
"1582","Whole Milk","2006M05",32.4
"1583","Skimmed and Semi-skimmed milk","2006M05",11.7
"1584","Skimmed Milk","2006M05",1.5
"1585","Semi-skimmed milk","2006M05",10.3
"1586","All Milk","2006M06",42.8
"1587","Whole Milk","2006M06",31.3
"1588","Skimmed and Semi-skimmed milk","2006M06",11.5
"1589","Skimmed Milk","2006M06",1.5
"1590","Semi-skimmed milk","2006M06",10
"1591","All Milk","2006M07",43.3
"1592","Whole Milk","2006M07",31.6
"1593","Skimmed and Semi-skimmed milk","2006M07",11.7
"1594","Skimmed Milk","2006M07",1.5
"1595","Semi-skimmed milk","2006M07",10.2
"1596","All Milk","2006M08",46.9
"1597","Whole Milk","2006M08",34.3
"1598","Skimmed and Semi-skimmed milk","2006M08",12.6
"1599","Skimmed Milk","2006M08",1.6
"1600","Semi-skimmed milk","2006M08",11
"1601","All Milk","2006M09",43.5
"1602","Whole Milk","2006M09",31.7
"1603","Skimmed and Semi-skimmed milk","2006M09",11.8
"1604","Skimmed Milk","2006M09",1.5
"1605","Semi-skimmed milk","2006M09",10.3
"1606","All Milk","2006M10",44.4
"1607","Whole Milk","2006M10",32.3
"1608","Skimmed and Semi-skimmed milk","2006M10",12.1
"1609","Skimmed Milk","2006M10",1.6
"1610","Semi-skimmed milk","2006M10",10.5
"1611","All Milk","2006M11",44.1
"1612","Whole Milk","2006M11",32.2
"1613","Skimmed and Semi-skimmed milk","2006M11",12
"1614","Skimmed Milk","2006M11",1.5
"1615","Semi-skimmed milk","2006M11",10.5
"1616","All Milk","2006M12",43.1
"1617","Whole Milk","2006M12",31.4
"1618","Skimmed and Semi-skimmed milk","2006M12",11.7
"1619","Skimmed Milk","2006M12",1.4
"1620","Semi-skimmed milk","2006M12",10.3
"1621","All Milk","2007M01",44.4
"1622","Whole Milk","2007M01",32.1
"1623","Skimmed and Semi-skimmed milk","2007M01",12.3
"1624","Skimmed Milk","2007M01",1.6
"1625","Semi-skimmed milk","2007M01",10.7
"1626","All Milk","2007M02",41.9
"1627","Whole Milk","2007M02",29.3
"1628","Skimmed and Semi-skimmed milk","2007M02",12.6
"1629","Skimmed Milk","2007M02",2.7
"1630","Semi-skimmed milk","2007M02",9.9
"1631","All Milk","2007M03",45.3
"1632","Whole Milk","2007M03",32.4
"1633","Skimmed and Semi-skimmed milk","2007M03",12.8
"1634","Skimmed Milk","2007M03",1.6
"1635","Semi-skimmed milk","2007M03",11.2
"1636","All Milk","2007M04",42.6
"1637","Whole Milk","2007M04",30.4
"1638","Skimmed and Semi-skimmed milk","2007M04",12.1
"1639","Skimmed Milk","2007M04",1.6
"1640","Semi-skimmed milk","2007M04",10.6
"1641","All Milk","2007M05",44.6
"1642","Whole Milk","2007M05",31.8
"1643","Skimmed and Semi-skimmed milk","2007M05",12.8
"1644","Skimmed Milk","2007M05",1.6
"1645","Semi-skimmed milk","2007M05",11.2
"1646","All Milk","2007M06",43.3
"1647","Whole Milk","2007M06",30.8
"1648","Skimmed and Semi-skimmed milk","2007M06",12.5
"1649","Skimmed Milk","2007M06",1.6
"1650","Semi-skimmed milk","2007M06",10.9
"1651","All Milk","2007M07",43.9
"1652","Whole Milk","2007M07",31.2
"1653","Skimmed and Semi-skimmed milk","2007M07",12.7
"1654","Skimmed Milk","2007M07",1.6
"1655","Semi-skimmed milk","2007M07",11.2
"1656","All Milk","2007M08",45.7
"1657","Whole Milk","2007M08",32.2
"1658","Skimmed and Semi-skimmed milk","2007M08",13.5
"1659","Skimmed Milk","2007M08",1.9
"1660","Semi-skimmed milk","2007M08",11.6
"1661","All Milk","2007M09",44.1
"1662","Whole Milk","2007M09",31.1
"1663","Skimmed and Semi-skimmed milk","2007M09",13
"1664","Skimmed Milk","2007M09",1.9
"1665","Semi-skimmed milk","2007M09",11.1
"1666","All Milk","2007M10",45.4
"1667","Whole Milk","2007M10",31.9
"1668","Skimmed and Semi-skimmed milk","2007M10",13.5
"1669","Skimmed Milk","2007M10",1.9
"1670","Semi-skimmed milk","2007M10",11.6
"1671","All Milk","2007M11",44.3
"1672","Whole Milk","2007M11",30.9
"1673","Skimmed and Semi-skimmed milk","2007M11",13.4
"1674","Skimmed Milk","2007M11",1.9
"1675","Semi-skimmed milk","2007M11",11.4
"1676","All Milk","2007M12",43.1
"1677","Whole Milk","2007M12",30.2
"1678","Skimmed and Semi-skimmed milk","2007M12",13
"1679","Skimmed Milk","2007M12",1.7
"1680","Semi-skimmed milk","2007M12",11.3
"1681","All Milk","2008M01",44.7
"1682","Whole Milk","2008M01",30.9
"1683","Skimmed and Semi-skimmed milk","2008M01",13.8
"1684","Skimmed Milk","2008M01",2.1
"1685","Semi-skimmed milk","2008M01",11.7
"1686","All Milk","2008M02",42.1
"1687","Whole Milk","2008M02",29.1
"1688","Skimmed and Semi-skimmed milk","2008M02",13
"1689","Skimmed Milk","2008M02",1.8
"1690","Semi-skimmed milk","2008M02",11.2
"1691","All Milk","2008M03",43.1
"1692","Whole Milk","2008M03",29.8
"1693","Skimmed and Semi-skimmed milk","2008M03",13.4
"1694","Skimmed Milk","2008M03",1.8
"1695","Semi-skimmed milk","2008M03",11.5
"1696","All Milk","2008M04",45.5
"1697","Whole Milk","2008M04",31.4
"1698","Skimmed and Semi-skimmed milk","2008M04",14.1
"1699","Skimmed Milk","2008M04",2
"1700","Semi-skimmed milk","2008M04",12.1
"1701","All Milk","2008M05",43.5
"1702","Whole Milk","2008M05",29.9
"1703","Skimmed and Semi-skimmed milk","2008M05",13.7
"1704","Skimmed Milk","2008M05",1.9
"1705","Semi-skimmed milk","2008M05",11.7
"1706","All Milk","2008M06",42.9
"1707","Whole Milk","2008M06",29.4
"1708","Skimmed and Semi-skimmed milk","2008M06",13.5
"1709","Skimmed Milk","2008M06",1.9
"1710","Semi-skimmed milk","2008M06",11.6
"1711","All Milk","2008M07",43.3
"1712","Whole Milk","2008M07",29.7
"1713","Skimmed and Semi-skimmed milk","2008M07",13.7
"1714","Skimmed Milk","2008M07",1.9
"1715","Semi-skimmed milk","2008M07",11.8
"1716","All Milk","2008M08",43.9
"1717","Whole Milk","2008M08",30
"1718","Skimmed and Semi-skimmed milk","2008M08",13.9
"1719","Skimmed Milk","2008M08",1.9
"1720","Semi-skimmed milk","2008M08",12.1
"1721","All Milk","2008M09",42.6
"1722","Whole Milk","2008M09",29.2
"1723","Skimmed and Semi-skimmed milk","2008M09",13.4
"1724","Skimmed Milk","2008M09",1.8
"1725","Semi-skimmed milk","2008M09",11.6
"1726","All Milk","2008M10",43.5
"1727","Whole Milk","2008M10",29.8
"1728","Skimmed and Semi-skimmed milk","2008M10",13.7
"1729","Skimmed Milk","2008M10",1.8
"1730","Semi-skimmed milk","2008M10",11.9
"1731","All Milk","2008M11",42.3
"1732","Whole Milk","2008M11",28.8
"1733","Skimmed and Semi-skimmed milk","2008M11",13.5
"1734","Skimmed Milk","2008M11",1.8
"1735","Semi-skimmed milk","2008M11",11.7
"1736","All Milk","2008M12",42.7
"1737","Whole Milk","2008M12",29.4
"1738","Skimmed and Semi-skimmed milk","2008M12",13.4
"1739","Skimmed Milk","2008M12",1.7
"1740","Semi-skimmed milk","2008M12",11.7
"1741","All Milk","2009M01",42.84
"1742","Whole Milk","2009M01",29.21
"1743","Skimmed and Semi-skimmed milk","2009M01",13.63
"1744","Skimmed Milk","2009M01",1.81
"1745","Semi-skimmed milk","2009M01",11.82
"1746","All Milk","2009M02",39.19
"1747","Whole Milk","2009M02",26.6
"1748","Skimmed and Semi-skimmed milk","2009M02",12.58
"1749","Skimmed Milk","2009M02",1.7
"1750","Semi-skimmed milk","2009M02",10.88
"1751","All Milk","2009M03",45.72
"1752","Whole Milk","2009M03",30.59
"1753","Skimmed and Semi-skimmed milk","2009M03",15.13
"1754","Skimmed Milk","2009M03",2.1
"1755","Semi-skimmed milk","2009M03",13.1
"1756","All Milk","2009M04",38.64
"1757","Whole Milk","2009M04",26.2
"1758","Skimmed and Semi-skimmed milk","2009M04",12.44
"1759","Skimmed Milk","2009M04",1.7
"1760","Semi-skimmed milk","2009M04",10.8
"1761","All Milk","2009M05",41.5
"1762","Whole Milk","2009M05",27.9
"1763","Skimmed and Semi-skimmed milk","2009M05",13.6
"1764","Skimmed Milk","2009M05",1.8
"1765","Semi-skimmed milk","2009M05",11.8
"1766","All Milk","2009M06",40.52
"1767","Whole Milk","2009M06",27.3
"1768","Skimmed and Semi-skimmed milk","2009M06",13.3
"1769","Skimmed Milk","2009M06",1.8
"1770","Semi-skimmed milk","2009M06",11.5
"1771","All Milk","2009M07",41.4
"1772","Whole Milk","2009M07",27.7
"1773","Skimmed and Semi-skimmed milk","2009M07",13.7
"1774","Skimmed Milk","2009M07",1.8
"1775","Semi-skimmed milk","2009M07",11.9
"1776","All Milk","2009M08",41.7
"1777","Whole Milk","2009M08",27.78
"1778","Skimmed and Semi-skimmed milk","2009M08",13.92
"1779","Skimmed Milk","2009M08",1.84
"1780","Semi-skimmed milk","2009M08",12.08
"1781","All Milk","2009M09",39.81
"1782","Whole Milk","2009M09",26.2
"1783","Skimmed and Semi-skimmed milk","2009M09",13.61
"1784","Skimmed Milk","2009M09",1.82
"1785","Semi-skimmed milk","2009M09",11.8
"1786","All Milk","2009M10",41.49
"1787","Whole Milk","2009M10",27.64
"1788","Skimmed and Semi-skimmed milk","2009M10",13.9
"1789","Skimmed Milk","2009M10",1.8
"1790","Semi-skimmed milk","2009M10",12.07
"1791","All Milk","2009M11",40.9
"1792","Whole Milk","2009M11",27.18
"1793","Skimmed and Semi-skimmed milk","2009M11",13.7
"1794","Skimmed Milk","2009M11",1.74
"1795","Semi-skimmed milk","2009M11",11.93
"1796","All Milk","2009M12",41.29
"1797","Whole Milk","2009M12",27.84
"1798","Skimmed and Semi-skimmed milk","2009M12",13.5
"1799","Skimmed Milk","2009M12",1.6
"1800","Semi-skimmed milk","2009M12",11.86
"1801","All Milk","2010M01",41.38
"1802","Whole Milk","2010M01",27.58
"1803","Skimmed and Semi-skimmed milk","2010M01",13.81
"1804","Skimmed Milk","2010M01",1.68
"1805","Semi-skimmed milk","2010M01",12.13
"1806","All Milk","2010M02",38.29
"1807","Whole Milk","2010M02",25.23
"1808","Skimmed and Semi-skimmed milk","2010M02",13.06
"1809","Skimmed Milk","2010M02",1.73
"1810","Semi-skimmed milk","2010M02",11.33
"1811","All Milk","2010M03",44.49
"1812","Whole Milk","2010M03",29.08
"1813","Skimmed and Semi-skimmed milk","2010M03",15.41
"1814","Skimmed Milk","2010M03",2.02
"1815","Semi-skimmed milk","2010M03",13.39
"1816","All Milk","2010M04",38.31
"1817","Whole Milk","2010M04",25.2
"1818","Skimmed and Semi-skimmed milk","2010M04",13.12
"1819","Skimmed Milk","2010M04",1.7
"1820","Semi-skimmed milk","2010M04",11.5
"1821","All Milk","2010M05",41.54
"1822","Whole Milk","2010M05",27.3
"1823","Skimmed and Semi-skimmed milk","2010M05",14.3
"1824","Skimmed Milk","2010M05",1.82
"1825","Semi-skimmed milk","2010M05",12.5
"1826","All Milk","2010M06",40.6
"1827","Whole Milk","2010M06",26.7
"1828","Skimmed and Semi-skimmed milk","2010M06",13.9
"1829","Skimmed Milk","2010M06",1.71
"1830","Semi-skimmed milk","2010M06",12.2
"1831","All Milk","2010M07",40.8
"1832","Whole Milk","2010M07",26.6
"1833","Skimmed and Semi-skimmed milk","2010M07",14.2
"1834","Skimmed Milk","2010M07",1.8
"1835","Semi-skimmed milk","2010M07",12.4
"1836","All Milk","2010M08",41.7
"1837","Whole Milk","2010M08",27.1
"1838","Skimmed and Semi-skimmed milk","2010M08",14.6
"1839","Skimmed Milk","2010M08",1.8
"1840","Semi-skimmed milk","2010M08",12.8
"1841","All Milk","2010M09",40.8
"1842","Whole Milk","2010M09",26.5
"1843","Skimmed and Semi-skimmed milk","2010M09",14.3
"1844","Skimmed Milk","2010M09",1.8
"1845","Semi-skimmed milk","2010M09",12.44
"1846","All Milk","2010M10",40.76
"1847","Whole Milk","2010M10",26.3
"1848","Skimmed and Semi-skimmed milk","2010M10",14.46
"1849","Skimmed Milk","2010M10",1.85
"1850","Semi-skimmed milk","2010M10",12.61
"1851","All Milk","2010M11",42.12
"1852","Whole Milk","2010M11",27.4
"1853","Skimmed and Semi-skimmed milk","2010M11",14.8
"1854","Skimmed Milk","2010M11",1.83
"1855","Semi-skimmed milk","2010M11",12.94
"1856","All Milk","2010M12",41.54
"1857","Whole Milk","2010M12",27.2
"1858","Skimmed and Semi-skimmed milk","2010M12",14.4
"1859","Skimmed Milk","2010M12",1.9
"1860","Semi-skimmed milk","2010M12",12.5
"1861","All Milk","2011M01",41.1
"1862","Whole Milk","2011M01",26.6
"1863","Skimmed and Semi-skimmed milk","2011M01",14.51
"1864","Skimmed Milk","2011M01",1.84
"1865","Semi-skimmed milk","2011M01",12.7
"1866","All Milk","2011M02",38.2
"1867","Whole Milk","2011M02",24.4
"1868","Skimmed and Semi-skimmed milk","2011M02",13.8
"1869","Skimmed Milk","2011M02",1.9
"1870","Semi-skimmed milk","2011M02",11.9
"1871","All Milk","2011M03",43.8
"1872","Whole Milk","2011M03",28
"1873","Skimmed and Semi-skimmed milk","2011M03",15.8
"1874","Skimmed Milk","2011M03",2
"1875","Semi-skimmed milk","2011M03",13.7
"1876","All Milk","2011M04",40.1
"1877","Whole Milk","2011M04",26.2
"1878","Skimmed and Semi-skimmed milk","2011M04",13.9
"1879","Skimmed Milk","2011M04",1.7
"1880","Semi-skimmed milk","2011M04",12.2
"1881","All Milk","2011M05",43
"1882","Whole Milk","2011M05",27.9
"1883","Skimmed and Semi-skimmed milk","2011M05",15
"1884","Skimmed Milk","2011M05",1.9
"1885","Semi-skimmed milk","2011M05",13.1
"1886","All Milk","2011M06",42.52
"1887","Whole Milk","2011M06",28.01
"1888","Skimmed and Semi-skimmed milk","2011M06",14.51
"1889","Skimmed Milk","2011M06",1.8
"1890","Semi-skimmed milk","2011M06",12.73
"1891","All Milk","2011M07",40.7
"1892","Whole Milk","2011M07",26.1
"1893","Skimmed and Semi-skimmed milk","2011M07",14.64
"1894","Skimmed Milk","2011M07",1.8
"1895","Semi-skimmed milk","2011M07",12.9
"1896","All Milk","2011M08",42.4
"1897","Whole Milk","2011M08",27.01
"1898","Skimmed and Semi-skimmed milk","2011M08",15.4
"1899","Skimmed Milk","2011M08",1.91
"1900","Semi-skimmed milk","2011M08",13.5
"1901","All Milk","2011M09",40.31
"1902","Whole Milk","2011M09",25.63
"1903","Skimmed and Semi-skimmed milk","2011M09",14.7
"1904","Skimmed Milk","2011M09",1.9
"1905","Semi-skimmed milk","2011M09",12.81
"1906","All Milk","2011M10",41.11
"1907","Whole Milk","2011M10",25.94
"1908","Skimmed and Semi-skimmed milk","2011M10",15.2
"1909","Skimmed Milk","2011M10",1.9
"1910","Semi-skimmed milk","2011M10",13.3
"1911","All Milk","2011M11",40.83
"1912","Whole Milk","2011M11",25.3
"1913","Skimmed and Semi-skimmed milk","2011M11",15.6
"1914","Skimmed Milk","2011M11",1.84
"1915","Semi-skimmed milk","2011M11",13.73
"1916","All Milk","2011M12",39.9
"1917","Whole Milk","2011M12",25.41
"1918","Skimmed and Semi-skimmed milk","2011M12",14.44
"1919","Skimmed Milk","2011M12",1.7
"1920","Semi-skimmed milk","2011M12",12.8
"1921","All Milk","2012M01",40.7
"1922","Whole Milk","2012M01",25.4
"1923","Skimmed and Semi-skimmed milk","2012M01",15.3
"1924","Skimmed Milk","2012M01",2
"1925","Semi-skimmed milk","2012M01",13.3
"1926","All Milk","2012M02",38.8
"1927","Whole Milk","2012M02",24.2
"1928","Skimmed and Semi-skimmed milk","2012M02",14.7
"1929","Skimmed Milk","2012M02",1.9
"1930","Semi-skimmed milk","2012M02",12.8
"1931","All Milk","2012M03",43
"1932","Whole Milk","2012M03",26.6
"1933","Skimmed and Semi-skimmed milk","2012M03",16.4
"1934","Skimmed Milk","2012M03",2.1
"1935","Semi-skimmed milk","2012M03",14.3
"1936","All Milk","2012M04",39.2
"1937","Whole Milk","2012M04",24.1
"1938","Skimmed and Semi-skimmed milk","2012M04",15.1
"1939","Skimmed Milk","2012M04",1.9
"1940","Semi-skimmed milk","2012M04",13.2
"1941","All Milk","2012M05",41.1
"1942","Whole Milk","2012M05",25.3
"1943","Skimmed and Semi-skimmed milk","2012M05",15.8
"1944","Skimmed Milk","2012M05",2.1
"1945","Semi-skimmed milk","2012M05",13.7
"1946","All Milk","2012M06",40.8
"1947","Whole Milk","2012M06",25.1
"1948","Skimmed and Semi-skimmed milk","2012M06",15.7
"1949","Skimmed Milk","2012M06",2.1
"1950","Semi-skimmed milk","2012M06",13.6
"1951","All Milk","2012M07",40.4
"1952","Whole Milk","2012M07",24.8
"1953","Skimmed and Semi-skimmed milk","2012M07",15.6
"1954","Skimmed Milk","2012M07",1.9
"1955","Semi-skimmed milk","2012M07",13.7
"1956","All Milk","2012M08",41.6
"1957","Whole Milk","2012M08",25.7
"1958","Skimmed and Semi-skimmed milk","2012M08",15.8
"1959","Skimmed Milk","2012M08",1.9
"1960","Semi-skimmed milk","2012M08",13.9
"1961","All Milk","2012M09",39.5
"1962","Whole Milk","2012M09",24.4
"1963","Skimmed and Semi-skimmed milk","2012M09",15.1
"1964","Skimmed Milk","2012M09",1.9
"1965","Semi-skimmed milk","2012M09",13.2
"1966","All Milk","2012M10",41
"1967","Whole Milk","2012M10",25.4
"1968","Skimmed and Semi-skimmed milk","2012M10",15.6
"1969","Skimmed Milk","2012M10",2
"1970","Semi-skimmed milk","2012M10",13.7
"1971","All Milk","2012M11",40.9
"1972","Whole Milk","2012M11",25.5
"1973","Skimmed and Semi-skimmed milk","2012M11",15.4
"1974","Skimmed Milk","2012M11",1.9
"1975","Semi-skimmed milk","2012M11",13.6
"1976","All Milk","2012M12",40
"1977","Whole Milk","2012M12",25.1
"1978","Skimmed and Semi-skimmed milk","2012M12",14.9
"1979","Skimmed Milk","2012M12",1.5
"1980","Semi-skimmed milk","2012M12",13.4
"1981","All Milk","2013M01",40.8
"1982","Whole Milk","2013M01",25.4
"1983","Skimmed and Semi-skimmed milk","2013M01",15.4
"1984","Skimmed Milk","2013M01",1.7
"1985","Semi-skimmed milk","2013M01",13.7
"1986","All Milk","2013M02",37.2
"1987","Whole Milk","2013M02",22.8
"1988","Skimmed and Semi-skimmed milk","2013M02",14.3
"1989","Skimmed Milk","2013M02",1.6
"1990","Semi-skimmed milk","2013M02",12.8
"1991","All Milk","2013M03",41.2
"1992","Whole Milk","2013M03",25.3
"1993","Skimmed and Semi-skimmed milk","2013M03",15.9
"1994","Skimmed Milk","2013M03",1.8
"1995","Semi-skimmed milk","2013M03",14.1
"1996","All Milk","2013M04",40.2
"1997","Whole Milk","2013M04",24.7
"1998","Skimmed and Semi-skimmed milk","2013M04",15.4
"1999","Skimmed Milk","2013M04",1.7
"2000","Semi-skimmed milk","2013M04",13.7
"2001","All Milk","2013M05",41
"2002","Whole Milk","2013M05",25.4
"2003","Skimmed and Semi-skimmed milk","2013M05",15.6
"2004","Skimmed Milk","2013M05",1.7
"2005","Semi-skimmed milk","2013M05",13.9
"2006","All Milk","2013M06",39.1
"2007","Whole Milk","2013M06",24.3
"2008","Skimmed and Semi-skimmed milk","2013M06",14.7
"2009","Skimmed Milk","2013M06",1.6
"2010","Semi-skimmed milk","2013M06",13.1
"2011","All Milk","2013M07",39.5
"2012","Whole Milk","2013M07",24.6
"2013","Skimmed and Semi-skimmed milk","2013M07",15
"2014","Skimmed Milk","2013M07",1.6
"2015","Semi-skimmed milk","2013M07",13.4
"2016","All Milk","2013M08",40.7
"2017","Whole Milk","2013M08",24.1
"2018","Skimmed and Semi-skimmed milk","2013M08",16.6
"2019","Skimmed Milk","2013M08",1.6
"2020","Semi-skimmed milk","2013M08",15
"2021","All Milk","2013M09",39.1
"2022","Whole Milk","2013M09",23
"2023","Skimmed and Semi-skimmed milk","2013M09",16.2
"2024","Skimmed Milk","2013M09",1.6
"2025","Semi-skimmed milk","2013M09",14.6
"2026","All Milk","2013M10",40.4
"2027","Whole Milk","2013M10",23.6
"2028","Skimmed and Semi-skimmed milk","2013M10",16.9
"2029","Skimmed Milk","2013M10",1.7
"2030","Semi-skimmed milk","2013M10",15.2
"2031","All Milk","2013M11",40.5
"2032","Whole Milk","2013M11",23.9
"2033","Skimmed and Semi-skimmed milk","2013M11",16.6
"2034","Skimmed Milk","2013M11",1.6
"2035","Semi-skimmed milk","2013M11",15
"2036","All Milk","2013M12",39.4
"2037","Whole Milk","2013M12",23.4
"2038","Skimmed and Semi-skimmed milk","2013M12",16.1
"2039","Skimmed Milk","2013M12",1.5
"2040","Semi-skimmed milk","2013M12",14.6
"2041","All Milk","2014M01",40.4
"2042","Whole Milk","2014M01",23.5
"2043","Skimmed and Semi-skimmed milk","2014M01",16.9
"2044","Skimmed Milk","2014M01",1.7
"2045","Semi-skimmed milk","2014M01",15.2
"2046","All Milk","2014M02",36.6
"2047","Whole Milk","2014M02",21.3
"2048","Skimmed and Semi-skimmed milk","2014M02",15.4
"2049","Skimmed Milk","2014M02",1.6
"2050","Semi-skimmed milk","2014M02",13.8
"2051","All Milk","2014M03",44.1
"2052","Whole Milk","2014M03",25.4
"2053","Skimmed and Semi-skimmed milk","2014M03",18.7
"2054","Skimmed Milk","2014M03",2.1
"2055","Semi-skimmed milk","2014M03",16.7
"2056","All Milk","2014M04",36.9
"2057","Whole Milk","2014M04",21.9
"2058","Skimmed and Semi-skimmed milk","2014M04",15
"2059","Skimmed Milk","2014M04",1.6
"2060","Semi-skimmed milk","2014M04",13.4
"2061","All Milk","2014M05",43.4
"2062","Whole Milk","2014M05",24.5
"2063","Skimmed and Semi-skimmed milk","2014M05",18.9
"2064","Skimmed Milk","2014M05",1.9
"2065","Semi-skimmed milk","2014M05",17
