"","Statistic","Year","Fish.and.Fish.Product","value"
"1","Weight of External Trade of Fish (Exports) (Tonnes)","1996","Total Fish and Fish Products",293036
"2","Value of External Trade of Fish (Exports) (Euro Thousand)","1996","Total Fish and Fish Products",319965
"3","Weight of External Trade of Fish (Exports) (Tonnes)","1997","Total Fish and Fish Products",250027
"4","Value of External Trade of Fish (Exports) (Euro Thousand)","1997","Total Fish and Fish Products",290402
"5","Weight of External Trade of Fish (Exports) (Tonnes)","1998","Total Fish and Fish Products",248148
"6","Value of External Trade of Fish (Exports) (Euro Thousand)","1998","Total Fish and Fish Products",304331
"7","Weight of External Trade of Fish (Exports) (Tonnes)","1999","Total Fish and Fish Products",208402
"8","Value of External Trade of Fish (Exports) (Euro Thousand)","1999","Total Fish and Fish Products",306040
"9","Weight of External Trade of Fish (Exports) (Tonnes)","2000","Total Fish and Fish Products",216898
"10","Value of External Trade of Fish (Exports) (Euro Thousand)","2000","Total Fish and Fish Products",333153
"11","Weight of External Trade of Fish (Exports) (Tonnes)","2001","Total Fish and Fish Products",314371
"12","Value of External Trade of Fish (Exports) (Euro Thousand)","2001","Total Fish and Fish Products",447026
"13","Weight of External Trade of Fish (Exports) (Tonnes)","2002","Total Fish and Fish Products",308119
"14","Value of External Trade of Fish (Exports) (Euro Thousand)","2002","Total Fish and Fish Products",427819
"15","Weight of External Trade of Fish (Exports) (Tonnes)","2003","Total Fish and Fish Products",260542
"16","Value of External Trade of Fish (Exports) (Euro Thousand)","2003","Total Fish and Fish Products",383953
"17","Weight of External Trade of Fish (Exports) (Tonnes)","2004","Total Fish and Fish Products",264581
"18","Value of External Trade of Fish (Exports) (Euro Thousand)","2004","Total Fish and Fish Products",391238
"19","Weight of External Trade of Fish (Exports) (Tonnes)","1996","Cod",999
"20","Value of External Trade of Fish (Exports) (Euro Thousand)","1996","Cod",1413
"21","Weight of External Trade of Fish (Exports) (Tonnes)","1997","Cod",1763
"22","Value of External Trade of Fish (Exports) (Euro Thousand)","1997","Cod",1246
"23","Weight of External Trade of Fish (Exports) (Tonnes)","1998","Cod",816
"24","Value of External Trade of Fish (Exports) (Euro Thousand)","1998","Cod",1460
"25","Weight of External Trade of Fish (Exports) (Tonnes)","1999","Cod",469
"26","Value of External Trade of Fish (Exports) (Euro Thousand)","1999","Cod",971
"27","Weight of External Trade of Fish (Exports) (Tonnes)","2000","Cod",1435
"28","Value of External Trade of Fish (Exports) (Euro Thousand)","2000","Cod",1545
"29","Weight of External Trade of Fish (Exports) (Tonnes)","2001","Cod",1636
"30","Value of External Trade of Fish (Exports) (Euro Thousand)","2001","Cod",4043
"31","Weight of External Trade of Fish (Exports) (Tonnes)","2002","Cod",473
"32","Value of External Trade of Fish (Exports) (Euro Thousand)","2002","Cod",1551
"33","Weight of External Trade of Fish (Exports) (Tonnes)","2003","Cod",949
"34","Value of External Trade of Fish (Exports) (Euro Thousand)","2003","Cod",1979
"35","Weight of External Trade of Fish (Exports) (Tonnes)","2004","Cod",2381
"36","Value of External Trade of Fish (Exports) (Euro Thousand)","2004","Cod",6713
"37","Weight of External Trade of Fish (Exports) (Tonnes)","1996","Crab",4486
"38","Value of External Trade of Fish (Exports) (Euro Thousand)","1996","Crab",13069
"39","Weight of External Trade of Fish (Exports) (Tonnes)","1997","Crab",4360
"40","Value of External Trade of Fish (Exports) (Euro Thousand)","1997","Crab",12531
"41","Weight of External Trade of Fish (Exports) (Tonnes)","1998","Crab",4332
"42","Value of External Trade of Fish (Exports) (Euro Thousand)","1998","Crab",13364
"43","Weight of External Trade of Fish (Exports) (Tonnes)","1999","Crab",5332
"44","Value of External Trade of Fish (Exports) (Euro Thousand)","1999","Crab",16834
"45","Weight of External Trade of Fish (Exports) (Tonnes)","2000","Crab",5722
"46","Value of External Trade of Fish (Exports) (Euro Thousand)","2000","Crab",17802
"47","Weight of External Trade of Fish (Exports) (Tonnes)","2001","Crab",6698
"48","Value of External Trade of Fish (Exports) (Euro Thousand)","2001","Crab",19362
"49","Weight of External Trade of Fish (Exports) (Tonnes)","2002","Crab",7919
"50","Value of External Trade of Fish (Exports) (Euro Thousand)","2002","Crab",24045
"51","Weight of External Trade of Fish (Exports) (Tonnes)","2003","Crab",7789
"52","Value of External Trade of Fish (Exports) (Euro Thousand)","2003","Crab",23144
"53","Weight of External Trade of Fish (Exports) (Tonnes)","2004","Crab",7836
"54","Value of External Trade of Fish (Exports) (Euro Thousand)","2004","Crab",26816
"55","Weight of External Trade of Fish (Exports) (Tonnes)","1996","Flatfish",1527
"56","Value of External Trade of Fish (Exports) (Euro Thousand)","1996","Flatfish",2579
"57","Weight of External Trade of Fish (Exports) (Tonnes)","1997","Flatfish",1912
"58","Value of External Trade of Fish (Exports) (Euro Thousand)","1997","Flatfish",3812
"59","Weight of External Trade of Fish (Exports) (Tonnes)","1998","Flatfish",3916
"60","Value of External Trade of Fish (Exports) (Euro Thousand)","1998","Flatfish",8786
"61","Weight of External Trade of Fish (Exports) (Tonnes)","1999","Flatfish",1054
"62","Value of External Trade of Fish (Exports) (Euro Thousand)","1999","Flatfish",2636
"63","Weight of External Trade of Fish (Exports) (Tonnes)","2000","Flatfish",954
"64","Value of External Trade of Fish (Exports) (Euro Thousand)","2000","Flatfish",2880
"65","Weight of External Trade of Fish (Exports) (Tonnes)","2001","Flatfish",1229
"66","Value of External Trade of Fish (Exports) (Euro Thousand)","2001","Flatfish",3616
"67","Weight of External Trade of Fish (Exports) (Tonnes)","2002","Flatfish",2782
"68","Value of External Trade of Fish (Exports) (Euro Thousand)","2002","Flatfish",6628
"69","Weight of External Trade of Fish (Exports) (Tonnes)","2003","Flatfish",3429
"70","Value of External Trade of Fish (Exports) (Euro Thousand)","2003","Flatfish",8628
"71","Weight of External Trade of Fish (Exports) (Tonnes)","2004","Flatfish",2454
"72","Value of External Trade of Fish (Exports) (Euro Thousand)","2004","Flatfish",6446
"73","Weight of External Trade of Fish (Exports) (Tonnes)","1996","Haddock",997
"74","Value of External Trade of Fish (Exports) (Euro Thousand)","1996","Haddock",1072
"75","Weight of External Trade of Fish (Exports) (Tonnes)","1997","Haddock",1487
"76","Value of External Trade of Fish (Exports) (Euro Thousand)","1997","Haddock",1583
"77","Weight of External Trade of Fish (Exports) (Tonnes)","1998","Haddock",1317
"78","Value of External Trade of Fish (Exports) (Euro Thousand)","1998","Haddock",1905
"79","Weight of External Trade of Fish (Exports) (Tonnes)","1999","Haddock",1070
"80","Value of External Trade of Fish (Exports) (Euro Thousand)","1999","Haddock",1690
"81","Weight of External Trade of Fish (Exports) (Tonnes)","2000","Haddock",850
"82","Value of External Trade of Fish (Exports) (Euro Thousand)","2000","Haddock",1271
"83","Weight of External Trade of Fish (Exports) (Tonnes)","2001","Haddock",885
"84","Value of External Trade of Fish (Exports) (Euro Thousand)","2001","Haddock",1268
"85","Weight of External Trade of Fish (Exports) (Tonnes)","2002","Haddock",950
"86","Value of External Trade of Fish (Exports) (Euro Thousand)","2002","Haddock",1346
"87","Weight of External Trade of Fish (Exports) (Tonnes)","2003","Haddock",670
"88","Value of External Trade of Fish (Exports) (Euro Thousand)","2003","Haddock",721
"89","Weight of External Trade of Fish (Exports) (Tonnes)","2004","Haddock",1020
"90","Value of External Trade of Fish (Exports) (Euro Thousand)","2004","Haddock",2067
"91","Weight of External Trade of Fish (Exports) (Tonnes)","1996","Hake",1124
"92","Value of External Trade of Fish (Exports) (Euro Thousand)","1996","Hake",3951
"93","Weight of External Trade of Fish (Exports) (Tonnes)","1997","Hake",516
"94","Value of External Trade of Fish (Exports) (Euro Thousand)","1997","Hake",1600
"95","Weight of External Trade of Fish (Exports) (Tonnes)","1998","Hake",1319
"96","Value of External Trade of Fish (Exports) (Euro Thousand)","1998","Hake",2897
"97","Weight of External Trade of Fish (Exports) (Tonnes)","1999","Hake",339
"98","Value of External Trade of Fish (Exports) (Euro Thousand)","1999","Hake",1188
"99","Weight of External Trade of Fish (Exports) (Tonnes)","2000","Hake",732
"100","Value of External Trade of Fish (Exports) (Euro Thousand)","2000","Hake",1362
"101","Weight of External Trade of Fish (Exports) (Tonnes)","2001","Hake",235
"102","Value of External Trade of Fish (Exports) (Euro Thousand)","2001","Hake",850
"103","Weight of External Trade of Fish (Exports) (Tonnes)","2002","Hake",1332
"104","Value of External Trade of Fish (Exports) (Euro Thousand)","2002","Hake",949
"105","Weight of External Trade of Fish (Exports) (Tonnes)","2003","Hake",287
"106","Value of External Trade of Fish (Exports) (Euro Thousand)","2003","Hake",641
"107","Weight of External Trade of Fish (Exports) (Tonnes)","2004","Hake",157
"108","Value of External Trade of Fish (Exports) (Euro Thousand)","2004","Hake",475
"109","Weight of External Trade of Fish (Exports) (Tonnes)","1996","Herring",29102
"110","Value of External Trade of Fish (Exports) (Euro Thousand)","1996","Herring",23656
"111","Weight of External Trade of Fish (Exports) (Tonnes)","1997","Herring",28189
"112","Value of External Trade of Fish (Exports) (Euro Thousand)","1997","Herring",19616
"113","Weight of External Trade of Fish (Exports) (Tonnes)","1998","Herring",40476
"114","Value of External Trade of Fish (Exports) (Euro Thousand)","1998","Herring",25315
"115","Weight of External Trade of Fish (Exports) (Tonnes)","1999","Herring",29186
"116","Value of External Trade of Fish (Exports) (Euro Thousand)","1999","Herring",20698
"117","Weight of External Trade of Fish (Exports) (Tonnes)","2000","Herring",22697
"118","Value of External Trade of Fish (Exports) (Euro Thousand)","2000","Herring",21967
"119","Weight of External Trade of Fish (Exports) (Tonnes)","2001","Herring",30188
"120","Value of External Trade of Fish (Exports) (Euro Thousand)","2001","Herring",31022
"121","Weight of External Trade of Fish (Exports) (Tonnes)","2002","Herring",23422
"122","Value of External Trade of Fish (Exports) (Euro Thousand)","2002","Herring",27637
"123","Weight of External Trade of Fish (Exports) (Tonnes)","2003","Herring",22085
"124","Value of External Trade of Fish (Exports) (Euro Thousand)","2003","Herring",20272
"125","Weight of External Trade of Fish (Exports) (Tonnes)","2004","Herring",24715
"126","Value of External Trade of Fish (Exports) (Euro Thousand)","2004","Herring",20968
"127","Weight of External Trade of Fish (Exports) (Tonnes)","1996","Lamprey",147
"128","Value of External Trade of Fish (Exports) (Euro Thousand)","1996","Lamprey",406
"129","Weight of External Trade of Fish (Exports) (Tonnes)","1997","Lamprey",1155
"130","Value of External Trade of Fish (Exports) (Euro Thousand)","1997","Lamprey",3114
"131","Weight of External Trade of Fish (Exports) (Tonnes)","1998","Lamprey",900
"132","Value of External Trade of Fish (Exports) (Euro Thousand)","1998","Lamprey",2386
"133","Weight of External Trade of Fish (Exports) (Tonnes)","1999","Lamprey",1013
"134","Value of External Trade of Fish (Exports) (Euro Thousand)","1999","Lamprey",3006
"135","Weight of External Trade of Fish (Exports) (Tonnes)","2000","Lamprey",1161
"136","Value of External Trade of Fish (Exports) (Euro Thousand)","2000","Lamprey",3268
"137","Weight of External Trade of Fish (Exports) (Tonnes)","2001","Lamprey",1774
"138","Value of External Trade of Fish (Exports) (Euro Thousand)","2001","Lamprey",5231
"139","Weight of External Trade of Fish (Exports) (Tonnes)","2002","Lamprey",NA
"140","Value of External Trade of Fish (Exports) (Euro Thousand)","2002","Lamprey",NA
"141","Weight of External Trade of Fish (Exports) (Tonnes)","2003","Lamprey",NA
"142","Value of External Trade of Fish (Exports) (Euro Thousand)","2003","Lamprey",NA
"143","Weight of External Trade of Fish (Exports) (Tonnes)","2004","Lamprey",NA
"144","Value of External Trade of Fish (Exports) (Euro Thousand)","2004","Lamprey",NA
"145","Weight of External Trade of Fish (Exports) (Tonnes)","1996","Livers and Roes",5372
"146","Value of External Trade of Fish (Exports) (Euro Thousand)","1996","Livers and Roes",17931
"147","Weight of External Trade of Fish (Exports) (Tonnes)","1997","Livers and Roes",1047
"148","Value of External Trade of Fish (Exports) (Euro Thousand)","1997","Livers and Roes",4810
"149","Weight of External Trade of Fish (Exports) (Tonnes)","1998","Livers and Roes",2193
"150","Value of External Trade of Fish (Exports) (Euro Thousand)","1998","Livers and Roes",5623
"151","Weight of External Trade of Fish (Exports) (Tonnes)","1999","Livers and Roes",578
"152","Value of External Trade of Fish (Exports) (Euro Thousand)","1999","Livers and Roes",2602
"153","Weight of External Trade of Fish (Exports) (Tonnes)","2000","Livers and Roes",725
"154","Value of External Trade of Fish (Exports) (Euro Thousand)","2000","Livers and Roes",3413
"155","Weight of External Trade of Fish (Exports) (Tonnes)","2001","Livers and Roes",621
"156","Value of External Trade of Fish (Exports) (Euro Thousand)","2001","Livers and Roes",2825
"157","Weight of External Trade of Fish (Exports) (Tonnes)","2002","Livers and Roes",545
"158","Value of External Trade of Fish (Exports) (Euro Thousand)","2002","Livers and Roes",1772
"159","Weight of External Trade of Fish (Exports) (Tonnes)","2003","Livers and Roes",1542
"160","Value of External Trade of Fish (Exports) (Euro Thousand)","2003","Livers and Roes",3727
"161","Weight of External Trade of Fish (Exports) (Tonnes)","2004","Livers and Roes",552
"162","Value of External Trade of Fish (Exports) (Euro Thousand)","2004","Livers and Roes",3169
"163","Weight of External Trade of Fish (Exports) (Tonnes)","1996","Lobster",274
"164","Value of External Trade of Fish (Exports) (Euro Thousand)","1996","Lobster",3965
"165","Weight of External Trade of Fish (Exports) (Tonnes)","1997","Lobster",545
"166","Value of External Trade of Fish (Exports) (Euro Thousand)","1997","Lobster",5244
"167","Weight of External Trade of Fish (Exports) (Tonnes)","1998","Lobster",395
"168","Value of External Trade of Fish (Exports) (Euro Thousand)","1998","Lobster",4165
"169","Weight of External Trade of Fish (Exports) (Tonnes)","1999","Lobster",249
"170","Value of External Trade of Fish (Exports) (Euro Thousand)","1999","Lobster",4032
"171","Weight of External Trade of Fish (Exports) (Tonnes)","2000","Lobster",262
"172","Value of External Trade of Fish (Exports) (Euro Thousand)","2000","Lobster",4570
"173","Weight of External Trade of Fish (Exports) (Tonnes)","2001","Lobster",312
"174","Value of External Trade of Fish (Exports) (Euro Thousand)","2001","Lobster",5281
"175","Weight of External Trade of Fish (Exports) (Tonnes)","2002","Lobster",256
"176","Value of External Trade of Fish (Exports) (Euro Thousand)","2002","Lobster",4303
"177","Weight of External Trade of Fish (Exports) (Tonnes)","2003","Lobster",299
"178","Value of External Trade of Fish (Exports) (Euro Thousand)","2003","Lobster",4762
"179","Weight of External Trade of Fish (Exports) (Tonnes)","2004","Lobster",255
"180","Value of External Trade of Fish (Exports) (Euro Thousand)","2004","Lobster",4523
"181","Weight of External Trade of Fish (Exports) (Tonnes)","1996","Mackerel and Horse Mackerel",169773
"182","Value of External Trade of Fish (Exports) (Euro Thousand)","1996","Mackerel and Horse Mackerel",96919
"183","Weight of External Trade of Fish (Exports) (Tonnes)","1997","Mackerel and Horse Mackerel",139546
"184","Value of External Trade of Fish (Exports) (Euro Thousand)","1997","Mackerel and Horse Mackerel",84535
"185","Weight of External Trade of Fish (Exports) (Tonnes)","1998","Mackerel and Horse Mackerel",126132
"186","Value of External Trade of Fish (Exports) (Euro Thousand)","1998","Mackerel and Horse Mackerel",75023
"187","Weight of External Trade of Fish (Exports) (Tonnes)","1999","Mackerel and Horse Mackerel",101646
"188","Value of External Trade of Fish (Exports) (Euro Thousand)","1999","Mackerel and Horse Mackerel",57699
"189","Weight of External Trade of Fish (Exports) (Tonnes)","2000","Mackerel and Horse Mackerel",102946
"190","Value of External Trade of Fish (Exports) (Euro Thousand)","2000","Mackerel and Horse Mackerel",68157
"191","Weight of External Trade of Fish (Exports) (Tonnes)","2001","Mackerel and Horse Mackerel",128196
"192","Value of External Trade of Fish (Exports) (Euro Thousand)","2001","Mackerel and Horse Mackerel",106041
"193","Weight of External Trade of Fish (Exports) (Tonnes)","2002","Mackerel and Horse Mackerel",150541
"194","Value of External Trade of Fish (Exports) (Euro Thousand)","2002","Mackerel and Horse Mackerel",116013
"195","Weight of External Trade of Fish (Exports) (Tonnes)","2003","Mackerel and Horse Mackerel",106769
"196","Value of External Trade of Fish (Exports) (Euro Thousand)","2003","Mackerel and Horse Mackerel",84259
"197","Weight of External Trade of Fish (Exports) (Tonnes)","2004","Mackerel and Horse Mackerel",114246
"198","Value of External Trade of Fish (Exports) (Euro Thousand)","2004","Mackerel and Horse Mackerel",82787
"199","Weight of External Trade of Fish (Exports) (Tonnes)","1996","Megrim",3054
"200","Value of External Trade of Fish (Exports) (Euro Thousand)","1996","Megrim",9240
"201","Weight of External Trade of Fish (Exports) (Tonnes)","1997","Megrim",2669
"202","Value of External Trade of Fish (Exports) (Euro Thousand)","1997","Megrim",7391
"203","Weight of External Trade of Fish (Exports) (Tonnes)","1998","Megrim",2046
"204","Value of External Trade of Fish (Exports) (Euro Thousand)","1998","Megrim",6375
"205","Weight of External Trade of Fish (Exports) (Tonnes)","1999","Megrim",1956
"206","Value of External Trade of Fish (Exports) (Euro Thousand)","1999","Megrim",6723
"207","Weight of External Trade of Fish (Exports) (Tonnes)","2000","Megrim",2014
"208","Value of External Trade of Fish (Exports) (Euro Thousand)","2000","Megrim",6930
"209","Weight of External Trade of Fish (Exports) (Tonnes)","2001","Megrim",1960
"210","Value of External Trade of Fish (Exports) (Euro Thousand)","2001","Megrim",6951
"211","Weight of External Trade of Fish (Exports) (Tonnes)","2002","Megrim",1593
"212","Value of External Trade of Fish (Exports) (Euro Thousand)","2002","Megrim",5346
"213","Weight of External Trade of Fish (Exports) (Tonnes)","2003","Megrim",1571
"214","Value of External Trade of Fish (Exports) (Euro Thousand)","2003","Megrim",5792
"215","Weight of External Trade of Fish (Exports) (Tonnes)","2004","Megrim",1728
"216","Value of External Trade of Fish (Exports) (Euro Thousand)","2004","Megrim",6785
"217","Weight of External Trade of Fish (Exports) (Tonnes)","1996","Monk/Angler",2808
"218","Value of External Trade of Fish (Exports) (Euro Thousand)","1996","Monk/Angler",9783
"219","Weight of External Trade of Fish (Exports) (Tonnes)","1997","Monk/Angler",2691
"220","Value of External Trade of Fish (Exports) (Euro Thousand)","1997","Monk/Angler",9976
"221","Weight of External Trade of Fish (Exports) (Tonnes)","1998","Monk/Angler",2347
"222","Value of External Trade of Fish (Exports) (Euro Thousand)","1998","Monk/Angler",10220
"223","Weight of External Trade of Fish (Exports) (Tonnes)","1999","Monk/Angler",2406
"224","Value of External Trade of Fish (Exports) (Euro Thousand)","1999","Monk/Angler",10983
"225","Weight of External Trade of Fish (Exports) (Tonnes)","2000","Monk/Angler",2461
"226","Value of External Trade of Fish (Exports) (Euro Thousand)","2000","Monk/Angler",12073
"227","Weight of External Trade of Fish (Exports) (Tonnes)","2001","Monk/Angler",2880
"228","Value of External Trade of Fish (Exports) (Euro Thousand)","2001","Monk/Angler",14090
"229","Weight of External Trade of Fish (Exports) (Tonnes)","2002","Monk/Angler",2856
"230","Value of External Trade of Fish (Exports) (Euro Thousand)","2002","Monk/Angler",12631
"231","Weight of External Trade of Fish (Exports) (Tonnes)","2003","Monk/Angler",4171
"232","Value of External Trade of Fish (Exports) (Euro Thousand)","2003","Monk/Angler",16404
"233","Weight of External Trade of Fish (Exports) (Tonnes)","2004","Monk/Angler",4968
"234","Value of External Trade of Fish (Exports) (Euro Thousand)","2004","Monk/Angler",21050
"235","Weight of External Trade of Fish (Exports) (Tonnes)","1996","Mussels",9803
"236","Value of External Trade of Fish (Exports) (Euro Thousand)","1996","Mussels",16552
"237","Weight of External Trade of Fish (Exports) (Tonnes)","1997","Mussels",11591
"238","Value of External Trade of Fish (Exports) (Euro Thousand)","1997","Mussels",17770
"239","Weight of External Trade of Fish (Exports) (Tonnes)","1998","Mussels",11821
"240","Value of External Trade of Fish (Exports) (Euro Thousand)","1998","Mussels",20662
"241","Weight of External Trade of Fish (Exports) (Tonnes)","1999","Mussels",10550
"242","Value of External Trade of Fish (Exports) (Euro Thousand)","1999","Mussels",19010
"243","Weight of External Trade of Fish (Exports) (Tonnes)","2000","Mussels",13626
"244","Value of External Trade of Fish (Exports) (Euro Thousand)","2000","Mussels",24086
"245","Weight of External Trade of Fish (Exports) (Tonnes)","2001","Mussels",20208
"246","Value of External Trade of Fish (Exports) (Euro Thousand)","2001","Mussels",32294
"247","Weight of External Trade of Fish (Exports) (Tonnes)","2002","Mussels",21022
"248","Value of External Trade of Fish (Exports) (Euro Thousand)","2002","Mussels",35910
"249","Weight of External Trade of Fish (Exports) (Tonnes)","2003","Mussels",22007
"250","Value of External Trade of Fish (Exports) (Euro Thousand)","2003","Mussels",36406
"251","Weight of External Trade of Fish (Exports) (Tonnes)","2004","Mussels",20401
"252","Value of External Trade of Fish (Exports) (Euro Thousand)","2004","Mussels",34829
"253","Weight of External Trade of Fish (Exports) (Tonnes)","1996","Oysters",1282
"254","Value of External Trade of Fish (Exports) (Euro Thousand)","1996","Oysters",2303
"255","Weight of External Trade of Fish (Exports) (Tonnes)","1997","Oysters",1501
"256","Value of External Trade of Fish (Exports) (Euro Thousand)","1997","Oysters",2249
"257","Weight of External Trade of Fish (Exports) (Tonnes)","1998","Oysters",1734
"258","Value of External Trade of Fish (Exports) (Euro Thousand)","1998","Oysters",2769
"259","Weight of External Trade of Fish (Exports) (Tonnes)","1999","Oysters",1056
"260","Value of External Trade of Fish (Exports) (Euro Thousand)","1999","Oysters",2770
"261","Weight of External Trade of Fish (Exports) (Tonnes)","2000","Oysters",1042
"262","Value of External Trade of Fish (Exports) (Euro Thousand)","2000","Oysters",3786
"263","Weight of External Trade of Fish (Exports) (Tonnes)","2001","Oysters",1067
"264","Value of External Trade of Fish (Exports) (Euro Thousand)","2001","Oysters",4362
"265","Weight of External Trade of Fish (Exports) (Tonnes)","2002","Oysters",900
"266","Value of External Trade of Fish (Exports) (Euro Thousand)","2002","Oysters",3779
"267","Weight of External Trade of Fish (Exports) (Tonnes)","2003","Oysters",1422
"268","Value of External Trade of Fish (Exports) (Euro Thousand)","2003","Oysters",3892
"269","Weight of External Trade of Fish (Exports) (Tonnes)","2004","Oysters",1313
"270","Value of External Trade of Fish (Exports) (Euro Thousand)","2004","Oysters",3661
"271","Weight of External Trade of Fish (Exports) (Tonnes)","1996","Pollock",683
"272","Value of External Trade of Fish (Exports) (Euro Thousand)","1996","Pollock",838
"273","Weight of External Trade of Fish (Exports) (Tonnes)","1997","Pollock",526
"274","Value of External Trade of Fish (Exports) (Euro Thousand)","1997","Pollock",645
"275","Weight of External Trade of Fish (Exports) (Tonnes)","1998","Pollock",258
"276","Value of External Trade of Fish (Exports) (Euro Thousand)","1998","Pollock",366
"277","Weight of External Trade of Fish (Exports) (Tonnes)","1999","Pollock",205
"278","Value of External Trade of Fish (Exports) (Euro Thousand)","1999","Pollock",341
"279","Weight of External Trade of Fish (Exports) (Tonnes)","2000","Pollock",480
"280","Value of External Trade of Fish (Exports) (Euro Thousand)","2000","Pollock",581
"281","Weight of External Trade of Fish (Exports) (Tonnes)","2001","Pollock",633
"282","Value of External Trade of Fish (Exports) (Euro Thousand)","2001","Pollock",721
"283","Weight of External Trade of Fish (Exports) (Tonnes)","2002","Pollock",97
"284","Value of External Trade of Fish (Exports) (Euro Thousand)","2002","Pollock",148
"285","Weight of External Trade of Fish (Exports) (Tonnes)","2003","Pollock",137
"286","Value of External Trade of Fish (Exports) (Euro Thousand)","2003","Pollock",241
"287","Weight of External Trade of Fish (Exports) (Tonnes)","2004","Pollock",207
"288","Value of External Trade of Fish (Exports) (Euro Thousand)","2004","Pollock",410
"289","Weight of External Trade of Fish (Exports) (Tonnes)","1996","Salmon",11954
"290","Value of External Trade of Fish (Exports) (Euro Thousand)","1996","Salmon",37974
"291","Weight of External Trade of Fish (Exports) (Tonnes)","1997","Salmon",11100
"292","Value of External Trade of Fish (Exports) (Euro Thousand)","1997","Salmon",36124
"293","Weight of External Trade of Fish (Exports) (Tonnes)","1998","Salmon",10253
"294","Value of External Trade of Fish (Exports) (Euro Thousand)","1998","Salmon",37040
"295","Weight of External Trade of Fish (Exports) (Tonnes)","1999","Salmon",11520
"296","Value of External Trade of Fish (Exports) (Euro Thousand)","1999","Salmon",47356
"297","Weight of External Trade of Fish (Exports) (Tonnes)","2000","Salmon",10796
"298","Value of External Trade of Fish (Exports) (Euro Thousand)","2000","Salmon",50964
"299","Weight of External Trade of Fish (Exports) (Tonnes)","2001","Salmon",16982
"300","Value of External Trade of Fish (Exports) (Euro Thousand)","2001","Salmon",61688
"301","Weight of External Trade of Fish (Exports) (Tonnes)","2002","Salmon",15819
"302","Value of External Trade of Fish (Exports) (Euro Thousand)","2002","Salmon",57966
"303","Weight of External Trade of Fish (Exports) (Tonnes)","2003","Salmon",11669
"304","Value of External Trade of Fish (Exports) (Euro Thousand)","2003","Salmon",45045
"305","Weight of External Trade of Fish (Exports) (Tonnes)","2004","Salmon",8303
"306","Value of External Trade of Fish (Exports) (Euro Thousand)","2004","Salmon",36642
"307","Weight of External Trade of Fish (Exports) (Tonnes)","1996","Sardines",1627
"308","Value of External Trade of Fish (Exports) (Euro Thousand)","1996","Sardines",988
"309","Weight of External Trade of Fish (Exports) (Tonnes)","1997","Sardines",622
"310","Value of External Trade of Fish (Exports) (Euro Thousand)","1997","Sardines",405
"311","Weight of External Trade of Fish (Exports) (Tonnes)","1998","Sardines",1120
"312","Value of External Trade of Fish (Exports) (Euro Thousand)","1998","Sardines",573
"313","Weight of External Trade of Fish (Exports) (Tonnes)","1999","Sardines",2011
"314","Value of External Trade of Fish (Exports) (Euro Thousand)","1999","Sardines",1610
"315","Weight of External Trade of Fish (Exports) (Tonnes)","2000","Sardines",4819
"316","Value of External Trade of Fish (Exports) (Euro Thousand)","2000","Sardines",5333
"317","Weight of External Trade of Fish (Exports) (Tonnes)","2001","Sardines",25992
"318","Value of External Trade of Fish (Exports) (Euro Thousand)","2001","Sardines",12055
"319","Weight of External Trade of Fish (Exports) (Tonnes)","2002","Sardines",22194
"320","Value of External Trade of Fish (Exports) (Euro Thousand)","2002","Sardines",9272
"321","Weight of External Trade of Fish (Exports) (Tonnes)","2003","Sardines",21448
"322","Value of External Trade of Fish (Exports) (Euro Thousand)","2003","Sardines",8498
"323","Weight of External Trade of Fish (Exports) (Tonnes)","2004","Sardines",14655
"324","Value of External Trade of Fish (Exports) (Euro Thousand)","2004","Sardines",8623
"325","Weight of External Trade of Fish (Exports) (Tonnes)","1996","Scallops",158
"326","Value of External Trade of Fish (Exports) (Euro Thousand)","1996","Scallops",1395
"327","Weight of External Trade of Fish (Exports) (Tonnes)","1997","Scallops",378
"328","Value of External Trade of Fish (Exports) (Euro Thousand)","1997","Scallops",1987
"329","Weight of External Trade of Fish (Exports) (Tonnes)","1998","Scallops",288
"330","Value of External Trade of Fish (Exports) (Euro Thousand)","1998","Scallops",2405
"331","Weight of External Trade of Fish (Exports) (Tonnes)","1999","Scallops",624
"332","Value of External Trade of Fish (Exports) (Euro Thousand)","1999","Scallops",4543
"333","Weight of External Trade of Fish (Exports) (Tonnes)","2000","Scallops",684
"334","Value of External Trade of Fish (Exports) (Euro Thousand)","2000","Scallops",4308
"335","Weight of External Trade of Fish (Exports) (Tonnes)","2001","Scallops",623
"336","Value of External Trade of Fish (Exports) (Euro Thousand)","2001","Scallops",4497
"337","Weight of External Trade of Fish (Exports) (Tonnes)","2002","Scallops",467
"338","Value of External Trade of Fish (Exports) (Euro Thousand)","2002","Scallops",4115
"339","Weight of External Trade of Fish (Exports) (Tonnes)","2003","Scallops",551
"340","Value of External Trade of Fish (Exports) (Euro Thousand)","2003","Scallops",4703
"341","Weight of External Trade of Fish (Exports) (Tonnes)","2004","Scallops",445
"342","Value of External Trade of Fish (Exports) (Euro Thousand)","2004","Scallops",4211
"343","Weight of External Trade of Fish (Exports) (Tonnes)","1996","Shrimps and Prawns",5791
"344","Value of External Trade of Fish (Exports) (Euro Thousand)","1996","Shrimps and Prawns",30024
"345","Weight of External Trade of Fish (Exports) (Tonnes)","1997","Shrimps and Prawns",5986
"346","Value of External Trade of Fish (Exports) (Euro Thousand)","1997","Shrimps and Prawns",33546
"347","Weight of External Trade of Fish (Exports) (Tonnes)","1998","Shrimps and Prawns",6635
"348","Value of External Trade of Fish (Exports) (Euro Thousand)","1998","Shrimps and Prawns",39867
"349","Weight of External Trade of Fish (Exports) (Tonnes)","1999","Shrimps and Prawns",8239
"350","Value of External Trade of Fish (Exports) (Euro Thousand)","1999","Shrimps and Prawns",50237
"351","Weight of External Trade of Fish (Exports) (Tonnes)","2000","Shrimps and Prawns",6710
"352","Value of External Trade of Fish (Exports) (Euro Thousand)","2000","Shrimps and Prawns",41458
"353","Weight of External Trade of Fish (Exports) (Tonnes)","2001","Shrimps and Prawns",7058
"354","Value of External Trade of Fish (Exports) (Euro Thousand)","2001","Shrimps and Prawns",46321
"355","Weight of External Trade of Fish (Exports) (Tonnes)","2002","Shrimps and Prawns",5790
"356","Value of External Trade of Fish (Exports) (Euro Thousand)","2002","Shrimps and Prawns",39941
"357","Weight of External Trade of Fish (Exports) (Tonnes)","2003","Shrimps and Prawns",7176
"358","Value of External Trade of Fish (Exports) (Euro Thousand)","2003","Shrimps and Prawns",43482
"359","Weight of External Trade of Fish (Exports) (Tonnes)","2004","Shrimps and Prawns",7930
"360","Value of External Trade of Fish (Exports) (Euro Thousand)","2004","Shrimps and Prawns",47603
"361","Weight of External Trade of Fish (Exports) (Tonnes)","1996","Sole",279
"362","Value of External Trade of Fish (Exports) (Euro Thousand)","1996","Sole",1249
"363","Weight of External Trade of Fish (Exports) (Tonnes)","1997","Sole",283
"364","Value of External Trade of Fish (Exports) (Euro Thousand)","1997","Sole",1365
"365","Weight of External Trade of Fish (Exports) (Tonnes)","1998","Sole",267
"366","Value of External Trade of Fish (Exports) (Euro Thousand)","1998","Sole",1740
"367","Weight of External Trade of Fish (Exports) (Tonnes)","1999","Sole",182
"368","Value of External Trade of Fish (Exports) (Euro Thousand)","1999","Sole",892
"369","Weight of External Trade of Fish (Exports) (Tonnes)","2000","Sole",170
"370","Value of External Trade of Fish (Exports) (Euro Thousand)","2000","Sole",901
"371","Weight of External Trade of Fish (Exports) (Tonnes)","2001","Sole",174
"372","Value of External Trade of Fish (Exports) (Euro Thousand)","2001","Sole",1077
"373","Weight of External Trade of Fish (Exports) (Tonnes)","2002","Sole",182
"374","Value of External Trade of Fish (Exports) (Euro Thousand)","2002","Sole",1288
"375","Weight of External Trade of Fish (Exports) (Tonnes)","2003","Sole",320
"376","Value of External Trade of Fish (Exports) (Euro Thousand)","2003","Sole",2161
"377","Weight of External Trade of Fish (Exports) (Tonnes)","2004","Sole",296
"378","Value of External Trade of Fish (Exports) (Euro Thousand)","2004","Sole",1956
"379","Weight of External Trade of Fish (Exports) (Tonnes)","1996","Squid",206
"380","Value of External Trade of Fish (Exports) (Euro Thousand)","1996","Squid",830
"381","Weight of External Trade of Fish (Exports) (Tonnes)","1997","Squid",208
"382","Value of External Trade of Fish (Exports) (Euro Thousand)","1997","Squid",965
"383","Weight of External Trade of Fish (Exports) (Tonnes)","1998","Squid",106
"384","Value of External Trade of Fish (Exports) (Euro Thousand)","1998","Squid",405
"385","Weight of External Trade of Fish (Exports) (Tonnes)","1999","Squid",210
"386","Value of External Trade of Fish (Exports) (Euro Thousand)","1999","Squid",737
"387","Weight of External Trade of Fish (Exports) (Tonnes)","2000","Squid",104
"388","Value of External Trade of Fish (Exports) (Euro Thousand)","2000","Squid",336
"389","Weight of External Trade of Fish (Exports) (Tonnes)","2001","Squid",129
"390","Value of External Trade of Fish (Exports) (Euro Thousand)","2001","Squid",375
"391","Weight of External Trade of Fish (Exports) (Tonnes)","2002","Squid",138
"392","Value of External Trade of Fish (Exports) (Euro Thousand)","2002","Squid",472
"393","Weight of External Trade of Fish (Exports) (Tonnes)","2003","Squid",318
"394","Value of External Trade of Fish (Exports) (Euro Thousand)","2003","Squid",1458
"395","Weight of External Trade of Fish (Exports) (Tonnes)","2004","Squid",202
"396","Value of External Trade of Fish (Exports) (Euro Thousand)","2004","Squid",1086
"397","Weight of External Trade of Fish (Exports) (Tonnes)","1996","Surimi",1418
"398","Value of External Trade of Fish (Exports) (Euro Thousand)","1996","Surimi",2932
"399","Weight of External Trade of Fish (Exports) (Tonnes)","1997","Surimi",204
"400","Value of External Trade of Fish (Exports) (Euro Thousand)","1997","Surimi",290
"401","Weight of External Trade of Fish (Exports) (Tonnes)","1998","Surimi",534
"402","Value of External Trade of Fish (Exports) (Euro Thousand)","1998","Surimi",941
"403","Weight of External Trade of Fish (Exports) (Tonnes)","1999","Surimi",814
"404","Value of External Trade of Fish (Exports) (Euro Thousand)","1999","Surimi",812
"405","Weight of External Trade of Fish (Exports) (Tonnes)","2000","Surimi",1367
"406","Value of External Trade of Fish (Exports) (Euro Thousand)","2000","Surimi",1424
"407","Weight of External Trade of Fish (Exports) (Tonnes)","2001","Surimi",1667
"408","Value of External Trade of Fish (Exports) (Euro Thousand)","2001","Surimi",2371
"409","Weight of External Trade of Fish (Exports) (Tonnes)","2002","Surimi",2792
"410","Value of External Trade of Fish (Exports) (Euro Thousand)","2002","Surimi",4721
"411","Weight of External Trade of Fish (Exports) (Tonnes)","2003","Surimi",2606
"412","Value of External Trade of Fish (Exports) (Euro Thousand)","2003","Surimi",5670
"413","Weight of External Trade of Fish (Exports) (Tonnes)","2004","Surimi",1537
"414","Value of External Trade of Fish (Exports) (Euro Thousand)","2004","Surimi",2408
"415","Weight of External Trade of Fish (Exports) (Tonnes)","1996","Trout",75
"416","Value of External Trade of Fish (Exports) (Euro Thousand)","1996","Trout",364
"417","Weight of External Trade of Fish (Exports) (Tonnes)","1997","Trout",140
"418","Value of External Trade of Fish (Exports) (Euro Thousand)","1997","Trout",300
"419","Weight of External Trade of Fish (Exports) (Tonnes)","1998","Trout",330
"420","Value of External Trade of Fish (Exports) (Euro Thousand)","1998","Trout",644
"421","Weight of External Trade of Fish (Exports) (Tonnes)","1999","Trout",1135
"422","Value of External Trade of Fish (Exports) (Euro Thousand)","1999","Trout",3740
"423","Weight of External Trade of Fish (Exports) (Tonnes)","2000","Trout",1639
"424","Value of External Trade of Fish (Exports) (Euro Thousand)","2000","Trout",6177
"425","Weight of External Trade of Fish (Exports) (Tonnes)","2001","Trout",2165
"426","Value of External Trade of Fish (Exports) (Euro Thousand)","2001","Trout",4978
"427","Weight of External Trade of Fish (Exports) (Tonnes)","2002","Trout",3431
"428","Value of External Trade of Fish (Exports) (Euro Thousand)","2002","Trout",8424
"429","Weight of External Trade of Fish (Exports) (Tonnes)","2003","Trout",1001
"430","Value of External Trade of Fish (Exports) (Euro Thousand)","2003","Trout",3443
"431","Weight of External Trade of Fish (Exports) (Tonnes)","2004","Trout",1266
"432","Value of External Trade of Fish (Exports) (Euro Thousand)","2004","Trout",3139
"433","Weight of External Trade of Fish (Exports) (Tonnes)","1996","Tuna",756
"434","Value of External Trade of Fish (Exports) (Euro Thousand)","1996","Tuna",1620
"435","Weight of External Trade of Fish (Exports) (Tonnes)","1997","Tuna",1358
"436","Value of External Trade of Fish (Exports) (Euro Thousand)","1997","Tuna",3607
"437","Weight of External Trade of Fish (Exports) (Tonnes)","1998","Tuna",2394
"438","Value of External Trade of Fish (Exports) (Euro Thousand)","1998","Tuna",5059
"439","Weight of External Trade of Fish (Exports) (Tonnes)","1999","Tuna",3285
"440","Value of External Trade of Fish (Exports) (Euro Thousand)","1999","Tuna",7673
"441","Weight of External Trade of Fish (Exports) (Tonnes)","2000","Tuna",3038
"442","Value of External Trade of Fish (Exports) (Euro Thousand)","2000","Tuna",7983
"443","Weight of External Trade of Fish (Exports) (Tonnes)","2001","Tuna",4335
"444","Value of External Trade of Fish (Exports) (Euro Thousand)","2001","Tuna",8842
"445","Weight of External Trade of Fish (Exports) (Tonnes)","2002","Tuna",648
"446","Value of External Trade of Fish (Exports) (Euro Thousand)","2002","Tuna",1316
"447","Weight of External Trade of Fish (Exports) (Tonnes)","2003","Tuna",4113
"448","Value of External Trade of Fish (Exports) (Euro Thousand)","2003","Tuna",4323
"449","Weight of External Trade of Fish (Exports) (Tonnes)","2004","Tuna",1120
"450","Value of External Trade of Fish (Exports) (Euro Thousand)","2004","Tuna",2550
"451","Weight of External Trade of Fish (Exports) (Tonnes)","1996","Whiting",3939
"452","Value of External Trade of Fish (Exports) (Euro Thousand)","1996","Whiting",5182
"453","Weight of External Trade of Fish (Exports) (Tonnes)","1997","Whiting",4513
"454","Value of External Trade of Fish (Exports) (Euro Thousand)","1997","Whiting",6388
"455","Weight of External Trade of Fish (Exports) (Tonnes)","1998","Whiting",1552
"456","Value of External Trade of Fish (Exports) (Euro Thousand)","1998","Whiting",3162
"457","Weight of External Trade of Fish (Exports) (Tonnes)","1999","Whiting",1360
"458","Value of External Trade of Fish (Exports) (Euro Thousand)","1999","Whiting",3420
"459","Weight of External Trade of Fish (Exports) (Tonnes)","2000","Whiting",1625
"460","Value of External Trade of Fish (Exports) (Euro Thousand)","2000","Whiting",3331
"461","Weight of External Trade of Fish (Exports) (Tonnes)","2001","Whiting",3032
"462","Value of External Trade of Fish (Exports) (Euro Thousand)","2001","Whiting",4118
"463","Weight of External Trade of Fish (Exports) (Tonnes)","2002","Whiting",5136
"464","Value of External Trade of Fish (Exports) (Euro Thousand)","2002","Whiting",5558
"465","Weight of External Trade of Fish (Exports) (Tonnes)","2003","Whiting",7704
"466","Value of External Trade of Fish (Exports) (Euro Thousand)","2003","Whiting",5678
"467","Weight of External Trade of Fish (Exports) (Tonnes)","2004","Whiting",1892
"468","Value of External Trade of Fish (Exports) (Euro Thousand)","2004","Whiting",3932
"469","Weight of External Trade of Fish (Exports) (Tonnes)","1996","Ling",326
"470","Value of External Trade of Fish (Exports) (Euro Thousand)","1996","Ling",493
"471","Weight of External Trade of Fish (Exports) (Tonnes)","1997","Ling",554
"472","Value of External Trade of Fish (Exports) (Euro Thousand)","1997","Ling",726
"473","Weight of External Trade of Fish (Exports) (Tonnes)","1998","Ling",280
"474","Value of External Trade of Fish (Exports) (Euro Thousand)","1998","Ling",460
"475","Weight of External Trade of Fish (Exports) (Tonnes)","1999","Ling",310
"476","Value of External Trade of Fish (Exports) (Euro Thousand)","1999","Ling",523
"477","Weight of External Trade of Fish (Exports) (Tonnes)","2000","Ling",225
"478","Value of External Trade of Fish (Exports) (Euro Thousand)","2000","Ling",422
"479","Weight of External Trade of Fish (Exports) (Tonnes)","2001","Ling",266
"480","Value of External Trade of Fish (Exports) (Euro Thousand)","2001","Ling",568
"481","Weight of External Trade of Fish (Exports) (Tonnes)","2002","Ling",156
"482","Value of External Trade of Fish (Exports) (Euro Thousand)","2002","Ling",285
"483","Weight of External Trade of Fish (Exports) (Tonnes)","2003","Ling",272
"484","Value of External Trade of Fish (Exports) (Euro Thousand)","2003","Ling",483
"485","Weight of External Trade of Fish (Exports) (Tonnes)","2004","Ling",311
"486","Value of External Trade of Fish (Exports) (Euro Thousand)","2004","Ling",541
"487","Weight of External Trade of Fish (Exports) (Tonnes)","1996","Meal, Oils, Fats, Waste",21652
"488","Value of External Trade of Fish (Exports) (Euro Thousand)","1996","Meal, Oils, Fats, Waste",14255
"489","Weight of External Trade of Fish (Exports) (Tonnes)","1997","Meal, Oils, Fats, Waste",14823
"490","Value of External Trade of Fish (Exports) (Euro Thousand)","1997","Meal, Oils, Fats, Waste",9917
"491","Weight of External Trade of Fish (Exports) (Tonnes)","1998","Meal, Oils, Fats, Waste",11930
"492","Value of External Trade of Fish (Exports) (Euro Thousand)","1998","Meal, Oils, Fats, Waste",9214
"493","Weight of External Trade of Fish (Exports) (Tonnes)","1999","Meal, Oils, Fats, Waste",7262
"494","Value of External Trade of Fish (Exports) (Euro Thousand)","1999","Meal, Oils, Fats, Waste",6421
"495","Weight of External Trade of Fish (Exports) (Tonnes)","2000","Meal, Oils, Fats, Waste",14312
"496","Value of External Trade of Fish (Exports) (Euro Thousand)","2000","Meal, Oils, Fats, Waste",9225
"497","Weight of External Trade of Fish (Exports) (Tonnes)","2001","Meal, Oils, Fats, Waste",38838
"498","Value of External Trade of Fish (Exports) (Euro Thousand)","2001","Meal, Oils, Fats, Waste",23817
"499","Weight of External Trade of Fish (Exports) (Tonnes)","2002","Meal, Oils, Fats, Waste",25178
"500","Value of External Trade of Fish (Exports) (Euro Thousand)","2002","Meal, Oils, Fats, Waste",17319
"501","Weight of External Trade of Fish (Exports) (Tonnes)","2003","Meal, Oils, Fats, Waste",16446
"502","Value of External Trade of Fish (Exports) (Euro Thousand)","2003","Meal, Oils, Fats, Waste",11741
"503","Weight of External Trade of Fish (Exports) (Tonnes)","2004","Meal, Oils, Fats, Waste",29757
"504","Value of External Trade of Fish (Exports) (Euro Thousand)","2004","Meal, Oils, Fats, Waste",20726
"505","Weight of External Trade of Fish (Exports) (Tonnes)","1996","Other Species and Products",13423
"506","Value of External Trade of Fish (Exports) (Euro Thousand)","1996","Other Species and Products",18976
"507","Weight of External Trade of Fish (Exports) (Tonnes)","1997","Other Species and Products",10361
"508","Value of External Trade of Fish (Exports) (Euro Thousand)","1997","Other Species and Products",18661
"509","Weight of External Trade of Fish (Exports) (Tonnes)","1998","Other Species and Products",12455
"510","Value of External Trade of Fish (Exports) (Euro Thousand)","1998","Other Species and Products",21508
"511","Weight of External Trade of Fish (Exports) (Tonnes)","1999","Other Species and Products",14339
"512","Value of External Trade of Fish (Exports) (Euro Thousand)","1999","Other Species and Products",26893
"513","Weight of External Trade of Fish (Exports) (Tonnes)","2000","Other Species and Products",14300
"514","Value of External Trade of Fish (Exports) (Euro Thousand)","2000","Other Species and Products",27602
"515","Weight of External Trade of Fish (Exports) (Tonnes)","2001","Other Species and Products",14590
"516","Value of External Trade of Fish (Exports) (Euro Thousand)","2001","Other Species and Products",38362
"517","Weight of External Trade of Fish (Exports) (Tonnes)","2002","Other Species and Products",11500
"518","Value of External Trade of Fish (Exports) (Euro Thousand)","2002","Other Species and Products",35085
"519","Weight of External Trade of Fish (Exports) (Tonnes)","2003","Other Species and Products",13792
"520","Value of External Trade of Fish (Exports) (Euro Thousand)","2003","Other Species and Products",36400
"521","Weight of External Trade of Fish (Exports) (Tonnes)","2004","Other Species and Products",14634
"522","Value of External Trade of Fish (Exports) (Euro Thousand)","2004","Other Species and Products",37122
