"","Statistic","Year","Country","value"
"1","Weight of External Trade (Exports) (Tonnes)","1994","All countries",247581
"2","Value of External Trade (Exports) (Euro Thousand)","1994","All countries",242628
"3","Weight of External Trade (Exports) (Tonnes)","1995","All countries",297088
"4","Value of External Trade (Exports) (Euro Thousand)","1995","All countries",277363
"5","Weight of External Trade (Exports) (Tonnes)","1996","All countries",293036
"6","Value of External Trade (Exports) (Euro Thousand)","1996","All countries",319965
"7","Weight of External Trade (Exports) (Tonnes)","1997","All countries",250027
"8","Value of External Trade (Exports) (Euro Thousand)","1997","All countries",290402
"9","Weight of External Trade (Exports) (Tonnes)","1998","All countries",248148
"10","Value of External Trade (Exports) (Euro Thousand)","1998","All countries",304331
"11","Weight of External Trade (Exports) (Tonnes)","1999","All countries",208402
"12","Value of External Trade (Exports) (Euro Thousand)","1999","All countries",306040
"13","Weight of External Trade (Exports) (Tonnes)","2000","All countries",216898
"14","Value of External Trade (Exports) (Euro Thousand)","2000","All countries",333153
"15","Weight of External Trade (Exports) (Tonnes)","2001","All countries",314371
"16","Value of External Trade (Exports) (Euro Thousand)","2001","All countries",447026
"17","Weight of External Trade (Exports) (Tonnes)","2002","All countries",308119
"18","Value of External Trade (Exports) (Euro Thousand)","2002","All countries",427819
"19","Weight of External Trade (Exports) (Tonnes)","2003","All countries",260542
"20","Value of External Trade (Exports) (Euro Thousand)","2003","All countries",383953
"21","Weight of External Trade (Exports) (Tonnes)","2004","All countries",264581
"22","Value of External Trade (Exports) (Euro Thousand)","2004","All countries",391238
"23","Weight of External Trade (Exports) (Tonnes)","1994","EU25",NA
"24","Value of External Trade (Exports) (Euro Thousand)","1994","EU25",NA
"25","Weight of External Trade (Exports) (Tonnes)","1995","EU25",NA
"26","Value of External Trade (Exports) (Euro Thousand)","1995","EU25",NA
"27","Weight of External Trade (Exports) (Tonnes)","1996","EU25",NA
"28","Value of External Trade (Exports) (Euro Thousand)","1996","EU25",NA
"29","Weight of External Trade (Exports) (Tonnes)","1997","EU25",NA
"30","Value of External Trade (Exports) (Euro Thousand)","1997","EU25",NA
"31","Weight of External Trade (Exports) (Tonnes)","1998","EU25",NA
"32","Value of External Trade (Exports) (Euro Thousand)","1998","EU25",NA
"33","Weight of External Trade (Exports) (Tonnes)","1999","EU25",NA
"34","Value of External Trade (Exports) (Euro Thousand)","1999","EU25",NA
"35","Weight of External Trade (Exports) (Tonnes)","2000","EU25",NA
"36","Value of External Trade (Exports) (Euro Thousand)","2000","EU25",NA
"37","Weight of External Trade (Exports) (Tonnes)","2001","EU25",NA
"38","Value of External Trade (Exports) (Euro Thousand)","2001","EU25",NA
"39","Weight of External Trade (Exports) (Tonnes)","2002","EU25",NA
"40","Value of External Trade (Exports) (Euro Thousand)","2002","EU25",NA
"41","Weight of External Trade (Exports) (Tonnes)","2003","EU25",NA
"42","Value of External Trade (Exports) (Euro Thousand)","2003","EU25",NA
"43","Weight of External Trade (Exports) (Tonnes)","2004","EU25",179715
"44","Value of External Trade (Exports) (Euro Thousand)","2004","EU25",321504
"45","Weight of External Trade (Exports) (Tonnes)","1994","EU15",157864
"46","Value of External Trade (Exports) (Euro Thousand)","1994","EU15",188451
"47","Weight of External Trade (Exports) (Tonnes)","1995","EU15",159621
"48","Value of External Trade (Exports) (Euro Thousand)","1995","EU15",200212
"49","Weight of External Trade (Exports) (Tonnes)","1996","EU15",178411
"50","Value of External Trade (Exports) (Euro Thousand)","1996","EU15",227646
"51","Weight of External Trade (Exports) (Tonnes)","1997","EU15",147162
"52","Value of External Trade (Exports) (Euro Thousand)","1997","EU15",216341
"53","Weight of External Trade (Exports) (Tonnes)","1998","EU15",159065
"54","Value of External Trade (Exports) (Euro Thousand)","1998","EU15",241626
"55","Weight of External Trade (Exports) (Tonnes)","1999","EU15",124792
"56","Value of External Trade (Exports) (Euro Thousand)","1999","EU15",246801
"57","Weight of External Trade (Exports) (Tonnes)","2000","EU15",128753
"58","Value of External Trade (Exports) (Euro Thousand)","2000","EU15",260884
"59","Weight of External Trade (Exports) (Tonnes)","2001","EU15",209584
"60","Value of External Trade (Exports) (Euro Thousand)","2001","EU15",351483
"61","Weight of External Trade (Exports) (Tonnes)","2002","EU15",189633
"62","Value of External Trade (Exports) (Euro Thousand)","2002","EU15",320699
"63","Weight of External Trade (Exports) (Tonnes)","2003","EU15",174029
"64","Value of External Trade (Exports) (Euro Thousand)","2003","EU15",299885
"65","Weight of External Trade (Exports) (Tonnes)","2004","EU15",162484
"66","Value of External Trade (Exports) (Euro Thousand)","2004","EU15",304438
"67","Weight of External Trade (Exports) (Tonnes)","1994","Austria",714
"68","Value of External Trade (Exports) (Euro Thousand)","1994","Austria",736
"69","Weight of External Trade (Exports) (Tonnes)","1995","Austria",326
"70","Value of External Trade (Exports) (Euro Thousand)","1995","Austria",281
"71","Weight of External Trade (Exports) (Tonnes)","1996","Austria",351
"72","Value of External Trade (Exports) (Euro Thousand)","1996","Austria",408
"73","Weight of External Trade (Exports) (Tonnes)","1997","Austria",335
"74","Value of External Trade (Exports) (Euro Thousand)","1997","Austria",483
"75","Weight of External Trade (Exports) (Tonnes)","1998","Austria",256
"76","Value of External Trade (Exports) (Euro Thousand)","1998","Austria",398
"77","Weight of External Trade (Exports) (Tonnes)","1999","Austria",192
"78","Value of External Trade (Exports) (Euro Thousand)","1999","Austria",192
"79","Weight of External Trade (Exports) (Tonnes)","2000","Austria",188
"80","Value of External Trade (Exports) (Euro Thousand)","2000","Austria",304
"81","Weight of External Trade (Exports) (Tonnes)","2001","Austria",510
"82","Value of External Trade (Exports) (Euro Thousand)","2001","Austria",705
"83","Weight of External Trade (Exports) (Tonnes)","2002","Austria",351
"84","Value of External Trade (Exports) (Euro Thousand)","2002","Austria",525
"85","Weight of External Trade (Exports) (Tonnes)","2003","Austria",213
"86","Value of External Trade (Exports) (Euro Thousand)","2003","Austria",385
"87","Weight of External Trade (Exports) (Tonnes)","2004","Austria",304
"88","Value of External Trade (Exports) (Euro Thousand)","2004","Austria",455
"89","Weight of External Trade (Exports) (Tonnes)","1994","Belgium/Luxemburg",802
"90","Value of External Trade (Exports) (Euro Thousand)","1994","Belgium/Luxemburg",2058
"91","Weight of External Trade (Exports) (Tonnes)","1995","Belgium/Luxemburg",967
"92","Value of External Trade (Exports) (Euro Thousand)","1995","Belgium/Luxemburg",2672
"93","Weight of External Trade (Exports) (Tonnes)","1996","Belgium/Luxemburg",1664
"94","Value of External Trade (Exports) (Euro Thousand)","1996","Belgium/Luxemburg",3635
"95","Weight of External Trade (Exports) (Tonnes)","1997","Belgium/Luxemburg",1055
"96","Value of External Trade (Exports) (Euro Thousand)","1997","Belgium/Luxemburg",2807
"97","Weight of External Trade (Exports) (Tonnes)","1998","Belgium/Luxemburg",1010
"98","Value of External Trade (Exports) (Euro Thousand)","1998","Belgium/Luxemburg",2133
"99","Weight of External Trade (Exports) (Tonnes)","1999","Belgium/Luxemburg",952
"100","Value of External Trade (Exports) (Euro Thousand)","1999","Belgium/Luxemburg",2356
"101","Weight of External Trade (Exports) (Tonnes)","2000","Belgium/Luxemburg",1565
"102","Value of External Trade (Exports) (Euro Thousand)","2000","Belgium/Luxemburg",3096
"103","Weight of External Trade (Exports) (Tonnes)","2001","Belgium/Luxemburg",856
"104","Value of External Trade (Exports) (Euro Thousand)","2001","Belgium/Luxemburg",3159
"105","Weight of External Trade (Exports) (Tonnes)","2002","Belgium/Luxemburg",589
"106","Value of External Trade (Exports) (Euro Thousand)","2002","Belgium/Luxemburg",2584
"107","Weight of External Trade (Exports) (Tonnes)","2003","Belgium/Luxemburg",1634
"108","Value of External Trade (Exports) (Euro Thousand)","2003","Belgium/Luxemburg",4983
"109","Weight of External Trade (Exports) (Tonnes)","2004","Belgium/Luxemburg",1126
"110","Value of External Trade (Exports) (Euro Thousand)","2004","Belgium/Luxemburg",3584
"111","Weight of External Trade (Exports) (Tonnes)","1994","Cyprus",NA
"112","Value of External Trade (Exports) (Euro Thousand)","1994","Cyprus",NA
"113","Weight of External Trade (Exports) (Tonnes)","1995","Cyprus",NA
"114","Value of External Trade (Exports) (Euro Thousand)","1995","Cyprus",NA
"115","Weight of External Trade (Exports) (Tonnes)","1996","Cyprus",NA
"116","Value of External Trade (Exports) (Euro Thousand)","1996","Cyprus",NA
"117","Weight of External Trade (Exports) (Tonnes)","1997","Cyprus",NA
"118","Value of External Trade (Exports) (Euro Thousand)","1997","Cyprus",NA
"119","Weight of External Trade (Exports) (Tonnes)","1998","Cyprus",NA
"120","Value of External Trade (Exports) (Euro Thousand)","1998","Cyprus",NA
"121","Weight of External Trade (Exports) (Tonnes)","1999","Cyprus",NA
"122","Value of External Trade (Exports) (Euro Thousand)","1999","Cyprus",NA
"123","Weight of External Trade (Exports) (Tonnes)","2000","Cyprus",NA
"124","Value of External Trade (Exports) (Euro Thousand)","2000","Cyprus",NA
"125","Weight of External Trade (Exports) (Tonnes)","2001","Cyprus",NA
"126","Value of External Trade (Exports) (Euro Thousand)","2001","Cyprus",NA
"127","Weight of External Trade (Exports) (Tonnes)","2002","Cyprus",79
"128","Value of External Trade (Exports) (Euro Thousand)","2002","Cyprus",47
"129","Weight of External Trade (Exports) (Tonnes)","2003","Cyprus",34
"130","Value of External Trade (Exports) (Euro Thousand)","2003","Cyprus",17
"131","Weight of External Trade (Exports) (Tonnes)","2004","Cyprus",181
"132","Value of External Trade (Exports) (Euro Thousand)","2004","Cyprus",182
"133","Weight of External Trade (Exports) (Tonnes)","1994","Czech Republic",788
"134","Value of External Trade (Exports) (Euro Thousand)","1994","Czech Republic",495
"135","Weight of External Trade (Exports) (Tonnes)","1995","Czech Republic",1280
"136","Value of External Trade (Exports) (Euro Thousand)","1995","Czech Republic",881
"137","Weight of External Trade (Exports) (Tonnes)","1996","Czech Republic",2223
"138","Value of External Trade (Exports) (Euro Thousand)","1996","Czech Republic",1681
"139","Weight of External Trade (Exports) (Tonnes)","1997","Czech Republic",2191
"140","Value of External Trade (Exports) (Euro Thousand)","1997","Czech Republic",1545
"141","Weight of External Trade (Exports) (Tonnes)","1998","Czech Republic",2212
"142","Value of External Trade (Exports) (Euro Thousand)","1998","Czech Republic",1650
"143","Weight of External Trade (Exports) (Tonnes)","1999","Czech Republic",1770
"144","Value of External Trade (Exports) (Euro Thousand)","1999","Czech Republic",1028
"145","Weight of External Trade (Exports) (Tonnes)","2000","Czech Republic",1247
"146","Value of External Trade (Exports) (Euro Thousand)","2000","Czech Republic",1004
"147","Weight of External Trade (Exports) (Tonnes)","2001","Czech Republic",2442
"148","Value of External Trade (Exports) (Euro Thousand)","2001","Czech Republic",2467
"149","Weight of External Trade (Exports) (Tonnes)","2002","Czech Republic",2317
"150","Value of External Trade (Exports) (Euro Thousand)","2002","Czech Republic",2284
"151","Weight of External Trade (Exports) (Tonnes)","2003","Czech Republic",2643
"152","Value of External Trade (Exports) (Euro Thousand)","2003","Czech Republic",2387
"153","Weight of External Trade (Exports) (Tonnes)","2004","Czech Republic",2813
"154","Value of External Trade (Exports) (Euro Thousand)","2004","Czech Republic",2256
"155","Weight of External Trade (Exports) (Tonnes)","1994","Denmark",985
"156","Value of External Trade (Exports) (Euro Thousand)","1994","Denmark",1378
"157","Weight of External Trade (Exports) (Tonnes)","1995","Denmark",1076
"158","Value of External Trade (Exports) (Euro Thousand)","1995","Denmark",1458
"159","Weight of External Trade (Exports) (Tonnes)","1996","Denmark",1112
"160","Value of External Trade (Exports) (Euro Thousand)","1996","Denmark",1105
"161","Weight of External Trade (Exports) (Tonnes)","1997","Denmark",1916
"162","Value of External Trade (Exports) (Euro Thousand)","1997","Denmark",1009
"163","Weight of External Trade (Exports) (Tonnes)","1998","Denmark",2972
"164","Value of External Trade (Exports) (Euro Thousand)","1998","Denmark",2526
"165","Weight of External Trade (Exports) (Tonnes)","1999","Denmark",1087
"166","Value of External Trade (Exports) (Euro Thousand)","1999","Denmark",2540
"167","Weight of External Trade (Exports) (Tonnes)","2000","Denmark",724
"168","Value of External Trade (Exports) (Euro Thousand)","2000","Denmark",2236
"169","Weight of External Trade (Exports) (Tonnes)","2001","Denmark",5541
"170","Value of External Trade (Exports) (Euro Thousand)","2001","Denmark",6866
"171","Weight of External Trade (Exports) (Tonnes)","2002","Denmark",3491
"172","Value of External Trade (Exports) (Euro Thousand)","2002","Denmark",4256
"173","Weight of External Trade (Exports) (Tonnes)","2003","Denmark",2598
"174","Value of External Trade (Exports) (Euro Thousand)","2003","Denmark",3786
"175","Weight of External Trade (Exports) (Tonnes)","2004","Denmark",6746
"176","Value of External Trade (Exports) (Euro Thousand)","2004","Denmark",6128
"177","Weight of External Trade (Exports) (Tonnes)","1994","Estonia",NA
"178","Value of External Trade (Exports) (Euro Thousand)","1994","Estonia",NA
"179","Weight of External Trade (Exports) (Tonnes)","1995","Estonia",NA
"180","Value of External Trade (Exports) (Euro Thousand)","1995","Estonia",NA
"181","Weight of External Trade (Exports) (Tonnes)","1996","Estonia",NA
"182","Value of External Trade (Exports) (Euro Thousand)","1996","Estonia",NA
"183","Weight of External Trade (Exports) (Tonnes)","1997","Estonia",NA
"184","Value of External Trade (Exports) (Euro Thousand)","1997","Estonia",NA
"185","Weight of External Trade (Exports) (Tonnes)","1998","Estonia",NA
"186","Value of External Trade (Exports) (Euro Thousand)","1998","Estonia",NA
"187","Weight of External Trade (Exports) (Tonnes)","1999","Estonia",NA
"188","Value of External Trade (Exports) (Euro Thousand)","1999","Estonia",NA
"189","Weight of External Trade (Exports) (Tonnes)","2000","Estonia",NA
"190","Value of External Trade (Exports) (Euro Thousand)","2000","Estonia",NA
"191","Weight of External Trade (Exports) (Tonnes)","2001","Estonia",NA
"192","Value of External Trade (Exports) (Euro Thousand)","2001","Estonia",NA
"193","Weight of External Trade (Exports) (Tonnes)","2002","Estonia",39
"194","Value of External Trade (Exports) (Euro Thousand)","2002","Estonia",47
"195","Weight of External Trade (Exports) (Tonnes)","2003","Estonia",215
"196","Value of External Trade (Exports) (Euro Thousand)","2003","Estonia",212
"197","Weight of External Trade (Exports) (Tonnes)","2004","Estonia",35
"198","Value of External Trade (Exports) (Euro Thousand)","2004","Estonia",57
"199","Weight of External Trade (Exports) (Tonnes)","1994","Finland",550
"200","Value of External Trade (Exports) (Euro Thousand)","1994","Finland",434
"201","Weight of External Trade (Exports) (Tonnes)","1995","Finland",368
"202","Value of External Trade (Exports) (Euro Thousand)","1995","Finland",366
"203","Weight of External Trade (Exports) (Tonnes)","1996","Finland",446
"204","Value of External Trade (Exports) (Euro Thousand)","1996","Finland",596
"205","Weight of External Trade (Exports) (Tonnes)","1997","Finland",216
"206","Value of External Trade (Exports) (Euro Thousand)","1997","Finland",375
"207","Weight of External Trade (Exports) (Tonnes)","1998","Finland",210
"208","Value of External Trade (Exports) (Euro Thousand)","1998","Finland",335
"209","Weight of External Trade (Exports) (Tonnes)","1999","Finland",228
"210","Value of External Trade (Exports) (Euro Thousand)","1999","Finland",160
"211","Weight of External Trade (Exports) (Tonnes)","2000","Finland",41
"212","Value of External Trade (Exports) (Euro Thousand)","2000","Finland",96
"213","Weight of External Trade (Exports) (Tonnes)","2001","Finland",162
"214","Value of External Trade (Exports) (Euro Thousand)","2001","Finland",245
"215","Weight of External Trade (Exports) (Tonnes)","2002","Finland",408
"216","Value of External Trade (Exports) (Euro Thousand)","2002","Finland",1518
"217","Weight of External Trade (Exports) (Tonnes)","2003","Finland",334
"218","Value of External Trade (Exports) (Euro Thousand)","2003","Finland",696
"219","Weight of External Trade (Exports) (Tonnes)","2004","Finland",305
"220","Value of External Trade (Exports) (Euro Thousand)","2004","Finland",524
"221","Weight of External Trade (Exports) (Tonnes)","1994","France",33720
"222","Value of External Trade (Exports) (Euro Thousand)","1994","France",62023
"223","Weight of External Trade (Exports) (Tonnes)","1995","France",38567
"224","Value of External Trade (Exports) (Euro Thousand)","1995","France",61436
"225","Weight of External Trade (Exports) (Tonnes)","1996","France",34815
"226","Value of External Trade (Exports) (Euro Thousand)","1996","France",67614
"227","Weight of External Trade (Exports) (Tonnes)","1997","France",31084
"228","Value of External Trade (Exports) (Euro Thousand)","1997","France",62677
"229","Weight of External Trade (Exports) (Tonnes)","1998","France",36318
"230","Value of External Trade (Exports) (Euro Thousand)","1998","France",72421
"231","Weight of External Trade (Exports) (Tonnes)","1999","France",32745
"232","Value of External Trade (Exports) (Euro Thousand)","1999","France",80806
"233","Weight of External Trade (Exports) (Tonnes)","2000","France",28859
"234","Value of External Trade (Exports) (Euro Thousand)","2000","France",76097
"235","Weight of External Trade (Exports) (Tonnes)","2001","France",42741
"236","Value of External Trade (Exports) (Euro Thousand)","2001","France",95882
"237","Weight of External Trade (Exports) (Tonnes)","2002","France",44465
"238","Value of External Trade (Exports) (Euro Thousand)","2002","France",96056
"239","Weight of External Trade (Exports) (Tonnes)","2003","France",42334
"240","Value of External Trade (Exports) (Euro Thousand)","2003","France",91118
"241","Weight of External Trade (Exports) (Tonnes)","2004","France",33498
"242","Value of External Trade (Exports) (Euro Thousand)","2004","France",87507
"243","Weight of External Trade (Exports) (Tonnes)","1994","Germany",33785
"244","Value of External Trade (Exports) (Euro Thousand)","1994","Germany",23013
"245","Weight of External Trade (Exports) (Tonnes)","1995","Germany",29072
"246","Value of External Trade (Exports) (Euro Thousand)","1995","Germany",25187
"247","Weight of External Trade (Exports) (Tonnes)","1996","Germany",43343
"248","Value of External Trade (Exports) (Euro Thousand)","1996","Germany",32441
"249","Weight of External Trade (Exports) (Tonnes)","1997","Germany",29718
"250","Value of External Trade (Exports) (Euro Thousand)","1997","Germany",26645
"251","Weight of External Trade (Exports) (Tonnes)","1998","Germany",31251
"252","Value of External Trade (Exports) (Euro Thousand)","1998","Germany",29075
"253","Weight of External Trade (Exports) (Tonnes)","1999","Germany",32002
"254","Value of External Trade (Exports) (Euro Thousand)","1999","Germany",26646
"255","Weight of External Trade (Exports) (Tonnes)","2000","Germany",28548
"256","Value of External Trade (Exports) (Euro Thousand)","2000","Germany",30525
"257","Weight of External Trade (Exports) (Tonnes)","2001","Germany",25861
"258","Value of External Trade (Exports) (Euro Thousand)","2001","Germany",37900
"259","Weight of External Trade (Exports) (Tonnes)","2002","Germany",23546
"260","Value of External Trade (Exports) (Euro Thousand)","2002","Germany",34764
"261","Weight of External Trade (Exports) (Tonnes)","2003","Germany",21264
"262","Value of External Trade (Exports) (Euro Thousand)","2003","Germany",29305
"263","Weight of External Trade (Exports) (Tonnes)","2004","Germany",24949
"264","Value of External Trade (Exports) (Euro Thousand)","2004","Germany",29303
"265","Weight of External Trade (Exports) (Tonnes)","1994","Great Britain",43257
"266","Value of External Trade (Exports) (Euro Thousand)","1994","Great Britain",23923
"267","Weight of External Trade (Exports) (Tonnes)","1995","Great Britain",34176
"268","Value of External Trade (Exports) (Euro Thousand)","1995","Great Britain",27467
"269","Weight of External Trade (Exports) (Tonnes)","1996","Great Britain",46471
"270","Value of External Trade (Exports) (Euro Thousand)","1996","Great Britain",37823
"271","Weight of External Trade (Exports) (Tonnes)","1997","Great Britain",37115
"272","Value of External Trade (Exports) (Euro Thousand)","1997","Great Britain",39140
"273","Weight of External Trade (Exports) (Tonnes)","1998","Great Britain",37383
"274","Value of External Trade (Exports) (Euro Thousand)","1998","Great Britain",42129
"275","Weight of External Trade (Exports) (Tonnes)","1999","Great Britain",25220
"276","Value of External Trade (Exports) (Euro Thousand)","1999","Great Britain",40388
"277","Weight of External Trade (Exports) (Tonnes)","2000","Great Britain",39448
"278","Value of External Trade (Exports) (Euro Thousand)","2000","Great Britain",54140
"279","Weight of External Trade (Exports) (Tonnes)","2001","Great Britain",81211
"280","Value of External Trade (Exports) (Euro Thousand)","2001","Great Britain",80101
"281","Weight of External Trade (Exports) (Tonnes)","2002","Great Britain",60662
"282","Value of External Trade (Exports) (Euro Thousand)","2002","Great Britain",68314
"283","Weight of External Trade (Exports) (Tonnes)","2003","Great Britain",52823
"284","Value of External Trade (Exports) (Euro Thousand)","2003","Great Britain",56488
"285","Weight of External Trade (Exports) (Tonnes)","2004","Great Britain",53792
"286","Value of External Trade (Exports) (Euro Thousand)","2004","Great Britain",64214
"287","Weight of External Trade (Exports) (Tonnes)","1994","Greece",828
"288","Value of External Trade (Exports) (Euro Thousand)","1994","Greece",579
"289","Weight of External Trade (Exports) (Tonnes)","1995","Greece",1082
"290","Value of External Trade (Exports) (Euro Thousand)","1995","Greece",777
"291","Weight of External Trade (Exports) (Tonnes)","1996","Greece",878
"292","Value of External Trade (Exports) (Euro Thousand)","1996","Greece",852
"293","Weight of External Trade (Exports) (Tonnes)","1997","Greece",410
"294","Value of External Trade (Exports) (Euro Thousand)","1997","Greece",451
"295","Weight of External Trade (Exports) (Tonnes)","1998","Greece",231
"296","Value of External Trade (Exports) (Euro Thousand)","1998","Greece",315
"297","Weight of External Trade (Exports) (Tonnes)","1999","Greece",91
"298","Value of External Trade (Exports) (Euro Thousand)","1999","Greece",237
"299","Weight of External Trade (Exports) (Tonnes)","2000","Greece",202
"300","Value of External Trade (Exports) (Euro Thousand)","2000","Greece",325
"301","Weight of External Trade (Exports) (Tonnes)","2001","Greece",1777
"302","Value of External Trade (Exports) (Euro Thousand)","2001","Greece",2333
"303","Weight of External Trade (Exports) (Tonnes)","2002","Greece",1254
"304","Value of External Trade (Exports) (Euro Thousand)","2002","Greece",1724
"305","Weight of External Trade (Exports) (Tonnes)","2003","Greece",416
"306","Value of External Trade (Exports) (Euro Thousand)","2003","Greece",836
"307","Weight of External Trade (Exports) (Tonnes)","2004","Greece",461
"308","Value of External Trade (Exports) (Euro Thousand)","2004","Greece",868
"309","Weight of External Trade (Exports) (Tonnes)","1994","Hungary",NA
"310","Value of External Trade (Exports) (Euro Thousand)","1994","Hungary",NA
"311","Weight of External Trade (Exports) (Tonnes)","1995","Hungary",NA
"312","Value of External Trade (Exports) (Euro Thousand)","1995","Hungary",NA
"313","Weight of External Trade (Exports) (Tonnes)","1996","Hungary",NA
"314","Value of External Trade (Exports) (Euro Thousand)","1996","Hungary",NA
"315","Weight of External Trade (Exports) (Tonnes)","1997","Hungary",NA
"316","Value of External Trade (Exports) (Euro Thousand)","1997","Hungary",NA
"317","Weight of External Trade (Exports) (Tonnes)","1998","Hungary",NA
"318","Value of External Trade (Exports) (Euro Thousand)","1998","Hungary",NA
"319","Weight of External Trade (Exports) (Tonnes)","1999","Hungary",NA
"320","Value of External Trade (Exports) (Euro Thousand)","1999","Hungary",NA
"321","Weight of External Trade (Exports) (Tonnes)","2000","Hungary",NA
"322","Value of External Trade (Exports) (Euro Thousand)","2000","Hungary",NA
"323","Weight of External Trade (Exports) (Tonnes)","2001","Hungary",NA
"324","Value of External Trade (Exports) (Euro Thousand)","2001","Hungary",NA
"325","Weight of External Trade (Exports) (Tonnes)","2002","Hungary",617
"326","Value of External Trade (Exports) (Euro Thousand)","2002","Hungary",678
"327","Weight of External Trade (Exports) (Tonnes)","2003","Hungary",400
"328","Value of External Trade (Exports) (Euro Thousand)","2003","Hungary",450
"329","Weight of External Trade (Exports) (Tonnes)","2004","Hungary",229
"330","Value of External Trade (Exports) (Euro Thousand)","2004","Hungary",310
"331","Weight of External Trade (Exports) (Tonnes)","1994","Italy",2284
"332","Value of External Trade (Exports) (Euro Thousand)","1994","Italy",11238
"333","Weight of External Trade (Exports) (Tonnes)","1995","Italy",3565
"334","Value of External Trade (Exports) (Euro Thousand)","1995","Italy",16613
"335","Weight of External Trade (Exports) (Tonnes)","1996","Italy",3558
"336","Value of External Trade (Exports) (Euro Thousand)","1996","Italy",16055
"337","Weight of External Trade (Exports) (Tonnes)","1997","Italy",4813
"338","Value of External Trade (Exports) (Euro Thousand)","1997","Italy",21953
"339","Weight of External Trade (Exports) (Tonnes)","1998","Italy",5671
"340","Value of External Trade (Exports) (Euro Thousand)","1998","Italy",24820
"341","Weight of External Trade (Exports) (Tonnes)","1999","Italy",6680
"342","Value of External Trade (Exports) (Euro Thousand)","1999","Italy",32179
"343","Weight of External Trade (Exports) (Tonnes)","2000","Italy",5566
"344","Value of External Trade (Exports) (Euro Thousand)","2000","Italy",29138
"345","Weight of External Trade (Exports) (Tonnes)","2001","Italy",6068
"346","Value of External Trade (Exports) (Euro Thousand)","2001","Italy",31303
"347","Weight of External Trade (Exports) (Tonnes)","2002","Italy",5046
"348","Value of External Trade (Exports) (Euro Thousand)","2002","Italy",27387
"349","Weight of External Trade (Exports) (Tonnes)","2003","Italy",6634
"350","Value of External Trade (Exports) (Euro Thousand)","2003","Italy",24646
"351","Weight of External Trade (Exports) (Tonnes)","2004","Italy",4566
"352","Value of External Trade (Exports) (Euro Thousand)","2004","Italy",21625
"353","Weight of External Trade (Exports) (Tonnes)","1994","Latvia",NA
"354","Value of External Trade (Exports) (Euro Thousand)","1994","Latvia",NA
"355","Weight of External Trade (Exports) (Tonnes)","1995","Latvia",NA
"356","Value of External Trade (Exports) (Euro Thousand)","1995","Latvia",NA
"357","Weight of External Trade (Exports) (Tonnes)","1996","Latvia",NA
"358","Value of External Trade (Exports) (Euro Thousand)","1996","Latvia",NA
"359","Weight of External Trade (Exports) (Tonnes)","1997","Latvia",NA
"360","Value of External Trade (Exports) (Euro Thousand)","1997","Latvia",NA
"361","Weight of External Trade (Exports) (Tonnes)","1998","Latvia",NA
"362","Value of External Trade (Exports) (Euro Thousand)","1998","Latvia",NA
"363","Weight of External Trade (Exports) (Tonnes)","1999","Latvia",NA
"364","Value of External Trade (Exports) (Euro Thousand)","1999","Latvia",NA
"365","Weight of External Trade (Exports) (Tonnes)","2000","Latvia",NA
"366","Value of External Trade (Exports) (Euro Thousand)","2000","Latvia",NA
"367","Weight of External Trade (Exports) (Tonnes)","2001","Latvia",NA
"368","Value of External Trade (Exports) (Euro Thousand)","2001","Latvia",NA
"369","Weight of External Trade (Exports) (Tonnes)","2002","Latvia",29
"370","Value of External Trade (Exports) (Euro Thousand)","2002","Latvia",62
"371","Weight of External Trade (Exports) (Tonnes)","2003","Latvia",115
"372","Value of External Trade (Exports) (Euro Thousand)","2003","Latvia",91
"373","Weight of External Trade (Exports) (Tonnes)","2004","Latvia",429
"374","Value of External Trade (Exports) (Euro Thousand)","2004","Latvia",997
"375","Weight of External Trade (Exports) (Tonnes)","1994","Lithuania",NA
"376","Value of External Trade (Exports) (Euro Thousand)","1994","Lithuania",NA
"377","Weight of External Trade (Exports) (Tonnes)","1995","Lithuania",NA
"378","Value of External Trade (Exports) (Euro Thousand)","1995","Lithuania",NA
"379","Weight of External Trade (Exports) (Tonnes)","1996","Lithuania",NA
"380","Value of External Trade (Exports) (Euro Thousand)","1996","Lithuania",NA
"381","Weight of External Trade (Exports) (Tonnes)","1997","Lithuania",NA
"382","Value of External Trade (Exports) (Euro Thousand)","1997","Lithuania",NA
"383","Weight of External Trade (Exports) (Tonnes)","1998","Lithuania",NA
"384","Value of External Trade (Exports) (Euro Thousand)","1998","Lithuania",NA
"385","Weight of External Trade (Exports) (Tonnes)","1999","Lithuania",NA
"386","Value of External Trade (Exports) (Euro Thousand)","1999","Lithuania",NA
"387","Weight of External Trade (Exports) (Tonnes)","2000","Lithuania",NA
"388","Value of External Trade (Exports) (Euro Thousand)","2000","Lithuania",NA
"389","Weight of External Trade (Exports) (Tonnes)","2001","Lithuania",NA
"390","Value of External Trade (Exports) (Euro Thousand)","2001","Lithuania",NA
"391","Weight of External Trade (Exports) (Tonnes)","2002","Lithuania",282
"392","Value of External Trade (Exports) (Euro Thousand)","2002","Lithuania",336
"393","Weight of External Trade (Exports) (Tonnes)","2003","Lithuania",950
"394","Value of External Trade (Exports) (Euro Thousand)","2003","Lithuania",941
"395","Weight of External Trade (Exports) (Tonnes)","2004","Lithuania",22
"396","Value of External Trade (Exports) (Euro Thousand)","2004","Lithuania",24
"397","Weight of External Trade (Exports) (Tonnes)","1994","Malta",NA
"398","Value of External Trade (Exports) (Euro Thousand)","1994","Malta",NA
"399","Weight of External Trade (Exports) (Tonnes)","1995","Malta",NA
"400","Value of External Trade (Exports) (Euro Thousand)","1995","Malta",NA
"401","Weight of External Trade (Exports) (Tonnes)","1996","Malta",NA
"402","Value of External Trade (Exports) (Euro Thousand)","1996","Malta",NA
"403","Weight of External Trade (Exports) (Tonnes)","1997","Malta",NA
"404","Value of External Trade (Exports) (Euro Thousand)","1997","Malta",NA
"405","Weight of External Trade (Exports) (Tonnes)","1998","Malta",NA
"406","Value of External Trade (Exports) (Euro Thousand)","1998","Malta",NA
"407","Weight of External Trade (Exports) (Tonnes)","1999","Malta",NA
"408","Value of External Trade (Exports) (Euro Thousand)","1999","Malta",NA
"409","Weight of External Trade (Exports) (Tonnes)","2000","Malta",NA
"410","Value of External Trade (Exports) (Euro Thousand)","2000","Malta",NA
"411","Weight of External Trade (Exports) (Tonnes)","2001","Malta",NA
"412","Value of External Trade (Exports) (Euro Thousand)","2001","Malta",NA
"413","Weight of External Trade (Exports) (Tonnes)","2002","Malta",77
"414","Value of External Trade (Exports) (Euro Thousand)","2002","Malta",143
"415","Weight of External Trade (Exports) (Tonnes)","2003","Malta",28
"416","Value of External Trade (Exports) (Euro Thousand)","2003","Malta",31
"417","Weight of External Trade (Exports) (Tonnes)","2004","Malta",350
"418","Value of External Trade (Exports) (Euro Thousand)","2004","Malta",556
"419","Weight of External Trade (Exports) (Tonnes)","1994","Netherlands",7733
"420","Value of External Trade (Exports) (Euro Thousand)","1994","Netherlands",6304
"421","Weight of External Trade (Exports) (Tonnes)","1995","Netherlands",8738
"422","Value of External Trade (Exports) (Euro Thousand)","1995","Netherlands",6113
"423","Weight of External Trade (Exports) (Tonnes)","1996","Netherlands",13329
"424","Value of External Trade (Exports) (Euro Thousand)","1996","Netherlands",11012
"425","Weight of External Trade (Exports) (Tonnes)","1997","Netherlands",14098
"426","Value of External Trade (Exports) (Euro Thousand)","1997","Netherlands",8100
"427","Weight of External Trade (Exports) (Tonnes)","1998","Netherlands",22100
"428","Value of External Trade (Exports) (Euro Thousand)","1998","Netherlands",12595
"429","Weight of External Trade (Exports) (Tonnes)","1999","Netherlands",4122
"430","Value of External Trade (Exports) (Euro Thousand)","1999","Netherlands",4604
"431","Weight of External Trade (Exports) (Tonnes)","2000","Netherlands",5672
"432","Value of External Trade (Exports) (Euro Thousand)","2000","Netherlands",7375
"433","Weight of External Trade (Exports) (Tonnes)","2001","Netherlands",10659
"434","Value of External Trade (Exports) (Euro Thousand)","2001","Netherlands",12922
"435","Weight of External Trade (Exports) (Tonnes)","2002","Netherlands",17699
"436","Value of External Trade (Exports) (Euro Thousand)","2002","Netherlands",15103
"437","Weight of External Trade (Exports) (Tonnes)","2003","Netherlands",10749
"438","Value of External Trade (Exports) (Euro Thousand)","2003","Netherlands",11449
"439","Weight of External Trade (Exports) (Tonnes)","2004","Netherlands",12582
"440","Value of External Trade (Exports) (Euro Thousand)","2004","Netherlands",12431
"441","Weight of External Trade (Exports) (Tonnes)","1994","Northern Ireland",17268
"442","Value of External Trade (Exports) (Euro Thousand)","1994","Northern Ireland",8540
"443","Weight of External Trade (Exports) (Tonnes)","1995","Northern Ireland",21266
"444","Value of External Trade (Exports) (Euro Thousand)","1995","Northern Ireland",7291
"445","Weight of External Trade (Exports) (Tonnes)","1996","Northern Ireland",12172
"446","Value of External Trade (Exports) (Euro Thousand)","1996","Northern Ireland",8827
"447","Weight of External Trade (Exports) (Tonnes)","1997","Northern Ireland",8673
"448","Value of External Trade (Exports) (Euro Thousand)","1997","Northern Ireland",6081
"449","Weight of External Trade (Exports) (Tonnes)","1998","Northern Ireland",5366
"450","Value of External Trade (Exports) (Euro Thousand)","1998","Northern Ireland",4887
"451","Weight of External Trade (Exports) (Tonnes)","1999","Northern Ireland",4431
"452","Value of External Trade (Exports) (Euro Thousand)","1999","Northern Ireland",4552
"453","Weight of External Trade (Exports) (Tonnes)","2000","Northern Ireland",2369
"454","Value of External Trade (Exports) (Euro Thousand)","2000","Northern Ireland",4391
"455","Weight of External Trade (Exports) (Tonnes)","2001","Northern Ireland",8707
"456","Value of External Trade (Exports) (Euro Thousand)","2001","Northern Ireland",10334
"457","Weight of External Trade (Exports) (Tonnes)","2002","Northern Ireland",10575
"458","Value of External Trade (Exports) (Euro Thousand)","2002","Northern Ireland",9892
"459","Weight of External Trade (Exports) (Tonnes)","2003","Northern Ireland",10010
"460","Value of External Trade (Exports) (Euro Thousand)","2003","Northern Ireland",9959
"461","Weight of External Trade (Exports) (Tonnes)","2004","Northern Ireland",6047
"462","Value of External Trade (Exports) (Euro Thousand)","2004","Northern Ireland",8023
"463","Weight of External Trade (Exports) (Tonnes)","1994","Poland",3902
"464","Value of External Trade (Exports) (Euro Thousand)","1994","Poland",1616
"465","Weight of External Trade (Exports) (Tonnes)","1995","Poland",4126
"466","Value of External Trade (Exports) (Euro Thousand)","1995","Poland",1915
"467","Weight of External Trade (Exports) (Tonnes)","1996","Poland",8651
"468","Value of External Trade (Exports) (Euro Thousand)","1996","Poland",6097
"469","Weight of External Trade (Exports) (Tonnes)","1997","Poland",8953
"470","Value of External Trade (Exports) (Euro Thousand)","1997","Poland",7100
"471","Weight of External Trade (Exports) (Tonnes)","1998","Poland",14486
"472","Value of External Trade (Exports) (Euro Thousand)","1998","Poland",11255
"473","Weight of External Trade (Exports) (Tonnes)","1999","Poland",9855
"474","Value of External Trade (Exports) (Euro Thousand)","1999","Poland",7992
"475","Weight of External Trade (Exports) (Tonnes)","2000","Poland",8796
"476","Value of External Trade (Exports) (Euro Thousand)","2000","Poland",7685
"477","Weight of External Trade (Exports) (Tonnes)","2001","Poland",6150
"478","Value of External Trade (Exports) (Euro Thousand)","2001","Poland",7542
"479","Weight of External Trade (Exports) (Tonnes)","2002","Poland",6237
"480","Value of External Trade (Exports) (Euro Thousand)","2002","Poland",7006
"481","Weight of External Trade (Exports) (Tonnes)","2003","Poland",8432
"482","Value of External Trade (Exports) (Euro Thousand)","2003","Poland",7878
"483","Weight of External Trade (Exports) (Tonnes)","2004","Poland",11969
"484","Value of External Trade (Exports) (Euro Thousand)","2004","Poland",11702
"485","Weight of External Trade (Exports) (Tonnes)","1994","Portugal",410
"486","Value of External Trade (Exports) (Euro Thousand)","1994","Portugal",305
"487","Weight of External Trade (Exports) (Tonnes)","1995","Portugal",841
"488","Value of External Trade (Exports) (Euro Thousand)","1995","Portugal",636
"489","Weight of External Trade (Exports) (Tonnes)","1996","Portugal",919
"490","Value of External Trade (Exports) (Euro Thousand)","1996","Portugal",951
"491","Weight of External Trade (Exports) (Tonnes)","1997","Portugal",782
"492","Value of External Trade (Exports) (Euro Thousand)","1997","Portugal",879
"493","Weight of External Trade (Exports) (Tonnes)","1998","Portugal",465
"494","Value of External Trade (Exports) (Euro Thousand)","1998","Portugal",510
"495","Weight of External Trade (Exports) (Tonnes)","1999","Portugal",894
"496","Value of External Trade (Exports) (Euro Thousand)","1999","Portugal",1019
"497","Weight of External Trade (Exports) (Tonnes)","2000","Portugal",762
"498","Value of External Trade (Exports) (Euro Thousand)","2000","Portugal",1643
"499","Weight of External Trade (Exports) (Tonnes)","2001","Portugal",753
"500","Value of External Trade (Exports) (Euro Thousand)","2001","Portugal",1974
"501","Weight of External Trade (Exports) (Tonnes)","2002","Portugal",938
"502","Value of External Trade (Exports) (Euro Thousand)","2002","Portugal",2398
"503","Weight of External Trade (Exports) (Tonnes)","2003","Portugal",1792
"504","Value of External Trade (Exports) (Euro Thousand)","2003","Portugal",3094
"505","Weight of External Trade (Exports) (Tonnes)","2004","Portugal",772
"506","Value of External Trade (Exports) (Euro Thousand)","2004","Portugal",1719
"507","Weight of External Trade (Exports) (Tonnes)","1994","Slovakia",NA
"508","Value of External Trade (Exports) (Euro Thousand)","1994","Slovakia",NA
"509","Weight of External Trade (Exports) (Tonnes)","1995","Slovakia",NA
"510","Value of External Trade (Exports) (Euro Thousand)","1995","Slovakia",NA
"511","Weight of External Trade (Exports) (Tonnes)","1996","Slovakia",NA
"512","Value of External Trade (Exports) (Euro Thousand)","1996","Slovakia",NA
"513","Weight of External Trade (Exports) (Tonnes)","1997","Slovakia",NA
"514","Value of External Trade (Exports) (Euro Thousand)","1997","Slovakia",NA
"515","Weight of External Trade (Exports) (Tonnes)","1998","Slovakia",NA
"516","Value of External Trade (Exports) (Euro Thousand)","1998","Slovakia",NA
"517","Weight of External Trade (Exports) (Tonnes)","1999","Slovakia",NA
"518","Value of External Trade (Exports) (Euro Thousand)","1999","Slovakia",NA
"519","Weight of External Trade (Exports) (Tonnes)","2000","Slovakia",NA
"520","Value of External Trade (Exports) (Euro Thousand)","2000","Slovakia",NA
"521","Weight of External Trade (Exports) (Tonnes)","2001","Slovakia",NA
"522","Value of External Trade (Exports) (Euro Thousand)","2001","Slovakia",NA
"523","Weight of External Trade (Exports) (Tonnes)","2002","Slovakia",1671
"524","Value of External Trade (Exports) (Euro Thousand)","2002","Slovakia",1655
"525","Weight of External Trade (Exports) (Tonnes)","2003","Slovakia",1533
"526","Value of External Trade (Exports) (Euro Thousand)","2003","Slovakia",1399
"527","Weight of External Trade (Exports) (Tonnes)","2004","Slovakia",1152
"528","Value of External Trade (Exports) (Euro Thousand)","2004","Slovakia",927
"529","Weight of External Trade (Exports) (Tonnes)","1994","Slovenia",NA
"530","Value of External Trade (Exports) (Euro Thousand)","1994","Slovenia",NA
"531","Weight of External Trade (Exports) (Tonnes)","1995","Slovenia",NA
"532","Value of External Trade (Exports) (Euro Thousand)","1995","Slovenia",NA
"533","Weight of External Trade (Exports) (Tonnes)","1996","Slovenia",NA
"534","Value of External Trade (Exports) (Euro Thousand)","1996","Slovenia",NA
"535","Weight of External Trade (Exports) (Tonnes)","1997","Slovenia",NA
"536","Value of External Trade (Exports) (Euro Thousand)","1997","Slovenia",NA
"537","Weight of External Trade (Exports) (Tonnes)","1998","Slovenia",NA
"538","Value of External Trade (Exports) (Euro Thousand)","1998","Slovenia",NA
"539","Weight of External Trade (Exports) (Tonnes)","1999","Slovenia",NA
"540","Value of External Trade (Exports) (Euro Thousand)","1999","Slovenia",NA
"541","Weight of External Trade (Exports) (Tonnes)","2000","Slovenia",NA
"542","Value of External Trade (Exports) (Euro Thousand)","2000","Slovenia",NA
"543","Weight of External Trade (Exports) (Tonnes)","2001","Slovenia",NA
"544","Value of External Trade (Exports) (Euro Thousand)","2001","Slovenia",NA
"545","Weight of External Trade (Exports) (Tonnes)","2002","Slovenia",28
"546","Value of External Trade (Exports) (Euro Thousand)","2002","Slovenia",205
"547","Weight of External Trade (Exports) (Tonnes)","2003","Slovenia",69
"548","Value of External Trade (Exports) (Euro Thousand)","2003","Slovenia",194
"549","Weight of External Trade (Exports) (Tonnes)","2004","Slovenia",51
"550","Value of External Trade (Exports) (Euro Thousand)","2004","Slovenia",54
"551","Weight of External Trade (Exports) (Tonnes)","1994","Spain",16794
"552","Value of External Trade (Exports) (Euro Thousand)","1994","Spain",49092
"553","Weight of External Trade (Exports) (Tonnes)","1995","Spain",17497
"554","Value of External Trade (Exports) (Euro Thousand)","1995","Spain",46818
"555","Weight of External Trade (Exports) (Tonnes)","1996","Spain",17280
"556","Value of External Trade (Exports) (Euro Thousand)","1996","Spain",42468
"557","Weight of External Trade (Exports) (Tonnes)","1997","Spain",15043
"558","Value of External Trade (Exports) (Euro Thousand)","1997","Spain",42154
"559","Weight of External Trade (Exports) (Tonnes)","1998","Spain",14633
"560","Value of External Trade (Exports) (Euro Thousand)","1998","Spain",46552
"561","Weight of External Trade (Exports) (Tonnes)","1999","Spain",14859
"562","Value of External Trade (Exports) (Euro Thousand)","1999","Spain",47811
"563","Weight of External Trade (Exports) (Tonnes)","2000","Spain",13620
"564","Value of External Trade (Exports) (Euro Thousand)","2000","Spain",47997
"565","Weight of External Trade (Exports) (Tonnes)","2001","Spain",21508
"566","Value of External Trade (Exports) (Euro Thousand)","2001","Spain",62424
"567","Weight of External Trade (Exports) (Tonnes)","2002","Spain",19140
"568","Value of External Trade (Exports) (Euro Thousand)","2002","Spain",52104
"569","Weight of External Trade (Exports) (Tonnes)","2003","Spain",21413
"570","Value of External Trade (Exports) (Euro Thousand)","2003","Spain",58242
"571","Weight of External Trade (Exports) (Tonnes)","2004","Spain",16100
"572","Value of External Trade (Exports) (Euro Thousand)","2004","Spain",63480
"573","Weight of External Trade (Exports) (Tonnes)","1994","Sweden",1282
"574","Value of External Trade (Exports) (Euro Thousand)","1994","Sweden",2618
"575","Weight of External Trade (Exports) (Tonnes)","1995","Sweden",2082
"576","Value of External Trade (Exports) (Euro Thousand)","1995","Sweden",3098
"577","Weight of External Trade (Exports) (Tonnes)","1996","Sweden",2073
"578","Value of External Trade (Exports) (Euro Thousand)","1996","Sweden",3860
"579","Weight of External Trade (Exports) (Tonnes)","1997","Sweden",1904
"580","Value of External Trade (Exports) (Euro Thousand)","1997","Sweden",3587
"581","Weight of External Trade (Exports) (Tonnes)","1998","Sweden",1200
"582","Value of External Trade (Exports) (Euro Thousand)","1998","Sweden",2931
"583","Weight of External Trade (Exports) (Tonnes)","1999","Sweden",1290
"584","Value of External Trade (Exports) (Euro Thousand)","1999","Sweden",3309
"585","Weight of External Trade (Exports) (Tonnes)","2000","Sweden",1188
"586","Value of External Trade (Exports) (Euro Thousand)","2000","Sweden",3521
"587","Weight of External Trade (Exports) (Tonnes)","2001","Sweden",3231
"588","Value of External Trade (Exports) (Euro Thousand)","2001","Sweden",5335
"589","Weight of External Trade (Exports) (Tonnes)","2002","Sweden",1469
"590","Value of External Trade (Exports) (Euro Thousand)","2002","Sweden",4074
"591","Weight of External Trade (Exports) (Tonnes)","2003","Sweden",1815
"592","Value of External Trade (Exports) (Euro Thousand)","2003","Sweden",4898
"593","Weight of External Trade (Exports) (Tonnes)","2004","Sweden",1236
"594","Value of External Trade (Exports) (Euro Thousand)","2004","Sweden",4577
"595","Weight of External Trade (Exports) (Tonnes)","1994","All countries excluding EU25 countries",NA
"596","Value of External Trade (Exports) (Euro Thousand)","1994","All countries excluding EU25 countries",NA
"597","Weight of External Trade (Exports) (Tonnes)","1995","All countries excluding EU25 countries",NA
"598","Value of External Trade (Exports) (Euro Thousand)","1995","All countries excluding EU25 countries",NA
"599","Weight of External Trade (Exports) (Tonnes)","1996","All countries excluding EU25 countries",NA
"600","Value of External Trade (Exports) (Euro Thousand)","1996","All countries excluding EU25 countries",NA
"601","Weight of External Trade (Exports) (Tonnes)","1997","All countries excluding EU25 countries",NA
"602","Value of External Trade (Exports) (Euro Thousand)","1997","All countries excluding EU25 countries",NA
"603","Weight of External Trade (Exports) (Tonnes)","1998","All countries excluding EU25 countries",NA
"604","Value of External Trade (Exports) (Euro Thousand)","1998","All countries excluding EU25 countries",NA
"605","Weight of External Trade (Exports) (Tonnes)","1999","All countries excluding EU25 countries",NA
"606","Value of External Trade (Exports) (Euro Thousand)","1999","All countries excluding EU25 countries",NA
"607","Weight of External Trade (Exports) (Tonnes)","2000","All countries excluding EU25 countries",NA
"608","Value of External Trade (Exports) (Euro Thousand)","2000","All countries excluding EU25 countries",NA
"609","Weight of External Trade (Exports) (Tonnes)","2001","All countries excluding EU25 countries",NA
"610","Value of External Trade (Exports) (Euro Thousand)","2001","All countries excluding EU25 countries",NA
"611","Weight of External Trade (Exports) (Tonnes)","2002","All countries excluding EU25 countries",107111
"612","Value of External Trade (Exports) (Euro Thousand)","2002","All countries excluding EU25 countries",94657
"613","Weight of External Trade (Exports) (Tonnes)","2003","All countries excluding EU25 countries",72093
"614","Value of External Trade (Exports) (Euro Thousand)","2003","All countries excluding EU25 countries",70468
"615","Weight of External Trade (Exports) (Tonnes)","2004","All countries excluding EU25 countries",84865
"616","Value of External Trade (Exports) (Euro Thousand)","2004","All countries excluding EU25 countries",69733
"617","Weight of External Trade (Exports) (Tonnes)","1994","All countries excluding EU15 countries",89717
"618","Value of External Trade (Exports) (Euro Thousand)","1994","All countries excluding EU15 countries",54176
"619","Weight of External Trade (Exports) (Tonnes)","1995","All countries excluding EU15 countries",137467
"620","Value of External Trade (Exports) (Euro Thousand)","1995","All countries excluding EU15 countries",77151
"621","Weight of External Trade (Exports) (Tonnes)","1996","All countries excluding EU15 countries",114625
"622","Value of External Trade (Exports) (Euro Thousand)","1996","All countries excluding EU15 countries",92319
"623","Weight of External Trade (Exports) (Tonnes)","1997","All countries excluding EU15 countries",102865
"624","Value of External Trade (Exports) (Euro Thousand)","1997","All countries excluding EU15 countries",74061
"625","Weight of External Trade (Exports) (Tonnes)","1998","All countries excluding EU15 countries",89083
"626","Value of External Trade (Exports) (Euro Thousand)","1998","All countries excluding EU15 countries",62705
"627","Weight of External Trade (Exports) (Tonnes)","1999","All countries excluding EU15 countries",83610
"628","Value of External Trade (Exports) (Euro Thousand)","1999","All countries excluding EU15 countries",59239
"629","Weight of External Trade (Exports) (Tonnes)","2000","All countries excluding EU15 countries",88145
"630","Value of External Trade (Exports) (Euro Thousand)","2000","All countries excluding EU15 countries",72269
"631","Weight of External Trade (Exports) (Tonnes)","2001","All countries excluding EU15 countries",104787
"632","Value of External Trade (Exports) (Euro Thousand)","2001","All countries excluding EU15 countries",95543
"633","Weight of External Trade (Exports) (Tonnes)","2002","All countries excluding EU15 countries",NA
"634","Value of External Trade (Exports) (Euro Thousand)","2002","All countries excluding EU15 countries",NA
"635","Weight of External Trade (Exports) (Tonnes)","2003","All countries excluding EU15 countries",NA
"636","Value of External Trade (Exports) (Euro Thousand)","2003","All countries excluding EU15 countries",NA
"637","Weight of External Trade (Exports) (Tonnes)","2004","All countries excluding EU15 countries",NA
"638","Value of External Trade (Exports) (Euro Thousand)","2004","All countries excluding EU15 countries",NA
"639","Weight of External Trade (Exports) (Tonnes)","1994","Bulgaria",795
"640","Value of External Trade (Exports) (Euro Thousand)","1994","Bulgaria",427
"641","Weight of External Trade (Exports) (Tonnes)","1995","Bulgaria",7294
"642","Value of External Trade (Exports) (Euro Thousand)","1995","Bulgaria",3027
"643","Weight of External Trade (Exports) (Tonnes)","1996","Bulgaria",4342
"644","Value of External Trade (Exports) (Euro Thousand)","1996","Bulgaria",2772
"645","Weight of External Trade (Exports) (Tonnes)","1997","Bulgaria",500
"646","Value of External Trade (Exports) (Euro Thousand)","1997","Bulgaria",161
"647","Weight of External Trade (Exports) (Tonnes)","1998","Bulgaria",2140
"648","Value of External Trade (Exports) (Euro Thousand)","1998","Bulgaria",1242
"649","Weight of External Trade (Exports) (Tonnes)","1999","Bulgaria",878
"650","Value of External Trade (Exports) (Euro Thousand)","1999","Bulgaria",373
"651","Weight of External Trade (Exports) (Tonnes)","2000","Bulgaria",3031
"652","Value of External Trade (Exports) (Euro Thousand)","2000","Bulgaria",2509
"653","Weight of External Trade (Exports) (Tonnes)","2001","Bulgaria",2735
"654","Value of External Trade (Exports) (Euro Thousand)","2001","Bulgaria",2172
"655","Weight of External Trade (Exports) (Tonnes)","2002","Bulgaria",3501
"656","Value of External Trade (Exports) (Euro Thousand)","2002","Bulgaria",2464
"657","Weight of External Trade (Exports) (Tonnes)","2003","Bulgaria",2228
"658","Value of External Trade (Exports) (Euro Thousand)","2003","Bulgaria",1714
"659","Weight of External Trade (Exports) (Tonnes)","2004","Bulgaria",987
"660","Value of External Trade (Exports) (Euro Thousand)","2004","Bulgaria",559
"661","Weight of External Trade (Exports) (Tonnes)","1994","China",NA
"662","Value of External Trade (Exports) (Euro Thousand)","1994","China",NA
"663","Weight of External Trade (Exports) (Tonnes)","1995","China",NA
"664","Value of External Trade (Exports) (Euro Thousand)","1995","China",NA
"665","Weight of External Trade (Exports) (Tonnes)","1996","China",NA
"666","Value of External Trade (Exports) (Euro Thousand)","1996","China",NA
"667","Weight of External Trade (Exports) (Tonnes)","1997","China",NA
"668","Value of External Trade (Exports) (Euro Thousand)","1997","China",NA
"669","Weight of External Trade (Exports) (Tonnes)","1998","China",NA
"670","Value of External Trade (Exports) (Euro Thousand)","1998","China",NA
"671","Weight of External Trade (Exports) (Tonnes)","1999","China",NA
"672","Value of External Trade (Exports) (Euro Thousand)","1999","China",NA
"673","Weight of External Trade (Exports) (Tonnes)","2000","China",NA
"674","Value of External Trade (Exports) (Euro Thousand)","2000","China",NA
"675","Weight of External Trade (Exports) (Tonnes)","2001","China",NA
"676","Value of External Trade (Exports) (Euro Thousand)","2001","China",NA
"677","Weight of External Trade (Exports) (Tonnes)","2002","China",2438
"678","Value of External Trade (Exports) (Euro Thousand)","2002","China",2785
"679","Weight of External Trade (Exports) (Tonnes)","2003","China",2423
"680","Value of External Trade (Exports) (Euro Thousand)","2003","China",2666
"681","Weight of External Trade (Exports) (Tonnes)","2004","China",4414
"682","Value of External Trade (Exports) (Euro Thousand)","2004","China",4059
"683","Weight of External Trade (Exports) (Tonnes)","1994","Egypt",7995
"684","Value of External Trade (Exports) (Euro Thousand)","1994","Egypt",3339
"685","Weight of External Trade (Exports) (Tonnes)","1995","Egypt",14723
"686","Value of External Trade (Exports) (Euro Thousand)","1995","Egypt",5050
"687","Weight of External Trade (Exports) (Tonnes)","1996","Egypt",5734
"688","Value of External Trade (Exports) (Euro Thousand)","1996","Egypt",2334
"689","Weight of External Trade (Exports) (Tonnes)","1997","Egypt",4420
"690","Value of External Trade (Exports) (Euro Thousand)","1997","Egypt",2289
"691","Weight of External Trade (Exports) (Tonnes)","1998","Egypt",15070
"692","Value of External Trade (Exports) (Euro Thousand)","1998","Egypt",6711
"693","Weight of External Trade (Exports) (Tonnes)","1999","Egypt",17230
"694","Value of External Trade (Exports) (Euro Thousand)","1999","Egypt",7027
"695","Weight of External Trade (Exports) (Tonnes)","2000","Egypt",36849
"696","Value of External Trade (Exports) (Euro Thousand)","2000","Egypt",18540
"697","Weight of External Trade (Exports) (Tonnes)","2001","Egypt",26163
"698","Value of External Trade (Exports) (Euro Thousand)","2001","Egypt",17491
"699","Weight of External Trade (Exports) (Tonnes)","2002","Egypt",28245
"700","Value of External Trade (Exports) (Euro Thousand)","2002","Egypt",15654
"701","Weight of External Trade (Exports) (Tonnes)","2003","Egypt",7672
"702","Value of External Trade (Exports) (Euro Thousand)","2003","Egypt",3262
"703","Weight of External Trade (Exports) (Tonnes)","2004","Egypt",33680
"704","Value of External Trade (Exports) (Euro Thousand)","2004","Egypt",13896
"705","Weight of External Trade (Exports) (Tonnes)","1994","Japan",11790
"706","Value of External Trade (Exports) (Euro Thousand)","1994","Japan",15605
"707","Weight of External Trade (Exports) (Tonnes)","1995","Japan",18941
"708","Value of External Trade (Exports) (Euro Thousand)","1995","Japan",21203
"709","Weight of External Trade (Exports) (Tonnes)","1996","Japan",18659
"710","Value of External Trade (Exports) (Euro Thousand)","1996","Japan",30076
"711","Weight of External Trade (Exports) (Tonnes)","1997","Japan",23106
"712","Value of External Trade (Exports) (Euro Thousand)","1997","Japan",22568
"713","Weight of External Trade (Exports) (Tonnes)","1998","Japan",19099
"714","Value of External Trade (Exports) (Euro Thousand)","1998","Japan",16176
"715","Weight of External Trade (Exports) (Tonnes)","1999","Japan",24463
"716","Value of External Trade (Exports) (Euro Thousand)","1999","Japan",19876
"717","Weight of External Trade (Exports) (Tonnes)","2000","Japan",15451
"718","Value of External Trade (Exports) (Euro Thousand)","2000","Japan",18351
"719","Weight of External Trade (Exports) (Tonnes)","2001","Japan",20105
"720","Value of External Trade (Exports) (Euro Thousand)","2001","Japan",21375
"721","Weight of External Trade (Exports) (Tonnes)","2002","Japan",18601
"722","Value of External Trade (Exports) (Euro Thousand)","2002","Japan",20390
"723","Weight of External Trade (Exports) (Tonnes)","2003","Japan",17027
"724","Value of External Trade (Exports) (Euro Thousand)","2003","Japan",16590
"725","Weight of External Trade (Exports) (Tonnes)","2004","Japan",13983
"726","Value of External Trade (Exports) (Euro Thousand)","2004","Japan",15059
"727","Weight of External Trade (Exports) (Tonnes)","1994","Nigeria",8188
"728","Value of External Trade (Exports) (Euro Thousand)","1994","Nigeria",3219
"729","Weight of External Trade (Exports) (Tonnes)","1995","Nigeria",22271
"730","Value of External Trade (Exports) (Euro Thousand)","1995","Nigeria",7688
"731","Weight of External Trade (Exports) (Tonnes)","1996","Nigeria",2628
"732","Value of External Trade (Exports) (Euro Thousand)","1996","Nigeria",2344
"733","Weight of External Trade (Exports) (Tonnes)","1997","Nigeria",14327
"734","Value of External Trade (Exports) (Euro Thousand)","1997","Nigeria",5573
"735","Weight of External Trade (Exports) (Tonnes)","1998","Nigeria",5172
"736","Value of External Trade (Exports) (Euro Thousand)","1998","Nigeria",2646
"737","Weight of External Trade (Exports) (Tonnes)","1999","Nigeria",NA
"738","Value of External Trade (Exports) (Euro Thousand)","1999","Nigeria",NA
"739","Weight of External Trade (Exports) (Tonnes)","2000","Nigeria",2732
"740","Value of External Trade (Exports) (Euro Thousand)","2000","Nigeria",1473
"741","Weight of External Trade (Exports) (Tonnes)","2001","Nigeria",11996
"742","Value of External Trade (Exports) (Euro Thousand)","2001","Nigeria",8790
"743","Weight of External Trade (Exports) (Tonnes)","2002","Nigeria",15346
"744","Value of External Trade (Exports) (Euro Thousand)","2002","Nigeria",11427
"745","Weight of External Trade (Exports) (Tonnes)","2003","Nigeria",17421
"746","Value of External Trade (Exports) (Euro Thousand)","2003","Nigeria",9869
"747","Weight of External Trade (Exports) (Tonnes)","2004","Nigeria",9718
"748","Value of External Trade (Exports) (Euro Thousand)","2004","Nigeria",6958
"749","Weight of External Trade (Exports) (Tonnes)","1994","Romania",1300
"750","Value of External Trade (Exports) (Euro Thousand)","1994","Romania",428
"751","Weight of External Trade (Exports) (Tonnes)","1995","Romania",6730
"752","Value of External Trade (Exports) (Euro Thousand)","1995","Romania",2456
"753","Weight of External Trade (Exports) (Tonnes)","1996","Romania",6396
"754","Value of External Trade (Exports) (Euro Thousand)","1996","Romania",3030
"755","Weight of External Trade (Exports) (Tonnes)","1997","Romania",2320
"756","Value of External Trade (Exports) (Euro Thousand)","1997","Romania",1374
"757","Weight of External Trade (Exports) (Tonnes)","1998","Romania",7793
"758","Value of External Trade (Exports) (Euro Thousand)","1998","Romania",3979
"759","Weight of External Trade (Exports) (Tonnes)","1999","Romania",4807
"760","Value of External Trade (Exports) (Euro Thousand)","1999","Romania",2749
"761","Weight of External Trade (Exports) (Tonnes)","2000","Romania",2214
"762","Value of External Trade (Exports) (Euro Thousand)","2000","Romania",2147
"763","Weight of External Trade (Exports) (Tonnes)","2001","Romania",7613
"764","Value of External Trade (Exports) (Euro Thousand)","2001","Romania",5835
"765","Weight of External Trade (Exports) (Tonnes)","2002","Romania",11767
"766","Value of External Trade (Exports) (Euro Thousand)","2002","Romania",8447
"767","Weight of External Trade (Exports) (Tonnes)","2003","Romania",7167
"768","Value of External Trade (Exports) (Euro Thousand)","2003","Romania",4593
"769","Weight of External Trade (Exports) (Tonnes)","2004","Romania",6306
"770","Value of External Trade (Exports) (Euro Thousand)","2004","Romania",3737
"771","Weight of External Trade (Exports) (Tonnes)","1994","Russian Federation",36871
"772","Value of External Trade (Exports) (Euro Thousand)","1994","Russian Federation",10379
"773","Weight of External Trade (Exports) (Tonnes)","1995","Russian Federation",25440
"774","Value of External Trade (Exports) (Euro Thousand)","1995","Russian Federation",7367
"775","Weight of External Trade (Exports) (Tonnes)","1996","Russian Federation",15364
"776","Value of External Trade (Exports) (Euro Thousand)","1996","Russian Federation",6850
"777","Weight of External Trade (Exports) (Tonnes)","1997","Russian Federation",11325
"778","Value of External Trade (Exports) (Euro Thousand)","1997","Russian Federation",6670
"779","Weight of External Trade (Exports) (Tonnes)","1998","Russian Federation",3967
"780","Value of External Trade (Exports) (Euro Thousand)","1998","Russian Federation",2365
"781","Weight of External Trade (Exports) (Tonnes)","1999","Russian Federation",51
"782","Value of External Trade (Exports) (Euro Thousand)","1999","Russian Federation",29
"783","Weight of External Trade (Exports) (Tonnes)","2000","Russian Federation",3039
"784","Value of External Trade (Exports) (Euro Thousand)","2000","Russian Federation",2413
"785","Weight of External Trade (Exports) (Tonnes)","2001","Russian Federation",3611
"786","Value of External Trade (Exports) (Euro Thousand)","2001","Russian Federation",3096
"787","Weight of External Trade (Exports) (Tonnes)","2002","Russian Federation",4176
"788","Value of External Trade (Exports) (Euro Thousand)","2002","Russian Federation",4284
"789","Weight of External Trade (Exports) (Tonnes)","2003","Russian Federation",6651
"790","Value of External Trade (Exports) (Euro Thousand)","2003","Russian Federation",6444
"791","Weight of External Trade (Exports) (Tonnes)","2004","Russian Federation",4516
"792","Value of External Trade (Exports) (Euro Thousand)","2004","Russian Federation",3870
"793","Weight of External Trade (Exports) (Tonnes)","1994","Korea, Republic of",1025
"794","Value of External Trade (Exports) (Euro Thousand)","1994","Korea, Republic of",3378
"795","Weight of External Trade (Exports) (Tonnes)","1995","Korea, Republic of",738
"796","Value of External Trade (Exports) (Euro Thousand)","1995","Korea, Republic of",2726
"797","Weight of External Trade (Exports) (Tonnes)","1996","Korea, Republic of",1438
"798","Value of External Trade (Exports) (Euro Thousand)","1996","Korea, Republic of",4329
"799","Weight of External Trade (Exports) (Tonnes)","1997","Korea, Republic of",1088
"800","Value of External Trade (Exports) (Euro Thousand)","1997","Korea, Republic of",3805
"801","Weight of External Trade (Exports) (Tonnes)","1998","Korea, Republic of",979
"802","Value of External Trade (Exports) (Euro Thousand)","1998","Korea, Republic of",2339
"803","Weight of External Trade (Exports) (Tonnes)","1999","Korea, Republic of",1828
"804","Value of External Trade (Exports) (Euro Thousand)","1999","Korea, Republic of",4707
"805","Weight of External Trade (Exports) (Tonnes)","2000","Korea, Republic of",1954
"806","Value of External Trade (Exports) (Euro Thousand)","2000","Korea, Republic of",5091
"807","Weight of External Trade (Exports) (Tonnes)","2001","Korea, Republic of",4983
"808","Value of External Trade (Exports) (Euro Thousand)","2001","Korea, Republic of",8823
"809","Weight of External Trade (Exports) (Tonnes)","2002","Korea, Republic of",5312
"810","Value of External Trade (Exports) (Euro Thousand)","2002","Korea, Republic of",11350
"811","Weight of External Trade (Exports) (Tonnes)","2003","Korea, Republic of",3165
"812","Value of External Trade (Exports) (Euro Thousand)","2003","Korea, Republic of",12295
"813","Weight of External Trade (Exports) (Tonnes)","2004","Korea, Republic of",1672
"814","Value of External Trade (Exports) (Euro Thousand)","2004","Korea, Republic of",5879
"815","Weight of External Trade (Exports) (Tonnes)","1994","United States",1047
"816","Value of External Trade (Exports) (Euro Thousand)","1994","United States",1648
"817","Weight of External Trade (Exports) (Tonnes)","1995","United States",767
"818","Value of External Trade (Exports) (Euro Thousand)","1995","United States",2197
"819","Weight of External Trade (Exports) (Tonnes)","1996","United States",2027
"820","Value of External Trade (Exports) (Euro Thousand)","1996","United States",4086
"821","Weight of External Trade (Exports) (Tonnes)","1997","United States",666
"822","Value of External Trade (Exports) (Euro Thousand)","1997","United States",1719
"823","Weight of External Trade (Exports) (Tonnes)","1998","United States",264
"824","Value of External Trade (Exports) (Euro Thousand)","1998","United States",2100
"825","Weight of External Trade (Exports) (Tonnes)","1999","United States",385
"826","Value of External Trade (Exports) (Euro Thousand)","1999","United States",1559
"827","Weight of External Trade (Exports) (Tonnes)","2000","United States",352
"828","Value of External Trade (Exports) (Euro Thousand)","2000","United States",1550
"829","Weight of External Trade (Exports) (Tonnes)","2001","United States",1547
"830","Value of External Trade (Exports) (Euro Thousand)","2001","United States",4462
"831","Weight of External Trade (Exports) (Tonnes)","2002","United States",4445
"832","Value of External Trade (Exports) (Euro Thousand)","2002","United States",7593
"833","Weight of External Trade (Exports) (Tonnes)","2003","United States",1244
"834","Value of External Trade (Exports) (Euro Thousand)","2003","United States",4416
"835","Weight of External Trade (Exports) (Tonnes)","2004","United States",1413
"836","Value of External Trade (Exports) (Euro Thousand)","2004","United States",5155
"837","Weight of External Trade (Exports) (Tonnes)","1994","Other countries (4)",NA
"838","Value of External Trade (Exports) (Euro Thousand)","1994","Other countries (4)",NA
"839","Weight of External Trade (Exports) (Tonnes)","1995","Other countries (4)",NA
"840","Value of External Trade (Exports) (Euro Thousand)","1995","Other countries (4)",NA
"841","Weight of External Trade (Exports) (Tonnes)","1996","Other countries (4)",NA
"842","Value of External Trade (Exports) (Euro Thousand)","1996","Other countries (4)",NA
"843","Weight of External Trade (Exports) (Tonnes)","1997","Other countries (4)",NA
"844","Value of External Trade (Exports) (Euro Thousand)","1997","Other countries (4)",NA
"845","Weight of External Trade (Exports) (Tonnes)","1998","Other countries (4)",NA
"846","Value of External Trade (Exports) (Euro Thousand)","1998","Other countries (4)",NA
"847","Weight of External Trade (Exports) (Tonnes)","1999","Other countries (4)",NA
"848","Value of External Trade (Exports) (Euro Thousand)","1999","Other countries (4)",NA
"849","Weight of External Trade (Exports) (Tonnes)","2000","Other countries (4)",NA
"850","Value of External Trade (Exports) (Euro Thousand)","2000","Other countries (4)",NA
"851","Weight of External Trade (Exports) (Tonnes)","2001","Other countries (4)",NA
"852","Value of External Trade (Exports) (Euro Thousand)","2001","Other countries (4)",NA
"853","Weight of External Trade (Exports) (Tonnes)","2002","Other countries (4)",13280
"854","Value of External Trade (Exports) (Euro Thousand)","2002","Other countries (4)",10263
"855","Weight of External Trade (Exports) (Tonnes)","2003","Other countries (4)",7095
"856","Value of External Trade (Exports) (Euro Thousand)","2003","Other countries (4)",8619
"857","Weight of External Trade (Exports) (Tonnes)","2004","Other countries (4)",8176
"858","Value of External Trade (Exports) (Euro Thousand)","2004","Other countries (4)",10561
"859","Weight of External Trade (Exports) (Tonnes)","1994","Other countries (2)",13469
"860","Value of External Trade (Exports) (Euro Thousand)","1994","Other countries (2)",9849
"861","Weight of External Trade (Exports) (Tonnes)","1995","Other countries (2)",35157
"862","Value of External Trade (Exports) (Euro Thousand)","1995","Other countries (2)",22640
"863","Weight of External Trade (Exports) (Tonnes)","1996","Other countries (2)",47163
"864","Value of External Trade (Exports) (Euro Thousand)","1996","Other countries (2)",28720
"865","Weight of External Trade (Exports) (Tonnes)","1997","Other countries (2)",33967
"866","Value of External Trade (Exports) (Euro Thousand)","1997","Other countries (2)",21255
"867","Weight of External Trade (Exports) (Tonnes)","1998","Other countries (2)",17900
"868","Value of External Trade (Exports) (Euro Thousand)","1998","Other countries (2)",12242
"869","Weight of External Trade (Exports) (Tonnes)","1999","Other countries (2)",22343
"870","Value of External Trade (Exports) (Euro Thousand)","1999","Other countries (2)",13898
"871","Weight of External Trade (Exports) (Tonnes)","2000","Other countries (2)",12479
"872","Value of External Trade (Exports) (Euro Thousand)","2000","Other countries (2)",11505
"873","Weight of External Trade (Exports) (Tonnes)","2001","Other countries (2)",17443
"874","Value of External Trade (Exports) (Euro Thousand)","2001","Other countries (2)",13489
"875","Weight of External Trade (Exports) (Tonnes)","2002","Other countries (2)",NA
"876","Value of External Trade (Exports) (Euro Thousand)","2002","Other countries (2)",NA
"877","Weight of External Trade (Exports) (Tonnes)","2003","Other countries (2)",NA
"878","Value of External Trade (Exports) (Euro Thousand)","2003","Other countries (2)",NA
"879","Weight of External Trade (Exports) (Tonnes)","2004","Other countries (2)",NA
"880","Value of External Trade (Exports) (Euro Thousand)","2004","Other countries (2)",NA
