"","Statistic","Year","Port","value"
"1","Live Weight of Sea Fish Landings (Tonnes)","1994","All Ports",288924
"2","Value of Sea Fish Landings (Euro Thousand)","1994","All Ports",132239
"3","Live Weight of Sea Fish Landings (Tonnes)","1995","All Ports",383999
"4","Value of Sea Fish Landings (Euro Thousand)","1995","All Ports",153439
"5","Live Weight of Sea Fish Landings (Tonnes)","1996","All Ports",332392
"6","Value of Sea Fish Landings (Euro Thousand)","1996","All Ports",168798
"7","Live Weight of Sea Fish Landings (Tonnes)","1997","All Ports",291133
"8","Value of Sea Fish Landings (Euro Thousand)","1997","All Ports",167870
"9","Live Weight of Sea Fish Landings (Tonnes)","1998","All Ports",320163
"10","Value of Sea Fish Landings (Euro Thousand)","1998","All Ports",192342
"11","Live Weight of Sea Fish Landings (Tonnes)","1999","All Ports",279230
"12","Value of Sea Fish Landings (Euro Thousand)","1999","All Ports",189467
"13","Live Weight of Sea Fish Landings (Tonnes)","2000","All Ports",272875
"14","Value of Sea Fish Landings (Euro Thousand)","2000","All Ports",189031
"15","Live Weight of Sea Fish Landings (Tonnes)","2001","All Ports",298521
"16","Value of Sea Fish Landings (Euro Thousand)","2001","All Ports",253612
"17","Live Weight of Sea Fish Landings (Tonnes)","2002","All Ports",245165
"18","Value of Sea Fish Landings (Euro Thousand)","2002","All Ports",209883
"19","Live Weight of Sea Fish Landings (Tonnes)","2003","All Ports",264381
"20","Value of Sea Fish Landings (Euro Thousand)","2003","All Ports",180330
"21","Live Weight of Sea Fish Landings (Tonnes)","2004","All Ports",309332
"22","Value of Sea Fish Landings (Euro Thousand)","2004","All Ports",180907
"23","Live Weight of Sea Fish Landings (Tonnes)","1994","Irish Ports",NA
"24","Value of Sea Fish Landings (Euro Thousand)","1994","Irish Ports",NA
"25","Live Weight of Sea Fish Landings (Tonnes)","1995","Irish Ports",NA
"26","Value of Sea Fish Landings (Euro Thousand)","1995","Irish Ports",NA
"27","Live Weight of Sea Fish Landings (Tonnes)","1996","Irish Ports",NA
"28","Value of Sea Fish Landings (Euro Thousand)","1996","Irish Ports",NA
"29","Live Weight of Sea Fish Landings (Tonnes)","1997","Irish Ports",NA
"30","Value of Sea Fish Landings (Euro Thousand)","1997","Irish Ports",NA
"31","Live Weight of Sea Fish Landings (Tonnes)","1998","Irish Ports",NA
"32","Value of Sea Fish Landings (Euro Thousand)","1998","Irish Ports",NA
"33","Live Weight of Sea Fish Landings (Tonnes)","1999","Irish Ports",NA
"34","Value of Sea Fish Landings (Euro Thousand)","1999","Irish Ports",NA
"35","Live Weight of Sea Fish Landings (Tonnes)","2000","Irish Ports",NA
"36","Value of Sea Fish Landings (Euro Thousand)","2000","Irish Ports",NA
"37","Live Weight of Sea Fish Landings (Tonnes)","2001","Irish Ports",NA
"38","Value of Sea Fish Landings (Euro Thousand)","2001","Irish Ports",NA
"39","Live Weight of Sea Fish Landings (Tonnes)","2002","Irish Ports",NA
"40","Value of Sea Fish Landings (Euro Thousand)","2002","Irish Ports",NA
"41","Live Weight of Sea Fish Landings (Tonnes)","2003","Irish Ports",NA
"42","Value of Sea Fish Landings (Euro Thousand)","2003","Irish Ports",NA
"43","Live Weight of Sea Fish Landings (Tonnes)","2004","Irish Ports",NA
"44","Value of Sea Fish Landings (Euro Thousand)","2004","Irish Ports",NA
"45","Live Weight of Sea Fish Landings (Tonnes)","1994","Achill",555
"46","Value of Sea Fish Landings (Euro Thousand)","1994","Achill",806
"47","Live Weight of Sea Fish Landings (Tonnes)","1995","Achill",697
"48","Value of Sea Fish Landings (Euro Thousand)","1995","Achill",649
"49","Live Weight of Sea Fish Landings (Tonnes)","1996","Achill",1321
"50","Value of Sea Fish Landings (Euro Thousand)","1996","Achill",865
"51","Live Weight of Sea Fish Landings (Tonnes)","1997","Achill",905
"52","Value of Sea Fish Landings (Euro Thousand)","1997","Achill",613
"53","Live Weight of Sea Fish Landings (Tonnes)","1998","Achill",1014
"54","Value of Sea Fish Landings (Euro Thousand)","1998","Achill",681
"55","Live Weight of Sea Fish Landings (Tonnes)","1999","Achill",1276
"56","Value of Sea Fish Landings (Euro Thousand)","1999","Achill",763
"57","Live Weight of Sea Fish Landings (Tonnes)","2000","Achill",719
"58","Value of Sea Fish Landings (Euro Thousand)","2000","Achill",474
"59","Live Weight of Sea Fish Landings (Tonnes)","2001","Achill",524
"60","Value of Sea Fish Landings (Euro Thousand)","2001","Achill",647
"61","Live Weight of Sea Fish Landings (Tonnes)","2002","Achill",189
"62","Value of Sea Fish Landings (Euro Thousand)","2002","Achill",354
"63","Live Weight of Sea Fish Landings (Tonnes)","2003","Achill",198
"64","Value of Sea Fish Landings (Euro Thousand)","2003","Achill",545
"65","Live Weight of Sea Fish Landings (Tonnes)","2004","Achill",453
"66","Value of Sea Fish Landings (Euro Thousand)","2004","Achill",565
"67","Live Weight of Sea Fish Landings (Tonnes)","1994","Aran Islands",189
"68","Value of Sea Fish Landings (Euro Thousand)","1994","Aran Islands",519
"69","Live Weight of Sea Fish Landings (Tonnes)","1995","Aran Islands",92
"70","Value of Sea Fish Landings (Euro Thousand)","1995","Aran Islands",193
"71","Live Weight of Sea Fish Landings (Tonnes)","1996","Aran Islands",150
"72","Value of Sea Fish Landings (Euro Thousand)","1996","Aran Islands",397
"73","Live Weight of Sea Fish Landings (Tonnes)","1997","Aran Islands",229
"74","Value of Sea Fish Landings (Euro Thousand)","1997","Aran Islands",438
"75","Live Weight of Sea Fish Landings (Tonnes)","1998","Aran Islands",163
"76","Value of Sea Fish Landings (Euro Thousand)","1998","Aran Islands",399
"77","Live Weight of Sea Fish Landings (Tonnes)","1999","Aran Islands",213
"78","Value of Sea Fish Landings (Euro Thousand)","1999","Aran Islands",415
"79","Live Weight of Sea Fish Landings (Tonnes)","2000","Aran Islands",256
"80","Value of Sea Fish Landings (Euro Thousand)","2000","Aran Islands",595
"81","Live Weight of Sea Fish Landings (Tonnes)","2001","Aran Islands",99
"82","Value of Sea Fish Landings (Euro Thousand)","2001","Aran Islands",585
"83","Live Weight of Sea Fish Landings (Tonnes)","2002","Aran Islands",55
"84","Value of Sea Fish Landings (Euro Thousand)","2002","Aran Islands",268
"85","Live Weight of Sea Fish Landings (Tonnes)","2003","Aran Islands",63
"86","Value of Sea Fish Landings (Euro Thousand)","2003","Aran Islands",328
"87","Live Weight of Sea Fish Landings (Tonnes)","2004","Aran Islands",79
"88","Value of Sea Fish Landings (Euro Thousand)","2004","Aran Islands",452
"89","Live Weight of Sea Fish Landings (Tonnes)","1994","Arklow",3254
"90","Value of Sea Fish Landings (Euro Thousand)","1994","Arklow",1235
"91","Live Weight of Sea Fish Landings (Tonnes)","1995","Arklow",1293
"92","Value of Sea Fish Landings (Euro Thousand)","1995","Arklow",800
"93","Live Weight of Sea Fish Landings (Tonnes)","1996","Arklow",4055
"94","Value of Sea Fish Landings (Euro Thousand)","1996","Arklow",1812
"95","Live Weight of Sea Fish Landings (Tonnes)","1997","Arklow",2082
"96","Value of Sea Fish Landings (Euro Thousand)","1997","Arklow",1235
"97","Live Weight of Sea Fish Landings (Tonnes)","1998","Arklow",1016
"98","Value of Sea Fish Landings (Euro Thousand)","1998","Arklow",653
"99","Live Weight of Sea Fish Landings (Tonnes)","1999","Arklow",966
"100","Value of Sea Fish Landings (Euro Thousand)","1999","Arklow",644
"101","Live Weight of Sea Fish Landings (Tonnes)","2000","Arklow",920
"102","Value of Sea Fish Landings (Euro Thousand)","2000","Arklow",466
"103","Live Weight of Sea Fish Landings (Tonnes)","2001","Arklow",1077
"104","Value of Sea Fish Landings (Euro Thousand)","2001","Arklow",461
"105","Live Weight of Sea Fish Landings (Tonnes)","2002","Arklow",393
"106","Value of Sea Fish Landings (Euro Thousand)","2002","Arklow",292
"107","Live Weight of Sea Fish Landings (Tonnes)","2003","Arklow",804
"108","Value of Sea Fish Landings (Euro Thousand)","2003","Arklow",600
"109","Live Weight of Sea Fish Landings (Tonnes)","2004","Arklow",689
"110","Value of Sea Fish Landings (Euro Thousand)","2004","Arklow",407
"111","Live Weight of Sea Fish Landings (Tonnes)","1994","Ballycotton",530
"112","Value of Sea Fish Landings (Euro Thousand)","1994","Ballycotton",1073
"113","Live Weight of Sea Fish Landings (Tonnes)","1995","Ballycotton",566
"114","Value of Sea Fish Landings (Euro Thousand)","1995","Ballycotton",885
"115","Live Weight of Sea Fish Landings (Tonnes)","1996","Ballycotton",805
"116","Value of Sea Fish Landings (Euro Thousand)","1996","Ballycotton",1073
"117","Live Weight of Sea Fish Landings (Tonnes)","1997","Ballycotton",847
"118","Value of Sea Fish Landings (Euro Thousand)","1997","Ballycotton",1101
"119","Live Weight of Sea Fish Landings (Tonnes)","1998","Ballycotton",993
"120","Value of Sea Fish Landings (Euro Thousand)","1998","Ballycotton",1404
"121","Live Weight of Sea Fish Landings (Tonnes)","1999","Ballycotton",941
"122","Value of Sea Fish Landings (Euro Thousand)","1999","Ballycotton",1755
"123","Live Weight of Sea Fish Landings (Tonnes)","2000","Ballycotton",973
"124","Value of Sea Fish Landings (Euro Thousand)","2000","Ballycotton",1651
"125","Live Weight of Sea Fish Landings (Tonnes)","2001","Ballycotton",654
"126","Value of Sea Fish Landings (Euro Thousand)","2001","Ballycotton",1995
"127","Live Weight of Sea Fish Landings (Tonnes)","2002","Ballycotton",519
"128","Value of Sea Fish Landings (Euro Thousand)","2002","Ballycotton",939
"129","Live Weight of Sea Fish Landings (Tonnes)","2003","Ballycotton",612
"130","Value of Sea Fish Landings (Euro Thousand)","2003","Ballycotton",1060
"131","Live Weight of Sea Fish Landings (Tonnes)","2004","Ballycotton",583
"132","Value of Sea Fish Landings (Euro Thousand)","2004","Ballycotton",1233
"133","Live Weight of Sea Fish Landings (Tonnes)","1994","Ballyglass",478
"134","Value of Sea Fish Landings (Euro Thousand)","1994","Ballyglass",507
"135","Live Weight of Sea Fish Landings (Tonnes)","1995","Ballyglass",416
"136","Value of Sea Fish Landings (Euro Thousand)","1995","Ballyglass",452
"137","Live Weight of Sea Fish Landings (Tonnes)","1996","Ballyglass",334
"138","Value of Sea Fish Landings (Euro Thousand)","1996","Ballyglass",504
"139","Live Weight of Sea Fish Landings (Tonnes)","1997","Ballyglass",161
"140","Value of Sea Fish Landings (Euro Thousand)","1997","Ballyglass",269
"141","Live Weight of Sea Fish Landings (Tonnes)","1998","Ballyglass",180
"142","Value of Sea Fish Landings (Euro Thousand)","1998","Ballyglass",321
"143","Live Weight of Sea Fish Landings (Tonnes)","1999","Ballyglass",0
"144","Value of Sea Fish Landings (Euro Thousand)","1999","Ballyglass",0
"145","Live Weight of Sea Fish Landings (Tonnes)","2000","Ballyglass",0
"146","Value of Sea Fish Landings (Euro Thousand)","2000","Ballyglass",0
"147","Live Weight of Sea Fish Landings (Tonnes)","2001","Ballyglass",0
"148","Value of Sea Fish Landings (Euro Thousand)","2001","Ballyglass",0
"149","Live Weight of Sea Fish Landings (Tonnes)","2002","Ballyglass",0
"150","Value of Sea Fish Landings (Euro Thousand)","2002","Ballyglass",0
"151","Live Weight of Sea Fish Landings (Tonnes)","2003","Ballyglass",NA
"152","Value of Sea Fish Landings (Euro Thousand)","2003","Ballyglass",NA
"153","Live Weight of Sea Fish Landings (Tonnes)","2004","Ballyglass",NA
"154","Value of Sea Fish Landings (Euro Thousand)","2004","Ballyglass",NA
"155","Live Weight of Sea Fish Landings (Tonnes)","1994","Baltimore",1431
"156","Value of Sea Fish Landings (Euro Thousand)","1994","Baltimore",1341
"157","Live Weight of Sea Fish Landings (Tonnes)","1995","Baltimore",1942
"158","Value of Sea Fish Landings (Euro Thousand)","1995","Baltimore",2247
"159","Live Weight of Sea Fish Landings (Tonnes)","1996","Baltimore",3056
"160","Value of Sea Fish Landings (Euro Thousand)","1996","Baltimore",2509
"161","Live Weight of Sea Fish Landings (Tonnes)","1997","Baltimore",2440
"162","Value of Sea Fish Landings (Euro Thousand)","1997","Baltimore",2406
"163","Live Weight of Sea Fish Landings (Tonnes)","1998","Baltimore",1744
"164","Value of Sea Fish Landings (Euro Thousand)","1998","Baltimore",2703
"165","Live Weight of Sea Fish Landings (Tonnes)","1999","Baltimore",2220
"166","Value of Sea Fish Landings (Euro Thousand)","1999","Baltimore",3532
"167","Live Weight of Sea Fish Landings (Tonnes)","2000","Baltimore",1324
"168","Value of Sea Fish Landings (Euro Thousand)","2000","Baltimore",2573
"169","Live Weight of Sea Fish Landings (Tonnes)","2001","Baltimore",1861
"170","Value of Sea Fish Landings (Euro Thousand)","2001","Baltimore",1448
"171","Live Weight of Sea Fish Landings (Tonnes)","2002","Baltimore",1500
"172","Value of Sea Fish Landings (Euro Thousand)","2002","Baltimore",1744
"173","Live Weight of Sea Fish Landings (Tonnes)","2003","Baltimore",1336
"174","Value of Sea Fish Landings (Euro Thousand)","2003","Baltimore",1210
"175","Live Weight of Sea Fish Landings (Tonnes)","2004","Baltimore",1932
"176","Value of Sea Fish Landings (Euro Thousand)","2004","Baltimore",1481
"177","Live Weight of Sea Fish Landings (Tonnes)","1994","Bantry",NA
"178","Value of Sea Fish Landings (Euro Thousand)","1994","Bantry",NA
"179","Live Weight of Sea Fish Landings (Tonnes)","1995","Bantry",NA
"180","Value of Sea Fish Landings (Euro Thousand)","1995","Bantry",NA
"181","Live Weight of Sea Fish Landings (Tonnes)","1996","Bantry",NA
"182","Value of Sea Fish Landings (Euro Thousand)","1996","Bantry",NA
"183","Live Weight of Sea Fish Landings (Tonnes)","1997","Bantry",329
"184","Value of Sea Fish Landings (Euro Thousand)","1997","Bantry",640
"185","Live Weight of Sea Fish Landings (Tonnes)","1998","Bantry",203
"186","Value of Sea Fish Landings (Euro Thousand)","1998","Bantry",549
"187","Live Weight of Sea Fish Landings (Tonnes)","1999","Bantry",208
"188","Value of Sea Fish Landings (Euro Thousand)","1999","Bantry",584
"189","Live Weight of Sea Fish Landings (Tonnes)","2000","Bantry",166
"190","Value of Sea Fish Landings (Euro Thousand)","2000","Bantry",565
"191","Live Weight of Sea Fish Landings (Tonnes)","2001","Bantry",0
"192","Value of Sea Fish Landings (Euro Thousand)","2001","Bantry",0
"193","Live Weight of Sea Fish Landings (Tonnes)","2002","Bantry",22
"194","Value of Sea Fish Landings (Euro Thousand)","2002","Bantry",46
"195","Live Weight of Sea Fish Landings (Tonnes)","2003","Bantry",11
"196","Value of Sea Fish Landings (Euro Thousand)","2003","Bantry",20
"197","Live Weight of Sea Fish Landings (Tonnes)","2004","Bantry",46
"198","Value of Sea Fish Landings (Euro Thousand)","2004","Bantry",286
"199","Live Weight of Sea Fish Landings (Tonnes)","1994","Bunbeg",NA
"200","Value of Sea Fish Landings (Euro Thousand)","1994","Bunbeg",NA
"201","Live Weight of Sea Fish Landings (Tonnes)","1995","Bunbeg",NA
"202","Value of Sea Fish Landings (Euro Thousand)","1995","Bunbeg",NA
"203","Live Weight of Sea Fish Landings (Tonnes)","1996","Bunbeg",NA
"204","Value of Sea Fish Landings (Euro Thousand)","1996","Bunbeg",NA
"205","Live Weight of Sea Fish Landings (Tonnes)","1997","Bunbeg",325
"206","Value of Sea Fish Landings (Euro Thousand)","1997","Bunbeg",429
"207","Live Weight of Sea Fish Landings (Tonnes)","1998","Bunbeg",209
"208","Value of Sea Fish Landings (Euro Thousand)","1998","Bunbeg",366
"209","Live Weight of Sea Fish Landings (Tonnes)","1999","Bunbeg",194
"210","Value of Sea Fish Landings (Euro Thousand)","1999","Bunbeg",284
"211","Live Weight of Sea Fish Landings (Tonnes)","2000","Bunbeg",0
"212","Value of Sea Fish Landings (Euro Thousand)","2000","Bunbeg",0
"213","Live Weight of Sea Fish Landings (Tonnes)","2001","Bunbeg",0
"214","Value of Sea Fish Landings (Euro Thousand)","2001","Bunbeg",0
"215","Live Weight of Sea Fish Landings (Tonnes)","2002","Bunbeg",0
"216","Value of Sea Fish Landings (Euro Thousand)","2002","Bunbeg",0
"217","Live Weight of Sea Fish Landings (Tonnes)","2003","Bunbeg",NA
"218","Value of Sea Fish Landings (Euro Thousand)","2003","Bunbeg",NA
"219","Live Weight of Sea Fish Landings (Tonnes)","2004","Bunbeg",NA
"220","Value of Sea Fish Landings (Euro Thousand)","2004","Bunbeg",NA
"221","Live Weight of Sea Fish Landings (Tonnes)","1994","Burtonport",1451
"222","Value of Sea Fish Landings (Euro Thousand)","1994","Burtonport",1767
"223","Live Weight of Sea Fish Landings (Tonnes)","1995","Burtonport",1549
"224","Value of Sea Fish Landings (Euro Thousand)","1995","Burtonport",1754
"225","Live Weight of Sea Fish Landings (Tonnes)","1996","Burtonport",2331
"226","Value of Sea Fish Landings (Euro Thousand)","1996","Burtonport",1742
"227","Live Weight of Sea Fish Landings (Tonnes)","1997","Burtonport",1272
"228","Value of Sea Fish Landings (Euro Thousand)","1997","Burtonport",1519
"229","Live Weight of Sea Fish Landings (Tonnes)","1998","Burtonport",1000
"230","Value of Sea Fish Landings (Euro Thousand)","1998","Burtonport",1944
"231","Live Weight of Sea Fish Landings (Tonnes)","1999","Burtonport",1050
"232","Value of Sea Fish Landings (Euro Thousand)","1999","Burtonport",1892
"233","Live Weight of Sea Fish Landings (Tonnes)","2000","Burtonport",1033
"234","Value of Sea Fish Landings (Euro Thousand)","2000","Burtonport",2202
"235","Live Weight of Sea Fish Landings (Tonnes)","2001","Burtonport",711
"236","Value of Sea Fish Landings (Euro Thousand)","2001","Burtonport",2037
"237","Live Weight of Sea Fish Landings (Tonnes)","2002","Burtonport",545
"238","Value of Sea Fish Landings (Euro Thousand)","2002","Burtonport",1215
"239","Live Weight of Sea Fish Landings (Tonnes)","2003","Burtonport",414
"240","Value of Sea Fish Landings (Euro Thousand)","2003","Burtonport",903
"241","Live Weight of Sea Fish Landings (Tonnes)","2004","Burtonport",300
"242","Value of Sea Fish Landings (Euro Thousand)","2004","Burtonport",823
"243","Live Weight of Sea Fish Landings (Tonnes)","1994","Carlingford",2177
"244","Value of Sea Fish Landings (Euro Thousand)","1994","Carlingford",348
"245","Live Weight of Sea Fish Landings (Tonnes)","1995","Carlingford",1124
"246","Value of Sea Fish Landings (Euro Thousand)","1995","Carlingford",254
"247","Live Weight of Sea Fish Landings (Tonnes)","1996","Carlingford",1672
"248","Value of Sea Fish Landings (Euro Thousand)","1996","Carlingford",439
"249","Live Weight of Sea Fish Landings (Tonnes)","1997","Carlingford",2130
"250","Value of Sea Fish Landings (Euro Thousand)","1997","Carlingford",552
"251","Live Weight of Sea Fish Landings (Tonnes)","1998","Carlingford",5
"252","Value of Sea Fish Landings (Euro Thousand)","1998","Carlingford",3
"253","Live Weight of Sea Fish Landings (Tonnes)","1999","Carlingford",0
"254","Value of Sea Fish Landings (Euro Thousand)","1999","Carlingford",0
"255","Live Weight of Sea Fish Landings (Tonnes)","2000","Carlingford",0
"256","Value of Sea Fish Landings (Euro Thousand)","2000","Carlingford",0
"257","Live Weight of Sea Fish Landings (Tonnes)","2001","Carlingford",0
"258","Value of Sea Fish Landings (Euro Thousand)","2001","Carlingford",0
"259","Live Weight of Sea Fish Landings (Tonnes)","2002","Carlingford",0
"260","Value of Sea Fish Landings (Euro Thousand)","2002","Carlingford",0
"261","Live Weight of Sea Fish Landings (Tonnes)","2003","Carlingford",NA
"262","Value of Sea Fish Landings (Euro Thousand)","2003","Carlingford",NA
"263","Live Weight of Sea Fish Landings (Tonnes)","2004","Carlingford",NA
"264","Value of Sea Fish Landings (Euro Thousand)","2004","Carlingford",NA
"265","Live Weight of Sea Fish Landings (Tonnes)","1994","Carna",327
"266","Value of Sea Fish Landings (Euro Thousand)","1994","Carna",1018
"267","Live Weight of Sea Fish Landings (Tonnes)","1995","Carna",204
"268","Value of Sea Fish Landings (Euro Thousand)","1995","Carna",447
"269","Live Weight of Sea Fish Landings (Tonnes)","1996","Carna",309
"270","Value of Sea Fish Landings (Euro Thousand)","1996","Carna",755
"271","Live Weight of Sea Fish Landings (Tonnes)","1997","Carna",205
"272","Value of Sea Fish Landings (Euro Thousand)","1997","Carna",453
"273","Live Weight of Sea Fish Landings (Tonnes)","1998","Carna",230
"274","Value of Sea Fish Landings (Euro Thousand)","1998","Carna",631
"275","Live Weight of Sea Fish Landings (Tonnes)","1999","Carna",190
"276","Value of Sea Fish Landings (Euro Thousand)","1999","Carna",594
"277","Live Weight of Sea Fish Landings (Tonnes)","2000","Carna",222
"278","Value of Sea Fish Landings (Euro Thousand)","2000","Carna",905
"279","Live Weight of Sea Fish Landings (Tonnes)","2001","Carna",268
"280","Value of Sea Fish Landings (Euro Thousand)","2001","Carna",1259
"281","Live Weight of Sea Fish Landings (Tonnes)","2002","Carna",128
"282","Value of Sea Fish Landings (Euro Thousand)","2002","Carna",516
"283","Live Weight of Sea Fish Landings (Tonnes)","2003","Carna",153
"284","Value of Sea Fish Landings (Euro Thousand)","2003","Carna",554
"285","Live Weight of Sea Fish Landings (Tonnes)","2004","Carna",78
"286","Value of Sea Fish Landings (Euro Thousand)","2004","Carna",466
"287","Live Weight of Sea Fish Landings (Tonnes)","1994","Carrigaholt",231
"288","Value of Sea Fish Landings (Euro Thousand)","1994","Carrigaholt",486
"289","Live Weight of Sea Fish Landings (Tonnes)","1995","Carrigaholt",642
"290","Value of Sea Fish Landings (Euro Thousand)","1995","Carrigaholt",800
"291","Live Weight of Sea Fish Landings (Tonnes)","1996","Carrigaholt",339
"292","Value of Sea Fish Landings (Euro Thousand)","1996","Carrigaholt",529
"293","Live Weight of Sea Fish Landings (Tonnes)","1997","Carrigaholt",306
"294","Value of Sea Fish Landings (Euro Thousand)","1997","Carrigaholt",522
"295","Live Weight of Sea Fish Landings (Tonnes)","1998","Carrigaholt",251
"296","Value of Sea Fish Landings (Euro Thousand)","1998","Carrigaholt",457
"297","Live Weight of Sea Fish Landings (Tonnes)","1999","Carrigaholt",244
"298","Value of Sea Fish Landings (Euro Thousand)","1999","Carrigaholt",557
"299","Live Weight of Sea Fish Landings (Tonnes)","2000","Carrigaholt",590
"300","Value of Sea Fish Landings (Euro Thousand)","2000","Carrigaholt",549
"301","Live Weight of Sea Fish Landings (Tonnes)","2001","Carrigaholt",317
"302","Value of Sea Fish Landings (Euro Thousand)","2001","Carrigaholt",1346
"303","Live Weight of Sea Fish Landings (Tonnes)","2002","Carrigaholt",230
"304","Value of Sea Fish Landings (Euro Thousand)","2002","Carrigaholt",760
"305","Live Weight of Sea Fish Landings (Tonnes)","2003","Carrigaholt",166
"306","Value of Sea Fish Landings (Euro Thousand)","2003","Carrigaholt",401
"307","Live Weight of Sea Fish Landings (Tonnes)","2004","Carrigaholt",200
"308","Value of Sea Fish Landings (Euro Thousand)","2004","Carrigaholt",561
"309","Live Weight of Sea Fish Landings (Tonnes)","1994","Castlegregory",203
"310","Value of Sea Fish Landings (Euro Thousand)","1994","Castlegregory",844
"311","Live Weight of Sea Fish Landings (Tonnes)","1995","Castlegregory",409
"312","Value of Sea Fish Landings (Euro Thousand)","1995","Castlegregory",721
"313","Live Weight of Sea Fish Landings (Tonnes)","1996","Castlegregory",288
"314","Value of Sea Fish Landings (Euro Thousand)","1996","Castlegregory",869
"315","Live Weight of Sea Fish Landings (Tonnes)","1997","Castlegregory",246
"316","Value of Sea Fish Landings (Euro Thousand)","1997","Castlegregory",597
"317","Live Weight of Sea Fish Landings (Tonnes)","1998","Castlegregory",243
"318","Value of Sea Fish Landings (Euro Thousand)","1998","Castlegregory",504
"319","Live Weight of Sea Fish Landings (Tonnes)","1999","Castlegregory",267
"320","Value of Sea Fish Landings (Euro Thousand)","1999","Castlegregory",750
"321","Live Weight of Sea Fish Landings (Tonnes)","2000","Castlegregory",175
"322","Value of Sea Fish Landings (Euro Thousand)","2000","Castlegregory",566
"323","Live Weight of Sea Fish Landings (Tonnes)","2001","Castlegregory",224
"324","Value of Sea Fish Landings (Euro Thousand)","2001","Castlegregory",766
"325","Live Weight of Sea Fish Landings (Tonnes)","2002","Castlegregory",357
"326","Value of Sea Fish Landings (Euro Thousand)","2002","Castlegregory",1041
"327","Live Weight of Sea Fish Landings (Tonnes)","2003","Castlegregory",119
"328","Value of Sea Fish Landings (Euro Thousand)","2003","Castlegregory",249
"329","Live Weight of Sea Fish Landings (Tonnes)","2004","Castlegregory",122
"330","Value of Sea Fish Landings (Euro Thousand)","2004","Castlegregory",434
"331","Live Weight of Sea Fish Landings (Tonnes)","1994","Castletownbere",16159
"332","Value of Sea Fish Landings (Euro Thousand)","1994","Castletownbere",12815
"333","Live Weight of Sea Fish Landings (Tonnes)","1995","Castletownbere",26086
"334","Value of Sea Fish Landings (Euro Thousand)","1995","Castletownbere",13749
"335","Live Weight of Sea Fish Landings (Tonnes)","1996","Castletownbere",15549
"336","Value of Sea Fish Landings (Euro Thousand)","1996","Castletownbere",12276
"337","Live Weight of Sea Fish Landings (Tonnes)","1997","Castletownbere",12653
"338","Value of Sea Fish Landings (Euro Thousand)","1997","Castletownbere",13907
"339","Live Weight of Sea Fish Landings (Tonnes)","1998","Castletownbere",13442
"340","Value of Sea Fish Landings (Euro Thousand)","1998","Castletownbere",17128
"341","Live Weight of Sea Fish Landings (Tonnes)","1999","Castletownbere",9675
"342","Value of Sea Fish Landings (Euro Thousand)","1999","Castletownbere",17248
"343","Live Weight of Sea Fish Landings (Tonnes)","2000","Castletownbere",10673
"344","Value of Sea Fish Landings (Euro Thousand)","2000","Castletownbere",15057
"345","Live Weight of Sea Fish Landings (Tonnes)","2001","Castletownbere",8407
"346","Value of Sea Fish Landings (Euro Thousand)","2001","Castletownbere",13297
"347","Live Weight of Sea Fish Landings (Tonnes)","2002","Castletownbere",5905
"348","Value of Sea Fish Landings (Euro Thousand)","2002","Castletownbere",8679
"349","Live Weight of Sea Fish Landings (Tonnes)","2003","Castletownbere",5580
"350","Value of Sea Fish Landings (Euro Thousand)","2003","Castletownbere",8517
"351","Live Weight of Sea Fish Landings (Tonnes)","2004","Castletownbere",5784
"352","Value of Sea Fish Landings (Euro Thousand)","2004","Castletownbere",8594
"353","Live Weight of Sea Fish Landings (Tonnes)","1994","Cleggan/Clifden",539
"354","Value of Sea Fish Landings (Euro Thousand)","1994","Cleggan/Clifden",823
"355","Live Weight of Sea Fish Landings (Tonnes)","1995","Cleggan/Clifden",341
"356","Value of Sea Fish Landings (Euro Thousand)","1995","Cleggan/Clifden",574
"357","Live Weight of Sea Fish Landings (Tonnes)","1996","Cleggan/Clifden",252
"358","Value of Sea Fish Landings (Euro Thousand)","1996","Cleggan/Clifden",488
"359","Live Weight of Sea Fish Landings (Tonnes)","1997","Cleggan/Clifden",402
"360","Value of Sea Fish Landings (Euro Thousand)","1997","Cleggan/Clifden",529
"361","Live Weight of Sea Fish Landings (Tonnes)","1998","Cleggan/Clifden",347
"362","Value of Sea Fish Landings (Euro Thousand)","1998","Cleggan/Clifden",662
"363","Live Weight of Sea Fish Landings (Tonnes)","1999","Cleggan/Clifden",371
"364","Value of Sea Fish Landings (Euro Thousand)","1999","Cleggan/Clifden",656
"365","Live Weight of Sea Fish Landings (Tonnes)","2000","Cleggan/Clifden",0
"366","Value of Sea Fish Landings (Euro Thousand)","2000","Cleggan/Clifden",0
"367","Live Weight of Sea Fish Landings (Tonnes)","2001","Cleggan/Clifden",0
"368","Value of Sea Fish Landings (Euro Thousand)","2001","Cleggan/Clifden",0
"369","Live Weight of Sea Fish Landings (Tonnes)","2002","Cleggan/Clifden",0
"370","Value of Sea Fish Landings (Euro Thousand)","2002","Cleggan/Clifden",0
"371","Live Weight of Sea Fish Landings (Tonnes)","2003","Cleggan/Clifden",NA
"372","Value of Sea Fish Landings (Euro Thousand)","2003","Cleggan/Clifden",NA
"373","Live Weight of Sea Fish Landings (Tonnes)","2004","Cleggan/Clifden",NA
"374","Value of Sea Fish Landings (Euro Thousand)","2004","Cleggan/Clifden",NA
"375","Live Weight of Sea Fish Landings (Tonnes)","1994","Clogherhead",545
"376","Value of Sea Fish Landings (Euro Thousand)","1994","Clogherhead",898
"377","Live Weight of Sea Fish Landings (Tonnes)","1995","Clogherhead",696
"378","Value of Sea Fish Landings (Euro Thousand)","1995","Clogherhead",1136
"379","Live Weight of Sea Fish Landings (Tonnes)","1996","Clogherhead",711
"380","Value of Sea Fish Landings (Euro Thousand)","1996","Clogherhead",1124
"381","Live Weight of Sea Fish Landings (Tonnes)","1997","Clogherhead",1040
"382","Value of Sea Fish Landings (Euro Thousand)","1997","Clogherhead",1889
"383","Live Weight of Sea Fish Landings (Tonnes)","1998","Clogherhead",764
"384","Value of Sea Fish Landings (Euro Thousand)","1998","Clogherhead",1384
"385","Live Weight of Sea Fish Landings (Tonnes)","1999","Clogherhead",1304
"386","Value of Sea Fish Landings (Euro Thousand)","1999","Clogherhead",2328
"387","Live Weight of Sea Fish Landings (Tonnes)","2000","Clogherhead",1083
"388","Value of Sea Fish Landings (Euro Thousand)","2000","Clogherhead",2537
"389","Live Weight of Sea Fish Landings (Tonnes)","2001","Clogherhead",924
"390","Value of Sea Fish Landings (Euro Thousand)","2001","Clogherhead",2503
"391","Live Weight of Sea Fish Landings (Tonnes)","2002","Clogherhead",880
"392","Value of Sea Fish Landings (Euro Thousand)","2002","Clogherhead",3477
"393","Live Weight of Sea Fish Landings (Tonnes)","2003","Clogherhead",791
"394","Value of Sea Fish Landings (Euro Thousand)","2003","Clogherhead",1942
"395","Live Weight of Sea Fish Landings (Tonnes)","2004","Clogherhead",702
"396","Value of Sea Fish Landings (Euro Thousand)","2004","Clogherhead",1754
"397","Live Weight of Sea Fish Landings (Tonnes)","1994","Cobh",7351
"398","Value of Sea Fish Landings (Euro Thousand)","1994","Cobh",1741
"399","Live Weight of Sea Fish Landings (Tonnes)","1995","Cobh",9122
"400","Value of Sea Fish Landings (Euro Thousand)","1995","Cobh",2128
"401","Live Weight of Sea Fish Landings (Tonnes)","1996","Cobh",6220
"402","Value of Sea Fish Landings (Euro Thousand)","1996","Cobh",1625
"403","Live Weight of Sea Fish Landings (Tonnes)","1997","Cobh",8323
"404","Value of Sea Fish Landings (Euro Thousand)","1997","Cobh",2253
"405","Live Weight of Sea Fish Landings (Tonnes)","1998","Cobh",10655
"406","Value of Sea Fish Landings (Euro Thousand)","1998","Cobh",2965
"407","Live Weight of Sea Fish Landings (Tonnes)","1999","Cobh",10111
"408","Value of Sea Fish Landings (Euro Thousand)","1999","Cobh",3198
"409","Live Weight of Sea Fish Landings (Tonnes)","2000","Cobh",8274
"410","Value of Sea Fish Landings (Euro Thousand)","2000","Cobh",3021
"411","Live Weight of Sea Fish Landings (Tonnes)","2001","Cobh",11232
"412","Value of Sea Fish Landings (Euro Thousand)","2001","Cobh",3969
"413","Live Weight of Sea Fish Landings (Tonnes)","2002","Cobh",8710
"414","Value of Sea Fish Landings (Euro Thousand)","2002","Cobh",3023
"415","Live Weight of Sea Fish Landings (Tonnes)","2003","Cobh",8959
"416","Value of Sea Fish Landings (Euro Thousand)","2003","Cobh",3262
"417","Live Weight of Sea Fish Landings (Tonnes)","2004","Cobh",6199
"418","Value of Sea Fish Landings (Euro Thousand)","2004","Cobh",2275
"419","Live Weight of Sea Fish Landings (Tonnes)","1994","Courtown",562
"420","Value of Sea Fish Landings (Euro Thousand)","1994","Courtown",249
"421","Live Weight of Sea Fish Landings (Tonnes)","1995","Courtown",786
"422","Value of Sea Fish Landings (Euro Thousand)","1995","Courtown",406
"423","Live Weight of Sea Fish Landings (Tonnes)","1996","Courtown",865
"424","Value of Sea Fish Landings (Euro Thousand)","1996","Courtown",514
"425","Live Weight of Sea Fish Landings (Tonnes)","1997","Courtown",475
"426","Value of Sea Fish Landings (Euro Thousand)","1997","Courtown",234
"427","Live Weight of Sea Fish Landings (Tonnes)","1998","Courtown",407
"428","Value of Sea Fish Landings (Euro Thousand)","1998","Courtown",194
"429","Live Weight of Sea Fish Landings (Tonnes)","1999","Courtown",568
"430","Value of Sea Fish Landings (Euro Thousand)","1999","Courtown",319
"431","Live Weight of Sea Fish Landings (Tonnes)","2000","Courtown",460
"432","Value of Sea Fish Landings (Euro Thousand)","2000","Courtown",284
"433","Live Weight of Sea Fish Landings (Tonnes)","2001","Courtown",425
"434","Value of Sea Fish Landings (Euro Thousand)","2001","Courtown",342
"435","Live Weight of Sea Fish Landings (Tonnes)","2002","Courtown",324
"436","Value of Sea Fish Landings (Euro Thousand)","2002","Courtown",206
"437","Live Weight of Sea Fish Landings (Tonnes)","2003","Courtown",297
"438","Value of Sea Fish Landings (Euro Thousand)","2003","Courtown",208
"439","Live Weight of Sea Fish Landings (Tonnes)","2004","Courtown",300
"440","Value of Sea Fish Landings (Euro Thousand)","2004","Courtown",120
"441","Live Weight of Sea Fish Landings (Tonnes)","1994","Crosshaven",130
"442","Value of Sea Fish Landings (Euro Thousand)","1994","Crosshaven",253
"443","Live Weight of Sea Fish Landings (Tonnes)","1995","Crosshaven",302
"444","Value of Sea Fish Landings (Euro Thousand)","1995","Crosshaven",545
"445","Live Weight of Sea Fish Landings (Tonnes)","1996","Crosshaven",496
"446","Value of Sea Fish Landings (Euro Thousand)","1996","Crosshaven",781
"447","Live Weight of Sea Fish Landings (Tonnes)","1997","Crosshaven",417
"448","Value of Sea Fish Landings (Euro Thousand)","1997","Crosshaven",587
"449","Live Weight of Sea Fish Landings (Tonnes)","1998","Crosshaven",496
"450","Value of Sea Fish Landings (Euro Thousand)","1998","Crosshaven",784
"451","Live Weight of Sea Fish Landings (Tonnes)","1999","Crosshaven",818
"452","Value of Sea Fish Landings (Euro Thousand)","1999","Crosshaven",1213
"453","Live Weight of Sea Fish Landings (Tonnes)","2000","Crosshaven",1066
"454","Value of Sea Fish Landings (Euro Thousand)","2000","Crosshaven",1431
"455","Live Weight of Sea Fish Landings (Tonnes)","2001","Crosshaven",862
"456","Value of Sea Fish Landings (Euro Thousand)","2001","Crosshaven",1756
"457","Live Weight of Sea Fish Landings (Tonnes)","2002","Crosshaven",687
"458","Value of Sea Fish Landings (Euro Thousand)","2002","Crosshaven",898
"459","Live Weight of Sea Fish Landings (Tonnes)","2003","Crosshaven",930
"460","Value of Sea Fish Landings (Euro Thousand)","2003","Crosshaven",1411
"461","Live Weight of Sea Fish Landings (Tonnes)","2004","Crosshaven",818
"462","Value of Sea Fish Landings (Euro Thousand)","2004","Crosshaven",1382
"463","Live Weight of Sea Fish Landings (Tonnes)","1994","Dingle",5888
"464","Value of Sea Fish Landings (Euro Thousand)","1994","Dingle",6692
"465","Live Weight of Sea Fish Landings (Tonnes)","1995","Dingle",6166
"466","Value of Sea Fish Landings (Euro Thousand)","1995","Dingle",7846
"467","Live Weight of Sea Fish Landings (Tonnes)","1996","Dingle",7090
"468","Value of Sea Fish Landings (Euro Thousand)","1996","Dingle",8514
"469","Live Weight of Sea Fish Landings (Tonnes)","1997","Dingle",7953
"470","Value of Sea Fish Landings (Euro Thousand)","1997","Dingle",10301
"471","Live Weight of Sea Fish Landings (Tonnes)","1998","Dingle",8548
"472","Value of Sea Fish Landings (Euro Thousand)","1998","Dingle",12743
"473","Live Weight of Sea Fish Landings (Tonnes)","1999","Dingle",6674
"474","Value of Sea Fish Landings (Euro Thousand)","1999","Dingle",13654
"475","Live Weight of Sea Fish Landings (Tonnes)","2000","Dingle",6300
"476","Value of Sea Fish Landings (Euro Thousand)","2000","Dingle",8254
"477","Live Weight of Sea Fish Landings (Tonnes)","2001","Dingle",9114
"478","Value of Sea Fish Landings (Euro Thousand)","2001","Dingle",9824
"479","Live Weight of Sea Fish Landings (Tonnes)","2002","Dingle",5906
"480","Value of Sea Fish Landings (Euro Thousand)","2002","Dingle",11906
"481","Live Weight of Sea Fish Landings (Tonnes)","2003","Dingle",4263
"482","Value of Sea Fish Landings (Euro Thousand)","2003","Dingle",6623
"483","Live Weight of Sea Fish Landings (Tonnes)","2004","Dingle",3484
"484","Value of Sea Fish Landings (Euro Thousand)","2004","Dingle",3679
"485","Live Weight of Sea Fish Landings (Tonnes)","1994","Downings",1202
"486","Value of Sea Fish Landings (Euro Thousand)","1994","Downings",1162
"487","Live Weight of Sea Fish Landings (Tonnes)","1995","Downings",1232
"488","Value of Sea Fish Landings (Euro Thousand)","1995","Downings",921
"489","Live Weight of Sea Fish Landings (Tonnes)","1996","Downings",1045
"490","Value of Sea Fish Landings (Euro Thousand)","1996","Downings",1767
"491","Live Weight of Sea Fish Landings (Tonnes)","1997","Downings",903
"492","Value of Sea Fish Landings (Euro Thousand)","1997","Downings",1182
"493","Live Weight of Sea Fish Landings (Tonnes)","1998","Downings",1045
"494","Value of Sea Fish Landings (Euro Thousand)","1998","Downings",1952
"495","Live Weight of Sea Fish Landings (Tonnes)","1999","Downings",1232
"496","Value of Sea Fish Landings (Euro Thousand)","1999","Downings",2043
"497","Live Weight of Sea Fish Landings (Tonnes)","2000","Downings",973
"498","Value of Sea Fish Landings (Euro Thousand)","2000","Downings",1813
"499","Live Weight of Sea Fish Landings (Tonnes)","2001","Downings",2271
"500","Value of Sea Fish Landings (Euro Thousand)","2001","Downings",5592
"501","Live Weight of Sea Fish Landings (Tonnes)","2002","Downings",2157
"502","Value of Sea Fish Landings (Euro Thousand)","2002","Downings",3914
"503","Live Weight of Sea Fish Landings (Tonnes)","2003","Downings",2359
"504","Value of Sea Fish Landings (Euro Thousand)","2003","Downings",3045
"505","Live Weight of Sea Fish Landings (Tonnes)","2004","Downings",2678
"506","Value of Sea Fish Landings (Euro Thousand)","2004","Downings",3492
"507","Live Weight of Sea Fish Landings (Tonnes)","1994","Dun Laoghaire",415
"508","Value of Sea Fish Landings (Euro Thousand)","1994","Dun Laoghaire",229
"509","Live Weight of Sea Fish Landings (Tonnes)","1995","Dun Laoghaire",599
"510","Value of Sea Fish Landings (Euro Thousand)","1995","Dun Laoghaire",383
"511","Live Weight of Sea Fish Landings (Tonnes)","1996","Dun Laoghaire",584
"512","Value of Sea Fish Landings (Euro Thousand)","1996","Dun Laoghaire",439
"513","Live Weight of Sea Fish Landings (Tonnes)","1997","Dun Laoghaire",404
"514","Value of Sea Fish Landings (Euro Thousand)","1997","Dun Laoghaire",237
"515","Live Weight of Sea Fish Landings (Tonnes)","1998","Dun Laoghaire",388
"516","Value of Sea Fish Landings (Euro Thousand)","1998","Dun Laoghaire",248
"517","Live Weight of Sea Fish Landings (Tonnes)","1999","Dun Laoghaire",631
"518","Value of Sea Fish Landings (Euro Thousand)","1999","Dun Laoghaire",390
"519","Live Weight of Sea Fish Landings (Tonnes)","2000","Dun Laoghaire",656
"520","Value of Sea Fish Landings (Euro Thousand)","2000","Dun Laoghaire",488
"521","Live Weight of Sea Fish Landings (Tonnes)","2001","Dun Laoghaire",387
"522","Value of Sea Fish Landings (Euro Thousand)","2001","Dun Laoghaire",362
"523","Live Weight of Sea Fish Landings (Tonnes)","2002","Dun Laoghaire",337
"524","Value of Sea Fish Landings (Euro Thousand)","2002","Dun Laoghaire",264
"525","Live Weight of Sea Fish Landings (Tonnes)","2003","Dun Laoghaire",1093
"526","Value of Sea Fish Landings (Euro Thousand)","2003","Dun Laoghaire",788
"527","Live Weight of Sea Fish Landings (Tonnes)","2004","Dun Laoghaire",397
"528","Value of Sea Fish Landings (Euro Thousand)","2004","Dun Laoghaire",308
"529","Live Weight of Sea Fish Landings (Tonnes)","1994","Duncannon/St.Helens",951
"530","Value of Sea Fish Landings (Euro Thousand)","1994","Duncannon/St.Helens",1781
"531","Live Weight of Sea Fish Landings (Tonnes)","1995","Duncannon/St.Helens",682
"532","Value of Sea Fish Landings (Euro Thousand)","1995","Duncannon/St.Helens",1343
"533","Live Weight of Sea Fish Landings (Tonnes)","1996","Duncannon/St.Helens",1193
"534","Value of Sea Fish Landings (Euro Thousand)","1996","Duncannon/St.Helens",1847
"535","Live Weight of Sea Fish Landings (Tonnes)","1997","Duncannon/St.Helens",661
"536","Value of Sea Fish Landings (Euro Thousand)","1997","Duncannon/St.Helens",1343
"537","Live Weight of Sea Fish Landings (Tonnes)","1998","Duncannon/St.Helens",801
"538","Value of Sea Fish Landings (Euro Thousand)","1998","Duncannon/St.Helens",1322
"539","Live Weight of Sea Fish Landings (Tonnes)","1999","Duncannon/St.Helens",589
"540","Value of Sea Fish Landings (Euro Thousand)","1999","Duncannon/St.Helens",914
"541","Live Weight of Sea Fish Landings (Tonnes)","2000","Duncannon/St.Helens",492
"542","Value of Sea Fish Landings (Euro Thousand)","2000","Duncannon/St.Helens",1035
"543","Live Weight of Sea Fish Landings (Tonnes)","2001","Duncannon/St.Helens",610
"544","Value of Sea Fish Landings (Euro Thousand)","2001","Duncannon/St.Helens",1510
"545","Live Weight of Sea Fish Landings (Tonnes)","2002","Duncannon/St.Helens",661
"546","Value of Sea Fish Landings (Euro Thousand)","2002","Duncannon/St.Helens",1199
"547","Live Weight of Sea Fish Landings (Tonnes)","2003","Duncannon/St.Helens",2128
"548","Value of Sea Fish Landings (Euro Thousand)","2003","Duncannon/St.Helens",996
"549","Live Weight of Sea Fish Landings (Tonnes)","2004","Duncannon/St.Helens",779
"550","Value of Sea Fish Landings (Euro Thousand)","2004","Duncannon/St.Helens",1341
"551","Live Weight of Sea Fish Landings (Tonnes)","1994","Dunmore East",10664
"552","Value of Sea Fish Landings (Euro Thousand)","1994","Dunmore East",9244
"553","Live Weight of Sea Fish Landings (Tonnes)","1995","Dunmore East",9915
"554","Value of Sea Fish Landings (Euro Thousand)","1995","Dunmore East",8600
"555","Live Weight of Sea Fish Landings (Tonnes)","1996","Dunmore East",14268
"556","Value of Sea Fish Landings (Euro Thousand)","1996","Dunmore East",9712
"557","Live Weight of Sea Fish Landings (Tonnes)","1997","Dunmore East",10597
"558","Value of Sea Fish Landings (Euro Thousand)","1997","Dunmore East",7587
"559","Live Weight of Sea Fish Landings (Tonnes)","1998","Dunmore East",11824
"560","Value of Sea Fish Landings (Euro Thousand)","1998","Dunmore East",8682
"561","Live Weight of Sea Fish Landings (Tonnes)","1999","Dunmore East",12666
"562","Value of Sea Fish Landings (Euro Thousand)","1999","Dunmore East",9007
"563","Live Weight of Sea Fish Landings (Tonnes)","2000","Dunmore East",16345
"564","Value of Sea Fish Landings (Euro Thousand)","2000","Dunmore East",12839
"565","Live Weight of Sea Fish Landings (Tonnes)","2001","Dunmore East",13468
"566","Value of Sea Fish Landings (Euro Thousand)","2001","Dunmore East",19220
"567","Live Weight of Sea Fish Landings (Tonnes)","2002","Dunmore East",7341
"568","Value of Sea Fish Landings (Euro Thousand)","2002","Dunmore East",10831
"569","Live Weight of Sea Fish Landings (Tonnes)","2003","Dunmore East",7154
"570","Value of Sea Fish Landings (Euro Thousand)","2003","Dunmore East",7642
"571","Live Weight of Sea Fish Landings (Tonnes)","2004","Dunmore East",13270
"572","Value of Sea Fish Landings (Euro Thousand)","2004","Dunmore East",10088
"573","Live Weight of Sea Fish Landings (Tonnes)","1994","Fenit",733
"574","Value of Sea Fish Landings (Euro Thousand)","1994","Fenit",893
"575","Live Weight of Sea Fish Landings (Tonnes)","1995","Fenit",1411
"576","Value of Sea Fish Landings (Euro Thousand)","1995","Fenit",1072
"577","Live Weight of Sea Fish Landings (Tonnes)","1996","Fenit",2069
"578","Value of Sea Fish Landings (Euro Thousand)","1996","Fenit",1632
"579","Live Weight of Sea Fish Landings (Tonnes)","1997","Fenit",701
"580","Value of Sea Fish Landings (Euro Thousand)","1997","Fenit",1122
"581","Live Weight of Sea Fish Landings (Tonnes)","1998","Fenit",1216
"582","Value of Sea Fish Landings (Euro Thousand)","1998","Fenit",935
"583","Live Weight of Sea Fish Landings (Tonnes)","1999","Fenit",336
"584","Value of Sea Fish Landings (Euro Thousand)","1999","Fenit",725
"585","Live Weight of Sea Fish Landings (Tonnes)","2000","Fenit",1851
"586","Value of Sea Fish Landings (Euro Thousand)","2000","Fenit",1018
"587","Live Weight of Sea Fish Landings (Tonnes)","2001","Fenit",4794
"588","Value of Sea Fish Landings (Euro Thousand)","2001","Fenit",4872
"589","Live Weight of Sea Fish Landings (Tonnes)","2002","Fenit",4639
"590","Value of Sea Fish Landings (Euro Thousand)","2002","Fenit",9932
"591","Live Weight of Sea Fish Landings (Tonnes)","2003","Fenit",2148
"592","Value of Sea Fish Landings (Euro Thousand)","2003","Fenit",6192
"593","Live Weight of Sea Fish Landings (Tonnes)","2004","Fenit",2345
"594","Value of Sea Fish Landings (Euro Thousand)","2004","Fenit",2746
"595","Live Weight of Sea Fish Landings (Tonnes)","1994","Foynes",314
"596","Value of Sea Fish Landings (Euro Thousand)","1994","Foynes",651
"597","Live Weight of Sea Fish Landings (Tonnes)","1995","Foynes",365
"598","Value of Sea Fish Landings (Euro Thousand)","1995","Foynes",852
"599","Live Weight of Sea Fish Landings (Tonnes)","1996","Foynes",347
"600","Value of Sea Fish Landings (Euro Thousand)","1996","Foynes",725
"601","Live Weight of Sea Fish Landings (Tonnes)","1997","Foynes",294
"602","Value of Sea Fish Landings (Euro Thousand)","1997","Foynes",676
"603","Live Weight of Sea Fish Landings (Tonnes)","1998","Foynes",173
"604","Value of Sea Fish Landings (Euro Thousand)","1998","Foynes",368
"605","Live Weight of Sea Fish Landings (Tonnes)","1999","Foynes",77
"606","Value of Sea Fish Landings (Euro Thousand)","1999","Foynes",173
"607","Live Weight of Sea Fish Landings (Tonnes)","2000","Foynes",0
"608","Value of Sea Fish Landings (Euro Thousand)","2000","Foynes",0
"609","Live Weight of Sea Fish Landings (Tonnes)","2001","Foynes",0
"610","Value of Sea Fish Landings (Euro Thousand)","2001","Foynes",0
"611","Live Weight of Sea Fish Landings (Tonnes)","2002","Foynes",0
"612","Value of Sea Fish Landings (Euro Thousand)","2002","Foynes",0
"613","Live Weight of Sea Fish Landings (Tonnes)","2003","Foynes",NA
"614","Value of Sea Fish Landings (Euro Thousand)","2003","Foynes",NA
"615","Live Weight of Sea Fish Landings (Tonnes)","2004","Foynes",NA
"616","Value of Sea Fish Landings (Euro Thousand)","2004","Foynes",NA
"617","Live Weight of Sea Fish Landings (Tonnes)","1994","Galway",2054
"618","Value of Sea Fish Landings (Euro Thousand)","1994","Galway",1407
"619","Live Weight of Sea Fish Landings (Tonnes)","1995","Galway",1148
"620","Value of Sea Fish Landings (Euro Thousand)","1995","Galway",1096
"621","Live Weight of Sea Fish Landings (Tonnes)","1996","Galway",375
"622","Value of Sea Fish Landings (Euro Thousand)","1996","Galway",825
"623","Live Weight of Sea Fish Landings (Tonnes)","1997","Galway",695
"624","Value of Sea Fish Landings (Euro Thousand)","1997","Galway",569
"625","Live Weight of Sea Fish Landings (Tonnes)","1998","Galway",1201
"626","Value of Sea Fish Landings (Euro Thousand)","1998","Galway",543
"627","Live Weight of Sea Fish Landings (Tonnes)","1999","Galway",260
"628","Value of Sea Fish Landings (Euro Thousand)","1999","Galway",461
"629","Live Weight of Sea Fish Landings (Tonnes)","2000","Galway",0
"630","Value of Sea Fish Landings (Euro Thousand)","2000","Galway",0
"631","Live Weight of Sea Fish Landings (Tonnes)","2001","Galway",0
"632","Value of Sea Fish Landings (Euro Thousand)","2001","Galway",0
"633","Live Weight of Sea Fish Landings (Tonnes)","2002","Galway",0
"634","Value of Sea Fish Landings (Euro Thousand)","2002","Galway",0
"635","Live Weight of Sea Fish Landings (Tonnes)","2003","Galway",NA
"636","Value of Sea Fish Landings (Euro Thousand)","2003","Galway",NA
"637","Live Weight of Sea Fish Landings (Tonnes)","2004","Galway",NA
"638","Value of Sea Fish Landings (Euro Thousand)","2004","Galway",NA
"639","Live Weight of Sea Fish Landings (Tonnes)","1994","Greencastle",5398
"640","Value of Sea Fish Landings (Euro Thousand)","1994","Greencastle",4594
"641","Live Weight of Sea Fish Landings (Tonnes)","1995","Greencastle",4613
"642","Value of Sea Fish Landings (Euro Thousand)","1995","Greencastle",5608
"643","Live Weight of Sea Fish Landings (Tonnes)","1996","Greencastle",4222
"644","Value of Sea Fish Landings (Euro Thousand)","1996","Greencastle",5907
"645","Live Weight of Sea Fish Landings (Tonnes)","1997","Greencastle",4093
"646","Value of Sea Fish Landings (Euro Thousand)","1997","Greencastle",5889
"647","Live Weight of Sea Fish Landings (Tonnes)","1998","Greencastle",3426
"648","Value of Sea Fish Landings (Euro Thousand)","1998","Greencastle",5333
"649","Live Weight of Sea Fish Landings (Tonnes)","1999","Greencastle",3011
"650","Value of Sea Fish Landings (Euro Thousand)","1999","Greencastle",4677
"651","Live Weight of Sea Fish Landings (Tonnes)","2000","Greencastle",2686
"652","Value of Sea Fish Landings (Euro Thousand)","2000","Greencastle",4132
"653","Live Weight of Sea Fish Landings (Tonnes)","2001","Greencastle",5101
"654","Value of Sea Fish Landings (Euro Thousand)","2001","Greencastle",7758
"655","Live Weight of Sea Fish Landings (Tonnes)","2002","Greencastle",3587
"656","Value of Sea Fish Landings (Euro Thousand)","2002","Greencastle",5420
"657","Live Weight of Sea Fish Landings (Tonnes)","2003","Greencastle",3195
"658","Value of Sea Fish Landings (Euro Thousand)","2003","Greencastle",4798
"659","Live Weight of Sea Fish Landings (Tonnes)","2004","Greencastle",2683
"660","Value of Sea Fish Landings (Euro Thousand)","2004","Greencastle",4209
"661","Live Weight of Sea Fish Landings (Tonnes)","1994","Helvick",1142
"662","Value of Sea Fish Landings (Euro Thousand)","1994","Helvick",1355
"663","Live Weight of Sea Fish Landings (Tonnes)","1995","Helvick",786
"664","Value of Sea Fish Landings (Euro Thousand)","1995","Helvick",1028
"665","Live Weight of Sea Fish Landings (Tonnes)","1996","Helvick",725
"666","Value of Sea Fish Landings (Euro Thousand)","1996","Helvick",1089
"667","Live Weight of Sea Fish Landings (Tonnes)","1997","Helvick",587
"668","Value of Sea Fish Landings (Euro Thousand)","1997","Helvick",810
"669","Live Weight of Sea Fish Landings (Tonnes)","1998","Helvick",519
"670","Value of Sea Fish Landings (Euro Thousand)","1998","Helvick",706
"671","Live Weight of Sea Fish Landings (Tonnes)","1999","Helvick",609
"672","Value of Sea Fish Landings (Euro Thousand)","1999","Helvick",921
"673","Live Weight of Sea Fish Landings (Tonnes)","2000","Helvick",731
"674","Value of Sea Fish Landings (Euro Thousand)","2000","Helvick",1532
"675","Live Weight of Sea Fish Landings (Tonnes)","2001","Helvick",504
"676","Value of Sea Fish Landings (Euro Thousand)","2001","Helvick",1571
"677","Live Weight of Sea Fish Landings (Tonnes)","2002","Helvick",423
"678","Value of Sea Fish Landings (Euro Thousand)","2002","Helvick",922
"679","Live Weight of Sea Fish Landings (Tonnes)","2003","Helvick",318
"680","Value of Sea Fish Landings (Euro Thousand)","2003","Helvick",616
"681","Live Weight of Sea Fish Landings (Tonnes)","2004","Helvick",285
"682","Value of Sea Fish Landings (Euro Thousand)","2004","Helvick",532
"683","Live Weight of Sea Fish Landings (Tonnes)","1994","Howth",3189
"684","Value of Sea Fish Landings (Euro Thousand)","1994","Howth",4722
"685","Live Weight of Sea Fish Landings (Tonnes)","1995","Howth",7854
"686","Value of Sea Fish Landings (Euro Thousand)","1995","Howth",6378
"687","Live Weight of Sea Fish Landings (Tonnes)","1996","Howth",4238
"688","Value of Sea Fish Landings (Euro Thousand)","1996","Howth",5592
"689","Live Weight of Sea Fish Landings (Tonnes)","1997","Howth",5962
"690","Value of Sea Fish Landings (Euro Thousand)","1997","Howth",10089
"691","Live Weight of Sea Fish Landings (Tonnes)","1998","Howth",5376
"692","Value of Sea Fish Landings (Euro Thousand)","1998","Howth",9598
"693","Live Weight of Sea Fish Landings (Tonnes)","1999","Howth",5548
"694","Value of Sea Fish Landings (Euro Thousand)","1999","Howth",10702
"695","Live Weight of Sea Fish Landings (Tonnes)","2000","Howth",5034
"696","Value of Sea Fish Landings (Euro Thousand)","2000","Howth",11229
"697","Live Weight of Sea Fish Landings (Tonnes)","2001","Howth",6257
"698","Value of Sea Fish Landings (Euro Thousand)","2001","Howth",15553
"699","Live Weight of Sea Fish Landings (Tonnes)","2002","Howth",4662
"700","Value of Sea Fish Landings (Euro Thousand)","2002","Howth",13392
"701","Live Weight of Sea Fish Landings (Tonnes)","2003","Howth",4196
"702","Value of Sea Fish Landings (Euro Thousand)","2003","Howth",8815
"703","Live Weight of Sea Fish Landings (Tonnes)","2004","Howth",4491
"704","Value of Sea Fish Landings (Euro Thousand)","2004","Howth",7759
"705","Live Weight of Sea Fish Landings (Tonnes)","1994","Killybegs",109929
"706","Value of Sea Fish Landings (Euro Thousand)","1994","Killybegs",23931
"707","Live Weight of Sea Fish Landings (Tonnes)","1995","Killybegs",173022
"708","Value of Sea Fish Landings (Euro Thousand)","1995","Killybegs",32938
"709","Live Weight of Sea Fish Landings (Tonnes)","1996","Killybegs",148322
"710","Value of Sea Fish Landings (Euro Thousand)","1996","Killybegs",39037
"711","Live Weight of Sea Fish Landings (Tonnes)","1997","Killybegs",114628
"712","Value of Sea Fish Landings (Euro Thousand)","1997","Killybegs",36137
"713","Live Weight of Sea Fish Landings (Tonnes)","1998","Killybegs",113467
"714","Value of Sea Fish Landings (Euro Thousand)","1998","Killybegs",31107
"715","Live Weight of Sea Fish Landings (Tonnes)","1999","Killybegs",100151
"716","Value of Sea Fish Landings (Euro Thousand)","1999","Killybegs",28229
"717","Live Weight of Sea Fish Landings (Tonnes)","2000","Killybegs",85410
"718","Value of Sea Fish Landings (Euro Thousand)","2000","Killybegs",26221
"719","Live Weight of Sea Fish Landings (Tonnes)","2001","Killybegs",102946
"720","Value of Sea Fish Landings (Euro Thousand)","2001","Killybegs",38062
"721","Live Weight of Sea Fish Landings (Tonnes)","2002","Killybegs",80594
"722","Value of Sea Fish Landings (Euro Thousand)","2002","Killybegs",32222
"723","Live Weight of Sea Fish Landings (Tonnes)","2003","Killybegs",82862
"724","Value of Sea Fish Landings (Euro Thousand)","2003","Killybegs",30207
"725","Live Weight of Sea Fish Landings (Tonnes)","2004","Killybegs",104317
"726","Value of Sea Fish Landings (Euro Thousand)","2004","Killybegs",29141
"727","Live Weight of Sea Fish Landings (Tonnes)","1994","Kilmore Quay",344
"728","Value of Sea Fish Landings (Euro Thousand)","1994","Kilmore Quay",587
"729","Live Weight of Sea Fish Landings (Tonnes)","1995","Kilmore Quay",4
"730","Value of Sea Fish Landings (Euro Thousand)","1995","Kilmore Quay",4
"731","Live Weight of Sea Fish Landings (Tonnes)","1996","Kilmore Quay",941
"732","Value of Sea Fish Landings (Euro Thousand)","1996","Kilmore Quay",1812
"733","Live Weight of Sea Fish Landings (Tonnes)","1997","Kilmore Quay",1626
"734","Value of Sea Fish Landings (Euro Thousand)","1997","Kilmore Quay",3338
"735","Live Weight of Sea Fish Landings (Tonnes)","1998","Kilmore Quay",2123
"736","Value of Sea Fish Landings (Euro Thousand)","1998","Kilmore Quay",4335
"737","Live Weight of Sea Fish Landings (Tonnes)","1999","Kilmore Quay",1651
"738","Value of Sea Fish Landings (Euro Thousand)","1999","Kilmore Quay",3436
"739","Live Weight of Sea Fish Landings (Tonnes)","2000","Kilmore Quay",1978
"740","Value of Sea Fish Landings (Euro Thousand)","2000","Kilmore Quay",4324
"741","Live Weight of Sea Fish Landings (Tonnes)","2001","Kilmore Quay",1850
"742","Value of Sea Fish Landings (Euro Thousand)","2001","Kilmore Quay",5029
"743","Live Weight of Sea Fish Landings (Tonnes)","2002","Kilmore Quay",1997
"744","Value of Sea Fish Landings (Euro Thousand)","2002","Kilmore Quay",5288
"745","Live Weight of Sea Fish Landings (Tonnes)","2003","Kilmore Quay",2290
"746","Value of Sea Fish Landings (Euro Thousand)","2003","Kilmore Quay",4193
"747","Live Weight of Sea Fish Landings (Tonnes)","2004","Kilmore Quay",2401
"748","Value of Sea Fish Landings (Euro Thousand)","2004","Kilmore Quay",4534
"749","Live Weight of Sea Fish Landings (Tonnes)","1994","Kincasslagh",431
"750","Value of Sea Fish Landings (Euro Thousand)","1994","Kincasslagh",110
"751","Live Weight of Sea Fish Landings (Tonnes)","1995","Kincasslagh",5678
"752","Value of Sea Fish Landings (Euro Thousand)","1995","Kincasslagh",750
"753","Live Weight of Sea Fish Landings (Tonnes)","1996","Kincasslagh",2755
"754","Value of Sea Fish Landings (Euro Thousand)","1996","Kincasslagh",849
"755","Live Weight of Sea Fish Landings (Tonnes)","1997","Kincasslagh",2935
"756","Value of Sea Fish Landings (Euro Thousand)","1997","Kincasslagh",940
"757","Live Weight of Sea Fish Landings (Tonnes)","1998","Kincasslagh",1340
"758","Value of Sea Fish Landings (Euro Thousand)","1998","Kincasslagh",511
"759","Live Weight of Sea Fish Landings (Tonnes)","1999","Kincasslagh",652
"760","Value of Sea Fish Landings (Euro Thousand)","1999","Kincasslagh",285
"761","Live Weight of Sea Fish Landings (Tonnes)","2000","Kincasslagh",0
"762","Value of Sea Fish Landings (Euro Thousand)","2000","Kincasslagh",0
"763","Live Weight of Sea Fish Landings (Tonnes)","2001","Kincasslagh",0
"764","Value of Sea Fish Landings (Euro Thousand)","2001","Kincasslagh",0
"765","Live Weight of Sea Fish Landings (Tonnes)","2002","Kincasslagh",0
"766","Value of Sea Fish Landings (Euro Thousand)","2002","Kincasslagh",0
"767","Live Weight of Sea Fish Landings (Tonnes)","2003","Kincasslagh",NA
"768","Value of Sea Fish Landings (Euro Thousand)","2003","Kincasslagh",NA
"769","Live Weight of Sea Fish Landings (Tonnes)","2004","Kincasslagh",NA
"770","Value of Sea Fish Landings (Euro Thousand)","2004","Kincasslagh",NA
"771","Live Weight of Sea Fish Landings (Tonnes)","1994","Kinsale",1217
"772","Value of Sea Fish Landings (Euro Thousand)","1994","Kinsale",1822
"773","Live Weight of Sea Fish Landings (Tonnes)","1995","Kinsale",1353
"774","Value of Sea Fish Landings (Euro Thousand)","1995","Kinsale",2051
"775","Live Weight of Sea Fish Landings (Tonnes)","1996","Kinsale",1292
"776","Value of Sea Fish Landings (Euro Thousand)","1996","Kinsale",1978
"777","Live Weight of Sea Fish Landings (Tonnes)","1997","Kinsale",1591
"778","Value of Sea Fish Landings (Euro Thousand)","1997","Kinsale",2265
"779","Live Weight of Sea Fish Landings (Tonnes)","1998","Kinsale",1109
"780","Value of Sea Fish Landings (Euro Thousand)","1998","Kinsale",2013
"781","Live Weight of Sea Fish Landings (Tonnes)","1999","Kinsale",1315
"782","Value of Sea Fish Landings (Euro Thousand)","1999","Kinsale",2092
"783","Live Weight of Sea Fish Landings (Tonnes)","2000","Kinsale",1774
"784","Value of Sea Fish Landings (Euro Thousand)","2000","Kinsale",2487
"785","Live Weight of Sea Fish Landings (Tonnes)","2001","Kinsale",1691
"786","Value of Sea Fish Landings (Euro Thousand)","2001","Kinsale",3628
"787","Live Weight of Sea Fish Landings (Tonnes)","2002","Kinsale",1726
"788","Value of Sea Fish Landings (Euro Thousand)","2002","Kinsale",2661
"789","Live Weight of Sea Fish Landings (Tonnes)","2003","Kinsale",1881
"790","Value of Sea Fish Landings (Euro Thousand)","2003","Kinsale",2533
"791","Live Weight of Sea Fish Landings (Tonnes)","2004","Kinsale",1104
"792","Value of Sea Fish Landings (Euro Thousand)","2004","Kinsale",2137
"793","Live Weight of Sea Fish Landings (Tonnes)","1994","Lettermore/Lettermullen",137
"794","Value of Sea Fish Landings (Euro Thousand)","1994","Lettermore/Lettermullen",387
"795","Live Weight of Sea Fish Landings (Tonnes)","1995","Lettermore/Lettermullen",207
"796","Value of Sea Fish Landings (Euro Thousand)","1995","Lettermore/Lettermullen",502
"797","Live Weight of Sea Fish Landings (Tonnes)","1996","Lettermore/Lettermullen",216
"798","Value of Sea Fish Landings (Euro Thousand)","1996","Lettermore/Lettermullen",521
"799","Live Weight of Sea Fish Landings (Tonnes)","1997","Lettermore/Lettermullen",173
"800","Value of Sea Fish Landings (Euro Thousand)","1997","Lettermore/Lettermullen",371
"801","Live Weight of Sea Fish Landings (Tonnes)","1998","Lettermore/Lettermullen",153
"802","Value of Sea Fish Landings (Euro Thousand)","1998","Lettermore/Lettermullen",454
"803","Live Weight of Sea Fish Landings (Tonnes)","1999","Lettermore/Lettermullen",197
"804","Value of Sea Fish Landings (Euro Thousand)","1999","Lettermore/Lettermullen",494
"805","Live Weight of Sea Fish Landings (Tonnes)","2000","Lettermore/Lettermullen",0
"806","Value of Sea Fish Landings (Euro Thousand)","2000","Lettermore/Lettermullen",0
"807","Live Weight of Sea Fish Landings (Tonnes)","2001","Lettermore/Lettermullen",0
"808","Value of Sea Fish Landings (Euro Thousand)","2001","Lettermore/Lettermullen",0
"809","Live Weight of Sea Fish Landings (Tonnes)","2002","Lettermore/Lettermullen",0
"810","Value of Sea Fish Landings (Euro Thousand)","2002","Lettermore/Lettermullen",0
"811","Live Weight of Sea Fish Landings (Tonnes)","2003","Lettermore/Lettermullen",NA
"812","Value of Sea Fish Landings (Euro Thousand)","2003","Lettermore/Lettermullen",NA
"813","Live Weight of Sea Fish Landings (Tonnes)","2004","Lettermore/Lettermullen",NA
"814","Value of Sea Fish Landings (Euro Thousand)","2004","Lettermore/Lettermullen",NA
"815","Live Weight of Sea Fish Landings (Tonnes)","1994","Malin Head",853
"816","Value of Sea Fish Landings (Euro Thousand)","1994","Malin Head",872
"817","Live Weight of Sea Fish Landings (Tonnes)","1995","Malin Head",943
"818","Value of Sea Fish Landings (Euro Thousand)","1995","Malin Head",860
"819","Live Weight of Sea Fish Landings (Tonnes)","1996","Malin Head",757
"820","Value of Sea Fish Landings (Euro Thousand)","1996","Malin Head",820
"821","Live Weight of Sea Fish Landings (Tonnes)","1997","Malin Head",1084
"822","Value of Sea Fish Landings (Euro Thousand)","1997","Malin Head",1186
"823","Live Weight of Sea Fish Landings (Tonnes)","1998","Malin Head",815
"824","Value of Sea Fish Landings (Euro Thousand)","1998","Malin Head",939
"825","Live Weight of Sea Fish Landings (Tonnes)","1999","Malin Head",815
"826","Value of Sea Fish Landings (Euro Thousand)","1999","Malin Head",1248
"827","Live Weight of Sea Fish Landings (Tonnes)","2000","Malin Head",1233
"828","Value of Sea Fish Landings (Euro Thousand)","2000","Malin Head",1320
"829","Live Weight of Sea Fish Landings (Tonnes)","2001","Malin Head",1064
"830","Value of Sea Fish Landings (Euro Thousand)","2001","Malin Head",1497
"831","Live Weight of Sea Fish Landings (Tonnes)","2002","Malin Head",1092
"832","Value of Sea Fish Landings (Euro Thousand)","2002","Malin Head",1396
"833","Live Weight of Sea Fish Landings (Tonnes)","2003","Malin Head",1665
"834","Value of Sea Fish Landings (Euro Thousand)","2003","Malin Head",2054
"835","Live Weight of Sea Fish Landings (Tonnes)","2004","Malin Head",1561
"836","Value of Sea Fish Landings (Euro Thousand)","2004","Malin Head",2021
"837","Live Weight of Sea Fish Landings (Tonnes)","1994","Moville",74
"838","Value of Sea Fish Landings (Euro Thousand)","1994","Moville",83
"839","Live Weight of Sea Fish Landings (Tonnes)","1995","Moville",822
"840","Value of Sea Fish Landings (Euro Thousand)","1995","Moville",359
"841","Live Weight of Sea Fish Landings (Tonnes)","1996","Moville",1828
"842","Value of Sea Fish Landings (Euro Thousand)","1996","Moville",668
"843","Live Weight of Sea Fish Landings (Tonnes)","1997","Moville",2524
"844","Value of Sea Fish Landings (Euro Thousand)","1997","Moville",700
"845","Live Weight of Sea Fish Landings (Tonnes)","1998","Moville",260
"846","Value of Sea Fish Landings (Euro Thousand)","1998","Moville",167
"847","Live Weight of Sea Fish Landings (Tonnes)","1999","Moville",330
"848","Value of Sea Fish Landings (Euro Thousand)","1999","Moville",210
"849","Live Weight of Sea Fish Landings (Tonnes)","2000","Moville",340
"850","Value of Sea Fish Landings (Euro Thousand)","2000","Moville",345
"851","Live Weight of Sea Fish Landings (Tonnes)","2001","Moville",326
"852","Value of Sea Fish Landings (Euro Thousand)","2001","Moville",420
"853","Live Weight of Sea Fish Landings (Tonnes)","2002","Moville",758
"854","Value of Sea Fish Landings (Euro Thousand)","2002","Moville",770
"855","Live Weight of Sea Fish Landings (Tonnes)","2003","Moville",643
"856","Value of Sea Fish Landings (Euro Thousand)","2003","Moville",827
"857","Live Weight of Sea Fish Landings (Tonnes)","2004","Moville",167
"858","Value of Sea Fish Landings (Euro Thousand)","2004","Moville",201
"859","Live Weight of Sea Fish Landings (Tonnes)","1994","Portmagee",NA
"860","Value of Sea Fish Landings (Euro Thousand)","1994","Portmagee",NA
"861","Live Weight of Sea Fish Landings (Tonnes)","1995","Portmagee",NA
"862","Value of Sea Fish Landings (Euro Thousand)","1995","Portmagee",NA
"863","Live Weight of Sea Fish Landings (Tonnes)","1996","Portmagee",NA
"864","Value of Sea Fish Landings (Euro Thousand)","1996","Portmagee",NA
"865","Live Weight of Sea Fish Landings (Tonnes)","1997","Portmagee",695
"866","Value of Sea Fish Landings (Euro Thousand)","1997","Portmagee",1401
"867","Live Weight of Sea Fish Landings (Tonnes)","1998","Portmagee",610
"868","Value of Sea Fish Landings (Euro Thousand)","1998","Portmagee",1122
"869","Live Weight of Sea Fish Landings (Tonnes)","1999","Portmagee",438
"870","Value of Sea Fish Landings (Euro Thousand)","1999","Portmagee",1283
"871","Live Weight of Sea Fish Landings (Tonnes)","2000","Portmagee",426
"872","Value of Sea Fish Landings (Euro Thousand)","2000","Portmagee",1268
"873","Live Weight of Sea Fish Landings (Tonnes)","2001","Portmagee",436
"874","Value of Sea Fish Landings (Euro Thousand)","2001","Portmagee",1288
"875","Live Weight of Sea Fish Landings (Tonnes)","2002","Portmagee",375
"876","Value of Sea Fish Landings (Euro Thousand)","2002","Portmagee",1538
"877","Live Weight of Sea Fish Landings (Tonnes)","2003","Portmagee",361
"878","Value of Sea Fish Landings (Euro Thousand)","2003","Portmagee",844
"879","Live Weight of Sea Fish Landings (Tonnes)","2004","Portmagee",357
"880","Value of Sea Fish Landings (Euro Thousand)","2004","Portmagee",1190
"881","Live Weight of Sea Fish Landings (Tonnes)","1994","Rathmullan",50884
"882","Value of Sea Fish Landings (Euro Thousand)","1994","Rathmullan",6664
"883","Live Weight of Sea Fish Landings (Tonnes)","1995","Rathmullan",51993
"884","Value of Sea Fish Landings (Euro Thousand)","1995","Rathmullan",5210
"885","Live Weight of Sea Fish Landings (Tonnes)","1996","Rathmullan",27882
"886","Value of Sea Fish Landings (Euro Thousand)","1996","Rathmullan",4497
"887","Live Weight of Sea Fish Landings (Tonnes)","1997","Rathmullan",8564
"888","Value of Sea Fish Landings (Euro Thousand)","1997","Rathmullan",2504
"889","Live Weight of Sea Fish Landings (Tonnes)","1998","Rathmullan",15618
"890","Value of Sea Fish Landings (Euro Thousand)","1998","Rathmullan",3098
"891","Live Weight of Sea Fish Landings (Tonnes)","1999","Rathmullan",13276
"892","Value of Sea Fish Landings (Euro Thousand)","1999","Rathmullan",5312
"893","Live Weight of Sea Fish Landings (Tonnes)","2000","Rathmullan",15369
"894","Value of Sea Fish Landings (Euro Thousand)","2000","Rathmullan",4018
"895","Live Weight of Sea Fish Landings (Tonnes)","2001","Rathmullan",11532
"896","Value of Sea Fish Landings (Euro Thousand)","2001","Rathmullan",4639
"897","Live Weight of Sea Fish Landings (Tonnes)","2002","Rathmullan",5966
"898","Value of Sea Fish Landings (Euro Thousand)","2002","Rathmullan",1632
"899","Live Weight of Sea Fish Landings (Tonnes)","2003","Rathmullan",6134
"900","Value of Sea Fish Landings (Euro Thousand)","2003","Rathmullan",1725
"901","Live Weight of Sea Fish Landings (Tonnes)","2004","Rathmullan",2213
"902","Value of Sea Fish Landings (Euro Thousand)","2004","Rathmullan",837
"903","Live Weight of Sea Fish Landings (Tonnes)","1994","Rossaveal",9182
"904","Value of Sea Fish Landings (Euro Thousand)","1994","Rossaveal",7635
"905","Live Weight of Sea Fish Landings (Tonnes)","1995","Rossaveal",7376
"906","Value of Sea Fish Landings (Euro Thousand)","1995","Rossaveal",6985
"907","Live Weight of Sea Fish Landings (Tonnes)","1996","Rossaveal",7046
"908","Value of Sea Fish Landings (Euro Thousand)","1996","Rossaveal",5850
"909","Live Weight of Sea Fish Landings (Tonnes)","1997","Rossaveal",9142
"910","Value of Sea Fish Landings (Euro Thousand)","1997","Rossaveal",5979
"911","Live Weight of Sea Fish Landings (Tonnes)","1998","Rossaveal",6566
"912","Value of Sea Fish Landings (Euro Thousand)","1998","Rossaveal",6347
"913","Live Weight of Sea Fish Landings (Tonnes)","1999","Rossaveal",6412
"914","Value of Sea Fish Landings (Euro Thousand)","1999","Rossaveal",9194
"915","Live Weight of Sea Fish Landings (Tonnes)","2000","Rossaveal",10353
"916","Value of Sea Fish Landings (Euro Thousand)","2000","Rossaveal",10058
"917","Live Weight of Sea Fish Landings (Tonnes)","2001","Rossaveal",10447
"918","Value of Sea Fish Landings (Euro Thousand)","2001","Rossaveal",16657
"919","Live Weight of Sea Fish Landings (Tonnes)","2002","Rossaveal",11760
"920","Value of Sea Fish Landings (Euro Thousand)","2002","Rossaveal",14454
"921","Live Weight of Sea Fish Landings (Tonnes)","2003","Rossaveal",7883
"922","Value of Sea Fish Landings (Euro Thousand)","2003","Rossaveal",9064
"923","Live Weight of Sea Fish Landings (Tonnes)","2004","Rossaveal",5476
"924","Value of Sea Fish Landings (Euro Thousand)","2004","Rossaveal",8605
"925","Live Weight of Sea Fish Landings (Tonnes)","1994","Schull",759
"926","Value of Sea Fish Landings (Euro Thousand)","1994","Schull",1096
"927","Live Weight of Sea Fish Landings (Tonnes)","1995","Schull",995
"928","Value of Sea Fish Landings (Euro Thousand)","1995","Schull",1611
"929","Live Weight of Sea Fish Landings (Tonnes)","1996","Schull",977
"930","Value of Sea Fish Landings (Euro Thousand)","1996","Schull",1517
"931","Live Weight of Sea Fish Landings (Tonnes)","1997","Schull",1020
"932","Value of Sea Fish Landings (Euro Thousand)","1997","Schull",1527
"933","Live Weight of Sea Fish Landings (Tonnes)","1998","Schull",1286
"934","Value of Sea Fish Landings (Euro Thousand)","1998","Schull",2124
"935","Live Weight of Sea Fish Landings (Tonnes)","1999","Schull",1531
"936","Value of Sea Fish Landings (Euro Thousand)","1999","Schull",2594
"937","Live Weight of Sea Fish Landings (Tonnes)","2000","Schull",1236
"938","Value of Sea Fish Landings (Euro Thousand)","2000","Schull",2138
"939","Live Weight of Sea Fish Landings (Tonnes)","2001","Schull",790
"940","Value of Sea Fish Landings (Euro Thousand)","2001","Schull",1570
"941","Live Weight of Sea Fish Landings (Tonnes)","2002","Schull",1234
"942","Value of Sea Fish Landings (Euro Thousand)","2002","Schull",2269
"943","Live Weight of Sea Fish Landings (Tonnes)","2003","Schull",699
"944","Value of Sea Fish Landings (Euro Thousand)","2003","Schull",1611
"945","Live Weight of Sea Fish Landings (Tonnes)","2004","Schull",762
"946","Value of Sea Fish Landings (Euro Thousand)","2004","Schull",1774
"947","Live Weight of Sea Fish Landings (Tonnes)","1994","Skerries",1341
"948","Value of Sea Fish Landings (Euro Thousand)","1994","Skerries",2067
"949","Live Weight of Sea Fish Landings (Tonnes)","1995","Skerries",1503
"950","Value of Sea Fish Landings (Euro Thousand)","1995","Skerries",2233
"951","Live Weight of Sea Fish Landings (Tonnes)","1996","Skerries",1051
"952","Value of Sea Fish Landings (Euro Thousand)","1996","Skerries",1635
"953","Live Weight of Sea Fish Landings (Tonnes)","1997","Skerries",1050
"954","Value of Sea Fish Landings (Euro Thousand)","1997","Skerries",1972
"955","Live Weight of Sea Fish Landings (Tonnes)","1998","Skerries",1016
"956","Value of Sea Fish Landings (Euro Thousand)","1998","Skerries",1957
"957","Live Weight of Sea Fish Landings (Tonnes)","1999","Skerries",1657
"958","Value of Sea Fish Landings (Euro Thousand)","1999","Skerries",2815
"959","Live Weight of Sea Fish Landings (Tonnes)","2000","Skerries",1022
"960","Value of Sea Fish Landings (Euro Thousand)","2000","Skerries",2217
"961","Live Weight of Sea Fish Landings (Tonnes)","2001","Skerries",685
"962","Value of Sea Fish Landings (Euro Thousand)","2001","Skerries",1535
"963","Live Weight of Sea Fish Landings (Tonnes)","2002","Skerries",434
"964","Value of Sea Fish Landings (Euro Thousand)","2002","Skerries",1856
"965","Live Weight of Sea Fish Landings (Tonnes)","2003","Skerries",732
"966","Value of Sea Fish Landings (Euro Thousand)","2003","Skerries",1999
"967","Live Weight of Sea Fish Landings (Tonnes)","2004","Skerries",886
"968","Value of Sea Fish Landings (Euro Thousand)","2004","Skerries",2482
"969","Live Weight of Sea Fish Landings (Tonnes)","1994","Union Hall",1421
"970","Value of Sea Fish Landings (Euro Thousand)","1994","Union Hall",2359
"971","Live Weight of Sea Fish Landings (Tonnes)","1995","Union Hall",2262
"972","Value of Sea Fish Landings (Euro Thousand)","1995","Union Hall",3244
"973","Live Weight of Sea Fish Landings (Tonnes)","1996","Union Hall",3670
"974","Value of Sea Fish Landings (Euro Thousand)","1996","Union Hall",4276
"975","Live Weight of Sea Fish Landings (Tonnes)","1997","Union Hall",2912
"976","Value of Sea Fish Landings (Euro Thousand)","1997","Union Hall",4086
"977","Live Weight of Sea Fish Landings (Tonnes)","1998","Union Hall",3168
"978","Value of Sea Fish Landings (Euro Thousand)","1998","Union Hall",4058
"979","Live Weight of Sea Fish Landings (Tonnes)","1999","Union Hall",4367
"980","Value of Sea Fish Landings (Euro Thousand)","1999","Union Hall",6238
"981","Live Weight of Sea Fish Landings (Tonnes)","2000","Union Hall",2579
"982","Value of Sea Fish Landings (Euro Thousand)","2000","Union Hall",4954
"983","Live Weight of Sea Fish Landings (Tonnes)","2001","Union Hall",1284
"984","Value of Sea Fish Landings (Euro Thousand)","2001","Union Hall",2738
"985","Live Weight of Sea Fish Landings (Tonnes)","2002","Union Hall",2381
"986","Value of Sea Fish Landings (Euro Thousand)","2002","Union Hall",4046
"987","Live Weight of Sea Fish Landings (Tonnes)","2003","Union Hall",1969
"988","Value of Sea Fish Landings (Euro Thousand)","2003","Union Hall",3931
"989","Live Weight of Sea Fish Landings (Tonnes)","2004","Union Hall",1937
"990","Value of Sea Fish Landings (Euro Thousand)","2004","Union Hall",3605
"991","Live Weight of Sea Fish Landings (Tonnes)","1994","Valentia",977
"992","Value of Sea Fish Landings (Euro Thousand)","1994","Valentia",2009
"993","Live Weight of Sea Fish Landings (Tonnes)","1995","Valentia",1202
"994","Value of Sea Fish Landings (Euro Thousand)","1995","Valentia",2319
"995","Live Weight of Sea Fish Landings (Tonnes)","1996","Valentia",1233
"996","Value of Sea Fish Landings (Euro Thousand)","1996","Valentia",2600
"997","Live Weight of Sea Fish Landings (Tonnes)","1997","Valentia",989
"998","Value of Sea Fish Landings (Euro Thousand)","1997","Valentia",2032
"999","Live Weight of Sea Fish Landings (Tonnes)","1998","Valentia",649
"1000","Value of Sea Fish Landings (Euro Thousand)","1998","Valentia",1460
"1001","Live Weight of Sea Fish Landings (Tonnes)","1999","Valentia",804
"1002","Value of Sea Fish Landings (Euro Thousand)","1999","Valentia",1924
"1003","Live Weight of Sea Fish Landings (Tonnes)","2000","Valentia",693
"1004","Value of Sea Fish Landings (Euro Thousand)","2000","Valentia",1315
"1005","Live Weight of Sea Fish Landings (Tonnes)","2001","Valentia",874
"1006","Value of Sea Fish Landings (Euro Thousand)","2001","Valentia",2184
"1007","Live Weight of Sea Fish Landings (Tonnes)","2002","Valentia",534
"1008","Value of Sea Fish Landings (Euro Thousand)","2002","Valentia",1398
"1009","Live Weight of Sea Fish Landings (Tonnes)","2003","Valentia",355
"1010","Value of Sea Fish Landings (Euro Thousand)","2003","Valentia",829
"1011","Live Weight of Sea Fish Landings (Tonnes)","2004","Valentia",403
"1012","Value of Sea Fish Landings (Euro Thousand)","2004","Valentia",982
"1013","Live Weight of Sea Fish Landings (Tonnes)","1994","Wexford",1015
"1014","Value of Sea Fish Landings (Euro Thousand)","1994","Wexford",629
"1015","Live Weight of Sea Fish Landings (Tonnes)","1995","Wexford",2786
"1016","Value of Sea Fish Landings (Euro Thousand)","1995","Wexford",1793
"1017","Live Weight of Sea Fish Landings (Tonnes)","1996","Wexford",1456
"1018","Value of Sea Fish Landings (Euro Thousand)","1996","Wexford",1112
"1019","Live Weight of Sea Fish Landings (Tonnes)","1997","Wexford",899
"1020","Value of Sea Fish Landings (Euro Thousand)","1997","Wexford",724
"1021","Live Weight of Sea Fish Landings (Tonnes)","1998","Wexford",181
"1022","Value of Sea Fish Landings (Euro Thousand)","1998","Wexford",153
"1023","Live Weight of Sea Fish Landings (Tonnes)","1999","Wexford",168
"1024","Value of Sea Fish Landings (Euro Thousand)","1999","Wexford",85
"1025","Live Weight of Sea Fish Landings (Tonnes)","2000","Wexford",266
"1026","Value of Sea Fish Landings (Euro Thousand)","2000","Wexford",203
"1027","Live Weight of Sea Fish Landings (Tonnes)","2001","Wexford",251
"1028","Value of Sea Fish Landings (Euro Thousand)","2001","Wexford",202
"1029","Live Weight of Sea Fish Landings (Tonnes)","2002","Wexford",209
"1030","Value of Sea Fish Landings (Euro Thousand)","2002","Wexford",151
"1031","Live Weight of Sea Fish Landings (Tonnes)","2003","Wexford",390
"1032","Value of Sea Fish Landings (Euro Thousand)","2003","Wexford",150
"1033","Live Weight of Sea Fish Landings (Tonnes)","2004","Wexford",288
"1034","Value of Sea Fish Landings (Euro Thousand)","2004","Wexford",112
"1035","Live Weight of Sea Fish Landings (Tonnes)","1994","Wicklow",NA
"1036","Value of Sea Fish Landings (Euro Thousand)","1994","Wicklow",NA
"1037","Live Weight of Sea Fish Landings (Tonnes)","1995","Wicklow",NA
"1038","Value of Sea Fish Landings (Euro Thousand)","1995","Wicklow",NA
"1039","Live Weight of Sea Fish Landings (Tonnes)","1996","Wicklow",NA
"1040","Value of Sea Fish Landings (Euro Thousand)","1996","Wicklow",NA
"1041","Live Weight of Sea Fish Landings (Tonnes)","1997","Wicklow",0
"1042","Value of Sea Fish Landings (Euro Thousand)","1997","Wicklow",0
"1043","Live Weight of Sea Fish Landings (Tonnes)","1998","Wicklow",1866
"1044","Value of Sea Fish Landings (Euro Thousand)","1998","Wicklow",1099
"1045","Live Weight of Sea Fish Landings (Tonnes)","1999","Wicklow",2390
"1046","Value of Sea Fish Landings (Euro Thousand)","1999","Wicklow",1366
"1047","Live Weight of Sea Fish Landings (Tonnes)","2000","Wicklow",2211
"1048","Value of Sea Fish Landings (Euro Thousand)","2000","Wicklow",1541
"1049","Live Weight of Sea Fish Landings (Tonnes)","2001","Wicklow",4455
"1050","Value of Sea Fish Landings (Euro Thousand)","2001","Wicklow",3890
"1051","Live Weight of Sea Fish Landings (Tonnes)","2002","Wicklow",6241
"1052","Value of Sea Fish Landings (Euro Thousand)","2002","Wicklow",3988
"1053","Live Weight of Sea Fish Landings (Tonnes)","2003","Wicklow",5344
"1054","Value of Sea Fish Landings (Euro Thousand)","2003","Wicklow",3717
"1055","Live Weight of Sea Fish Landings (Tonnes)","2004","Wicklow",5005
"1056","Value of Sea Fish Landings (Euro Thousand)","2004","Wicklow",2002
"1057","Live Weight of Sea Fish Landings (Tonnes)","1994","Other Ports",NA
"1058","Value of Sea Fish Landings (Euro Thousand)","1994","Other Ports",NA
"1059","Live Weight of Sea Fish Landings (Tonnes)","1995","Other Ports",NA
"1060","Value of Sea Fish Landings (Euro Thousand)","1995","Other Ports",NA
"1061","Live Weight of Sea Fish Landings (Tonnes)","1996","Other Ports",NA
"1062","Value of Sea Fish Landings (Euro Thousand)","1996","Other Ports",NA
"1063","Live Weight of Sea Fish Landings (Tonnes)","1997","Other Ports",NA
"1064","Value of Sea Fish Landings (Euro Thousand)","1997","Other Ports",NA
"1065","Live Weight of Sea Fish Landings (Tonnes)","1998","Other Ports",7752
"1066","Value of Sea Fish Landings (Euro Thousand)","1998","Other Ports",13004
"1067","Live Weight of Sea Fish Landings (Tonnes)","1999","Other Ports",10029
"1068","Value of Sea Fish Landings (Euro Thousand)","1999","Other Ports",16289
"1069","Live Weight of Sea Fish Landings (Tonnes)","2000","Other Ports",9303
"1070","Value of Sea Fish Landings (Euro Thousand)","2000","Other Ports",17460
"1071","Live Weight of Sea Fish Landings (Tonnes)","2001","Other Ports",10024
"1072","Value of Sea Fish Landings (Euro Thousand)","2001","Other Ports",26464
"1073","Live Weight of Sea Fish Landings (Tonnes)","2002","Other Ports",10904
"1074","Value of Sea Fish Landings (Euro Thousand)","2002","Other Ports",19193
"1075","Live Weight of Sea Fish Landings (Tonnes)","2003","Other Ports",11900
"1076","Value of Sea Fish Landings (Euro Thousand)","2003","Other Ports",21590
"1077","Live Weight of Sea Fish Landings (Tonnes)","2004","Other Ports",13718
"1078","Value of Sea Fish Landings (Euro Thousand)","2004","Other Ports",26037
"1079","Live Weight of Sea Fish Landings (Tonnes)","1994","Foreign Ports",36423
"1080","Value of Sea Fish Landings (Euro Thousand)","1994","Foreign Ports",9721
"1081","Live Weight of Sea Fish Landings (Tonnes)","1995","Foreign Ports",46294
"1082","Value of Sea Fish Landings (Euro Thousand)","1995","Foreign Ports",15640
"1083","Live Weight of Sea Fish Landings (Tonnes)","1996","Foreign Ports",52589
"1084","Value of Sea Fish Landings (Euro Thousand)","1996","Foreign Ports",20604
"1085","Live Weight of Sea Fish Landings (Tonnes)","1997","Foreign Ports",67407
"1086","Value of Sea Fish Landings (Euro Thousand)","1997","Foreign Ports",18462
"1087","Live Weight of Sea Fish Landings (Tonnes)","1998","Foreign Ports",94306
"1088","Value of Sea Fish Landings (Euro Thousand)","1998","Foreign Ports",42231
"1089","Live Weight of Sea Fish Landings (Tonnes)","1999","Foreign Ports",72550
"1090","Value of Sea Fish Landings (Euro Thousand)","1999","Foreign Ports",28326
"1091","Live Weight of Sea Fish Landings (Tonnes)","2000","Foreign Ports",75679
"1092","Value of Sea Fish Landings (Euro Thousand)","2000","Foreign Ports",33946
"1093","Live Weight of Sea Fish Landings (Tonnes)","2001","Foreign Ports",79775
"1094","Value of Sea Fish Landings (Euro Thousand)","2001","Foreign Ports",45136
"1095","Live Weight of Sea Fish Landings (Tonnes)","2002","Foreign Ports",68802
"1096","Value of Sea Fish Landings (Euro Thousand)","2002","Foreign Ports",35783
"1097","Live Weight of Sea Fish Landings (Tonnes)","2003","Foreign Ports",91985
"1098","Value of Sea Fish Landings (Euro Thousand)","2003","Foreign Ports",34330
"1099","Live Weight of Sea Fish Landings (Tonnes)","2004","Foreign Ports",120040
"1100","Value of Sea Fish Landings (Euro Thousand)","2004","Foreign Ports",40259
