"","Product","Month","value"
"1","Milk (per litre), actual butterfat","1976M01",0.099
"2","Milk (per litre), 3.7% butterfat","1976M01",0.098
"3","Hens eggs (10 dozen)","1976M01",3.68
"4","Milk (per litre), actual butterfat","1976M02",0.097
"5","Milk (per litre), 3.7% butterfat","1976M02",0.099
"6","Hens eggs (10 dozen)","1976M02",3.81
"7","Milk (per litre), actual butterfat","1976M03",0.094
"8","Milk (per litre), 3.7% butterfat","1976M03",0.098
"9","Hens eggs (10 dozen)","1976M03",4.19
"10","Milk (per litre), actual butterfat","1976M04",0.091
"11","Milk (per litre), 3.7% butterfat","1976M04",0.098
"12","Hens eggs (10 dozen)","1976M04",4.32
"13","Milk (per litre), actual butterfat","1976M05",0.091
"14","Milk (per litre), 3.7% butterfat","1976M05",0.098
"15","Hens eggs (10 dozen)","1976M05",4.06
"16","Milk (per litre), actual butterfat","1976M06",0.091
"17","Milk (per litre), 3.7% butterfat","1976M06",0.098
"18","Hens eggs (10 dozen)","1976M06",3.68
"19","Milk (per litre), actual butterfat","1976M07",0.093
"20","Milk (per litre), 3.7% butterfat","1976M07",0.098
"21","Hens eggs (10 dozen)","1976M07",3.81
"22","Milk (per litre), actual butterfat","1976M08",0.094
"23","Milk (per litre), 3.7% butterfat","1976M08",0.098
"24","Hens eggs (10 dozen)","1976M08",4.57
"25","Milk (per litre), actual butterfat","1976M09",0.104
"26","Milk (per litre), 3.7% butterfat","1976M09",0.102
"27","Hens eggs (10 dozen)","1976M09",4.83
"28","Milk (per litre), actual butterfat","1976M10",0.118
"29","Milk (per litre), 3.7% butterfat","1976M10",0.109
"30","Hens eggs (10 dozen)","1976M10",4.7
"31","Milk (per litre), actual butterfat","1976M11",0.124
"32","Milk (per litre), 3.7% butterfat","1976M11",0.11
"33","Hens eggs (10 dozen)","1976M11",4.95
"34","Milk (per litre), actual butterfat","1976M12",0.123
"35","Milk (per litre), 3.7% butterfat","1976M12",0.113
"36","Hens eggs (10 dozen)","1976M12",5.46
"37","Milk (per litre), actual butterfat","1977M01",0.121
"38","Milk (per litre), 3.7% butterfat","1977M01",0.118
"39","Hens eggs (10 dozen)","1977M01",5.33
"40","Milk (per litre), actual butterfat","1977M02",0.119
"41","Milk (per litre), 3.7% butterfat","1977M02",0.122
"42","Hens eggs (10 dozen)","1977M02",5.33
"43","Milk (per litre), actual butterfat","1977M03",0.114
"44","Milk (per litre), 3.7% butterfat","1977M03",0.121
"45","Hens eggs (10 dozen)","1977M03",5.33
"46","Milk (per litre), actual butterfat","1977M04",0.121
"47","Milk (per litre), 3.7% butterfat","1977M04",0.128
"48","Hens eggs (10 dozen)","1977M04",4.95
"49","Milk (per litre), actual butterfat","1977M05",0.126
"50","Milk (per litre), 3.7% butterfat","1977M05",0.135
"51","Hens eggs (10 dozen)","1977M05",4.57
"52","Milk (per litre), actual butterfat","1977M06",0.128
"53","Milk (per litre), 3.7% butterfat","1977M06",0.136
"54","Hens eggs (10 dozen)","1977M06",4.19
"55","Milk (per litre), actual butterfat","1977M07",0.131
"56","Milk (per litre), 3.7% butterfat","1977M07",0.137
"57","Hens eggs (10 dozen)","1977M07",4.83
"58","Milk (per litre), actual butterfat","1977M08",0.132
"59","Milk (per litre), 3.7% butterfat","1977M08",0.136
"60","Hens eggs (10 dozen)","1977M08",4.95
"61","Milk (per litre), actual butterfat","1977M09",0.138
"62","Milk (per litre), 3.7% butterfat","1977M09",0.135
"63","Hens eggs (10 dozen)","1977M09",4.95
"64","Milk (per litre), actual butterfat","1977M10",0.145
"65","Milk (per litre), 3.7% butterfat","1977M10",0.136
"66","Hens eggs (10 dozen)","1977M10",4.7
"67","Milk (per litre), actual butterfat","1977M11",0.155
"68","Milk (per litre), 3.7% butterfat","1977M11",0.137
"69","Hens eggs (10 dozen)","1977M11",4.83
"70","Milk (per litre), actual butterfat","1977M12",0.15
"71","Milk (per litre), 3.7% butterfat","1977M12",0.14
"72","Hens eggs (10 dozen)","1977M12",5.46
"73","Milk (per litre), actual butterfat","1978M01",0.143
"74","Milk (per litre), 3.7% butterfat","1978M01",0.141
"75","Hens eggs (10 dozen)","1978M01",5.33
"76","Milk (per litre), actual butterfat","1978M02",0.136
"77","Milk (per litre), 3.7% butterfat","1978M02",0.137
"78","Hens eggs (10 dozen)","1978M02",5.08
"79","Milk (per litre), actual butterfat","1978M03",0.131
"80","Milk (per litre), 3.7% butterfat","1978M03",0.135
"81","Hens eggs (10 dozen)","1978M03",5.33
"82","Milk (per litre), actual butterfat","1978M04",0.128
"83","Milk (per litre), 3.7% butterfat","1978M04",0.136
"84","Hens eggs (10 dozen)","1978M04",4.95
"85","Milk (per litre), actual butterfat","1978M05",0.135
"86","Milk (per litre), 3.7% butterfat","1978M05",0.143
"87","Hens eggs (10 dozen)","1978M05",4.57
"88","Milk (per litre), actual butterfat","1978M06",0.14
"89","Milk (per litre), 3.7% butterfat","1978M06",0.147
"90","Hens eggs (10 dozen)","1978M06",4.06
"91","Milk (per litre), actual butterfat","1978M07",0.141
"92","Milk (per litre), 3.7% butterfat","1978M07",0.147
"93","Hens eggs (10 dozen)","1978M07",4.06
"94","Milk (per litre), actual butterfat","1978M08",0.145
"95","Milk (per litre), 3.7% butterfat","1978M08",0.149
"96","Hens eggs (10 dozen)","1978M08",4.19
"97","Milk (per litre), actual butterfat","1978M09",0.15
"98","Milk (per litre), 3.7% butterfat","1978M09",0.15
"99","Hens eggs (10 dozen)","1978M09",4.19
"100","Milk (per litre), actual butterfat","1978M10",0.156
"101","Milk (per litre), 3.7% butterfat","1978M10",0.147
"102","Hens eggs (10 dozen)","1978M10",4.19
"103","Milk (per litre), actual butterfat","1978M11",0.166
"104","Milk (per litre), 3.7% butterfat","1978M11",0.15
"105","Hens eggs (10 dozen)","1978M11",4.44
"106","Milk (per litre), actual butterfat","1978M12",0.169
"107","Milk (per litre), 3.7% butterfat","1978M12",0.155
"108","Hens eggs (10 dozen)","1978M12",4.83
"109","Milk (per litre), actual butterfat","1979M01",0.157
"110","Milk (per litre), 3.7% butterfat","1979M01",0.155
"111","Hens eggs (10 dozen)","1979M01",5.33
"112","Milk (per litre), actual butterfat","1979M02",0.151
"113","Milk (per litre), 3.7% butterfat","1979M02",0.152
"114","Hens eggs (10 dozen)","1979M02",5.59
"115","Milk (per litre), actual butterfat","1979M03",0.147
"116","Milk (per litre), 3.7% butterfat","1979M03",0.152
"117","Hens eggs (10 dozen)","1979M03",5.33
"118","Milk (per litre), actual butterfat","1979M04",0.142
"119","Milk (per litre), 3.7% butterfat","1979M04",0.15
"120","Hens eggs (10 dozen)","1979M04",5.21
"121","Milk (per litre), actual butterfat","1979M05",0.142
"122","Milk (per litre), 3.7% butterfat","1979M05",0.152
"123","Hens eggs (10 dozen)","1979M05",5.21
"124","Milk (per litre), actual butterfat","1979M06",0.142
"125","Milk (per litre), 3.7% butterfat","1979M06",0.151
"126","Hens eggs (10 dozen)","1979M06",5.08
"127","Milk (per litre), actual butterfat","1979M07",0.143
"128","Milk (per litre), 3.7% butterfat","1979M07",0.151
"129","Hens eggs (10 dozen)","1979M07",5.33
"130","Milk (per litre), actual butterfat","1979M08",0.147
"131","Milk (per litre), 3.7% butterfat","1979M08",0.15
"132","Hens eggs (10 dozen)","1979M08",5.84
"133","Milk (per litre), actual butterfat","1979M09",0.151
"134","Milk (per litre), 3.7% butterfat","1979M09",0.15
"135","Hens eggs (10 dozen)","1979M09",6.22
"136","Milk (per litre), actual butterfat","1979M10",0.159
"137","Milk (per litre), 3.7% butterfat","1979M10",0.15
"138","Hens eggs (10 dozen)","1979M10",6.09
"139","Milk (per litre), actual butterfat","1979M11",0.168
"140","Milk (per litre), 3.7% butterfat","1979M11",0.151
"141","Hens eggs (10 dozen)","1979M11",5.84
"142","Milk (per litre), actual butterfat","1979M12",0.161
"143","Milk (per litre), 3.7% butterfat","1979M12",0.152
"144","Hens eggs (10 dozen)","1979M12",6.22
"145","Milk (per litre), actual butterfat","1980M01",0.152
"146","Milk (per litre), 3.7% butterfat","1980M01",0.151
"147","Hens eggs (10 dozen)","1980M01",6.26
"148","Milk (per litre), actual butterfat","1980M02",0.147
"149","Milk (per litre), 3.7% butterfat","1980M02",0.152
"150","Hens eggs (10 dozen)","1980M02",6.18
"151","Milk (per litre), actual butterfat","1980M03",0.14
"152","Milk (per litre), 3.7% butterfat","1980M03",0.147
"153","Hens eggs (10 dozen)","1980M03",6.32
"154","Milk (per litre), actual butterfat","1980M04",0.138
"155","Milk (per litre), 3.7% butterfat","1980M04",0.149
"156","Hens eggs (10 dozen)","1980M04",6.22
"157","Milk (per litre), actual butterfat","1980M05",0.138
"158","Milk (per litre), 3.7% butterfat","1980M05",0.149
"159","Hens eggs (10 dozen)","1980M05",6.27
"160","Milk (per litre), actual butterfat","1980M06",0.14
"161","Milk (per litre), 3.7% butterfat","1980M06",0.147
"162","Hens eggs (10 dozen)","1980M06",6.04
"163","Milk (per litre), actual butterfat","1980M07",0.142
"164","Milk (per litre), 3.7% butterfat","1980M07",0.147
"165","Hens eggs (10 dozen)","1980M07",5.99
"166","Milk (per litre), actual butterfat","1980M08",0.145
"167","Milk (per litre), 3.7% butterfat","1980M08",0.147
"168","Hens eggs (10 dozen)","1980M08",6.27
"169","Milk (per litre), actual butterfat","1980M09",0.151
"170","Milk (per litre), 3.7% butterfat","1980M09",0.15
"171","Hens eggs (10 dozen)","1980M09",6.15
"172","Milk (per litre), actual butterfat","1980M10",0.161
"173","Milk (per litre), 3.7% butterfat","1980M10",0.15
"174","Hens eggs (10 dozen)","1980M10",6.46
"175","Milk (per litre), actual butterfat","1980M11",0.169
"176","Milk (per litre), 3.7% butterfat","1980M11",0.154
"177","Hens eggs (10 dozen)","1980M11",6.65
"178","Milk (per litre), actual butterfat","1980M12",0.166
"179","Milk (per litre), 3.7% butterfat","1980M12",0.159
"180","Hens eggs (10 dozen)","1980M12",7.03
"181","Milk (per litre), actual butterfat","1981M01",0.165
"182","Milk (per litre), 3.7% butterfat","1981M01",0.165
"183","Hens eggs (10 dozen)","1981M01",7.07
"184","Milk (per litre), actual butterfat","1981M02",0.155
"185","Milk (per litre), 3.7% butterfat","1981M02",0.161
"186","Hens eggs (10 dozen)","1981M02",7.07
"187","Milk (per litre), actual butterfat","1981M03",0.149
"188","Milk (per litre), 3.7% butterfat","1981M03",0.156
"189","Hens eggs (10 dozen)","1981M03",7.36
"190","Milk (per litre), actual butterfat","1981M04",0.159
"191","Milk (per litre), 3.7% butterfat","1981M04",0.169
"192","Hens eggs (10 dozen)","1981M04",7.4
"193","Milk (per litre), actual butterfat","1981M05",0.16
"194","Milk (per litre), 3.7% butterfat","1981M05",0.169
"195","Hens eggs (10 dozen)","1981M05",7.39
"196","Milk (per litre), actual butterfat","1981M06",0.161
"197","Milk (per litre), 3.7% butterfat","1981M06",0.17
"198","Hens eggs (10 dozen)","1981M06",7.48
"199","Milk (per litre), actual butterfat","1981M07",0.163
"200","Milk (per litre), 3.7% butterfat","1981M07",0.17
"201","Hens eggs (10 dozen)","1981M07",7.21
"202","Milk (per litre), actual butterfat","1981M08",0.165
"203","Milk (per litre), 3.7% butterfat","1981M08",0.17
"204","Hens eggs (10 dozen)","1981M08",7.12
"205","Milk (per litre), actual butterfat","1981M09",0.178
"206","Milk (per litre), 3.7% butterfat","1981M09",0.174
"207","Hens eggs (10 dozen)","1981M09",7.49
"208","Milk (per litre), actual butterfat","1981M10",0.188
"209","Milk (per litre), 3.7% butterfat","1981M10",0.175
"210","Hens eggs (10 dozen)","1981M10",7.64
"211","Milk (per litre), actual butterfat","1981M11",0.202
"212","Milk (per litre), 3.7% butterfat","1981M11",0.182
"213","Hens eggs (10 dozen)","1981M11",8.13
"214","Milk (per litre), actual butterfat","1981M12",0.196
"215","Milk (per litre), 3.7% butterfat","1981M12",0.187
"216","Hens eggs (10 dozen)","1981M12",8.61
"217","Milk (per litre), actual butterfat","1982M01",0.196
"218","Milk (per litre), 3.7% butterfat","1982M01",0.197
"219","Hens eggs (10 dozen)","1982M01",9.21
"220","Milk (per litre), actual butterfat","1982M02",0.18
"221","Milk (per litre), 3.7% butterfat","1982M02",0.188
"222","Hens eggs (10 dozen)","1982M02",9.22
"223","Milk (per litre), actual butterfat","1982M03",0.166
"224","Milk (per litre), 3.7% butterfat","1982M03",0.175
"225","Hens eggs (10 dozen)","1982M03",8.08
"226","Milk (per litre), actual butterfat","1982M04",0.161
"227","Milk (per litre), 3.7% butterfat","1982M04",0.173
"228","Hens eggs (10 dozen)","1982M04",7.09
"229","Milk (per litre), actual butterfat","1982M05",0.168
"230","Milk (per litre), 3.7% butterfat","1982M05",0.179
"231","Hens eggs (10 dozen)","1982M05",6.41
"232","Milk (per litre), actual butterfat","1982M06",0.179
"233","Milk (per litre), 3.7% butterfat","1982M06",0.188
"234","Hens eggs (10 dozen)","1982M06",5.75
"235","Milk (per litre), actual butterfat","1982M07",0.183
"236","Milk (per litre), 3.7% butterfat","1982M07",0.192
"237","Hens eggs (10 dozen)","1982M07",5.74
"238","Milk (per litre), actual butterfat","1982M08",0.187
"239","Milk (per litre), 3.7% butterfat","1982M08",0.192
"240","Hens eggs (10 dozen)","1982M08",5.71
"241","Milk (per litre), actual butterfat","1982M09",0.196
"242","Milk (per litre), 3.7% butterfat","1982M09",0.193
"243","Hens eggs (10 dozen)","1982M09",6.16
"244","Milk (per litre), actual butterfat","1982M10",0.206
"245","Milk (per litre), 3.7% butterfat","1982M10",0.196
"246","Hens eggs (10 dozen)","1982M10",6.23
"247","Milk (per litre), actual butterfat","1982M11",0.215
"248","Milk (per litre), 3.7% butterfat","1982M11",0.196
"249","Hens eggs (10 dozen)","1982M11",6.21
"250","Milk (per litre), actual butterfat","1982M12",0.21
"251","Milk (per litre), 3.7% butterfat","1982M12",0.201
"252","Hens eggs (10 dozen)","1982M12",6.2
"253","Milk (per litre), actual butterfat","1983M01",0.217
"254","Milk (per litre), 3.7% butterfat","1983M01",0.217
"255","Hens eggs (10 dozen)","1983M01",6.15
"256","Milk (per litre), actual butterfat","1983M02",0.204
"257","Milk (per litre), 3.7% butterfat","1983M02",0.21
"258","Hens eggs (10 dozen)","1983M02",5.37
"259","Milk (per litre), actual butterfat","1983M03",0.185
"260","Milk (per litre), 3.7% butterfat","1983M03",0.196
"261","Hens eggs (10 dozen)","1983M03",5.52
"262","Milk (per litre), actual butterfat","1983M04",0.183
"263","Milk (per litre), 3.7% butterfat","1983M04",0.193
"264","Hens eggs (10 dozen)","1983M04",5.66
"265","Milk (per litre), actual butterfat","1983M05",0.183
"266","Milk (per litre), 3.7% butterfat","1983M05",0.194
"267","Hens eggs (10 dozen)","1983M05",5.74
"268","Milk (per litre), actual butterfat","1983M06",0.196
"269","Milk (per litre), 3.7% butterfat","1983M06",0.206
"270","Hens eggs (10 dozen)","1983M06",5.9
"271","Milk (per litre), actual butterfat","1983M07",0.196
"272","Milk (per litre), 3.7% butterfat","1983M07",0.206
"273","Hens eggs (10 dozen)","1983M07",6.26
"274","Milk (per litre), actual butterfat","1983M08",0.201
"275","Milk (per litre), 3.7% butterfat","1983M08",0.207
"276","Hens eggs (10 dozen)","1983M08",7.55
"277","Milk (per litre), actual butterfat","1983M09",0.212
"278","Milk (per litre), 3.7% butterfat","1983M09",0.207
"279","Hens eggs (10 dozen)","1983M09",8.41
"280","Milk (per litre), actual butterfat","1983M10",0.222
"281","Milk (per litre), 3.7% butterfat","1983M10",0.207
"282","Hens eggs (10 dozen)","1983M10",8.18
"283","Milk (per litre), actual butterfat","1983M11",0.234
"284","Milk (per litre), 3.7% butterfat","1983M11",0.212
"285","Hens eggs (10 dozen)","1983M11",8.39
"286","Milk (per litre), actual butterfat","1983M12",0.225
"287","Milk (per litre), 3.7% butterfat","1983M12",0.215
"288","Hens eggs (10 dozen)","1983M12",8.9
"289","Milk (per litre), actual butterfat","1984M01",0.234
"290","Milk (per litre), 3.7% butterfat","1984M01",0.234
"291","Hens eggs (10 dozen)","1984M01",8.94
"292","Milk (per litre), actual butterfat","1984M02",0.216
"293","Milk (per litre), 3.7% butterfat","1984M02",0.221
"294","Hens eggs (10 dozen)","1984M02",8.96
"295","Milk (per litre), actual butterfat","1984M03",0.198
"296","Milk (per litre), 3.7% butterfat","1984M03",0.21
"297","Hens eggs (10 dozen)","1984M03",9.09
"298","Milk (per litre), actual butterfat","1984M04",0.19
"299","Milk (per litre), 3.7% butterfat","1984M04",0.201
"300","Hens eggs (10 dozen)","1984M04",9.51
"301","Milk (per litre), actual butterfat","1984M05",0.19
"302","Milk (per litre), 3.7% butterfat","1984M05",0.202
"303","Hens eggs (10 dozen)","1984M05",8.77
"304","Milk (per litre), actual butterfat","1984M06",0.193
"305","Milk (per litre), 3.7% butterfat","1984M06",0.201
"306","Hens eggs (10 dozen)","1984M06",7.47
"307","Milk (per litre), actual butterfat","1984M07",0.194
"308","Milk (per litre), 3.7% butterfat","1984M07",0.201
"309","Hens eggs (10 dozen)","1984M07",6.92
"310","Milk (per litre), actual butterfat","1984M08",0.198
"311","Milk (per litre), 3.7% butterfat","1984M08",0.199
"312","Hens eggs (10 dozen)","1984M08",6.86
"313","Milk (per litre), actual butterfat","1984M09",0.207
"314","Milk (per litre), 3.7% butterfat","1984M09",0.201
"315","Hens eggs (10 dozen)","1984M09",7.33
"316","Milk (per litre), actual butterfat","1984M10",0.217
"317","Milk (per litre), 3.7% butterfat","1984M10",0.202
"318","Hens eggs (10 dozen)","1984M10",7.14
"319","Milk (per litre), actual butterfat","1984M11",0.226
"320","Milk (per litre), 3.7% butterfat","1984M11",0.207
"321","Hens eggs (10 dozen)","1984M11",7.17
"322","Milk (per litre), actual butterfat","1984M12",0.217
"323","Milk (per litre), 3.7% butterfat","1984M12",0.207
"324","Hens eggs (10 dozen)","1984M12",7.38
"325","Milk (per litre), actual butterfat","1985M01",0.23
"326","Milk (per litre), 3.7% butterfat","1985M01",0.23
"327","Hens eggs (10 dozen)","1985M01",7.1
"328","Milk (per litre), actual butterfat","1985M02",0.215
"329","Milk (per litre), 3.7% butterfat","1985M02",0.218
"330","Hens eggs (10 dozen)","1985M02",6.93
"331","Milk (per litre), actual butterfat","1985M03",0.201
"332","Milk (per litre), 3.7% butterfat","1985M03",0.207
"333","Hens eggs (10 dozen)","1985M03",7.35
"334","Milk (per litre), actual butterfat","1985M04",0.197
"335","Milk (per litre), 3.7% butterfat","1985M04",0.206
"336","Hens eggs (10 dozen)","1985M04",7.36
"337","Milk (per litre), actual butterfat","1985M05",0.201
"338","Milk (per litre), 3.7% butterfat","1985M05",0.212
"339","Hens eggs (10 dozen)","1985M05",6.98
"340","Milk (per litre), actual butterfat","1985M06",0.206
"341","Milk (per litre), 3.7% butterfat","1985M06",0.216
"342","Hens eggs (10 dozen)","1985M06",6.79
"343","Milk (per litre), actual butterfat","1985M07",0.207
"344","Milk (per litre), 3.7% butterfat","1985M07",0.215
"345","Hens eggs (10 dozen)","1985M07",6.77
"346","Milk (per litre), actual butterfat","1985M08",0.211
"347","Milk (per litre), 3.7% butterfat","1985M08",0.213
"348","Hens eggs (10 dozen)","1985M08",6.98
"349","Milk (per litre), actual butterfat","1985M09",0.217
"350","Milk (per litre), 3.7% butterfat","1985M09",0.213
"351","Hens eggs (10 dozen)","1985M09",7.55
"352","Milk (per litre), actual butterfat","1985M10",0.221
"353","Milk (per litre), 3.7% butterfat","1985M10",0.21
"354","Hens eggs (10 dozen)","1985M10",7.14
"355","Milk (per litre), actual butterfat","1985M11",0.23
"356","Milk (per litre), 3.7% butterfat","1985M11",0.215
"357","Hens eggs (10 dozen)","1985M11",7.3
"358","Milk (per litre), actual butterfat","1985M12",0.221
"359","Milk (per litre), 3.7% butterfat","1985M12",0.22
"360","Hens eggs (10 dozen)","1985M12",7.44
"361","Milk (per litre), actual butterfat","1986M01",0.239
"362","Milk (per litre), 3.7% butterfat","1986M01",0.24
"363","Hens eggs (10 dozen)","1986M01",6.63
"364","Milk (per litre), actual butterfat","1986M02",0.225
"365","Milk (per litre), 3.7% butterfat","1986M02",0.23
"366","Hens eggs (10 dozen)","1986M02",6.22
"367","Milk (per litre), actual butterfat","1986M03",0.207
"368","Milk (per litre), 3.7% butterfat","1986M03",0.215
"369","Hens eggs (10 dozen)","1986M03",6.44
"370","Milk (per litre), actual butterfat","1986M04",0.204
"371","Milk (per litre), 3.7% butterfat","1986M04",0.215
"372","Hens eggs (10 dozen)","1986M04",5.97
"373","Milk (per litre), actual butterfat","1986M05",0.207
"374","Milk (per litre), 3.7% butterfat","1986M05",0.22
"375","Hens eggs (10 dozen)","1986M05",5.45
"376","Milk (per litre), actual butterfat","1986M06",0.208
"377","Milk (per litre), 3.7% butterfat","1986M06",0.218
"378","Hens eggs (10 dozen)","1986M06",5.19
"379","Milk (per litre), actual butterfat","1986M07",0.208
"380","Milk (per litre), 3.7% butterfat","1986M07",0.217
"381","Hens eggs (10 dozen)","1986M07",5.16
"382","Milk (per litre), actual butterfat","1986M08",0.215
"383","Milk (per litre), 3.7% butterfat","1986M08",0.218
"384","Hens eggs (10 dozen)","1986M08",5.47
"385","Milk (per litre), actual butterfat","1986M09",0.221
"386","Milk (per litre), 3.7% butterfat","1986M09",0.22
"387","Hens eggs (10 dozen)","1986M09",5.84
"388","Milk (per litre), actual butterfat","1986M10",0.234
"389","Milk (per litre), 3.7% butterfat","1986M10",0.223
"390","Hens eggs (10 dozen)","1986M10",5.55
"391","Milk (per litre), actual butterfat","1986M11",0.241
"392","Milk (per litre), 3.7% butterfat","1986M11",0.226
"393","Hens eggs (10 dozen)","1986M11",6.17
"394","Milk (per litre), actual butterfat","1986M12",0.232
"395","Milk (per litre), 3.7% butterfat","1986M12",0.23
"396","Hens eggs (10 dozen)","1986M12",6.77
"397","Milk (per litre), actual butterfat","1987M01",0.245
"398","Milk (per litre), 3.7% butterfat","1987M01",0.249
"399","Hens eggs (10 dozen)","1987M01",6.55
"400","Milk (per litre), actual butterfat","1987M02",0.231
"401","Milk (per litre), 3.7% butterfat","1987M02",0.239
"402","Hens eggs (10 dozen)","1987M02",6.58
"403","Milk (per litre), actual butterfat","1987M03",0.215
"404","Milk (per litre), 3.7% butterfat","1987M03",0.225
"405","Hens eggs (10 dozen)","1987M03",7.01
"406","Milk (per litre), actual butterfat","1987M04",0.213
"407","Milk (per litre), 3.7% butterfat","1987M04",0.225
"408","Hens eggs (10 dozen)","1987M04",7.34
"409","Milk (per litre), actual butterfat","1987M05",0.212
"410","Milk (per litre), 3.7% butterfat","1987M05",0.226
"411","Hens eggs (10 dozen)","1987M05",6.64
"412","Milk (per litre), actual butterfat","1987M06",0.213
"413","Milk (per litre), 3.7% butterfat","1987M06",0.225
"414","Hens eggs (10 dozen)","1987M06",6.12
"415","Milk (per litre), actual butterfat","1987M07",0.221
"416","Milk (per litre), 3.7% butterfat","1987M07",0.231
"417","Hens eggs (10 dozen)","1987M07",5.94
"418","Milk (per litre), actual butterfat","1987M08",0.223
"419","Milk (per litre), 3.7% butterfat","1987M08",0.23
"420","Hens eggs (10 dozen)","1987M08",6.22
"421","Milk (per litre), actual butterfat","1987M09",0.232
"422","Milk (per litre), 3.7% butterfat","1987M09",0.231
"423","Hens eggs (10 dozen)","1987M09",6.41
"424","Milk (per litre), actual butterfat","1987M10",0.241
"425","Milk (per litre), 3.7% butterfat","1987M10",0.23
"426","Hens eggs (10 dozen)","1987M10",6.07
"427","Milk (per litre), actual butterfat","1987M11",0.243
"428","Milk (per litre), 3.7% butterfat","1987M11",0.231
"429","Hens eggs (10 dozen)","1987M11",6.32
"430","Milk (per litre), actual butterfat","1987M12",0.236
"431","Milk (per litre), 3.7% butterfat","1987M12",0.234
"432","Hens eggs (10 dozen)","1987M12",6.6
"433","Milk (per litre), actual butterfat","1988M01",0.25
"434","Milk (per litre), 3.7% butterfat","1988M01",0.251
"435","Hens eggs (10 dozen)","1988M01",6.39
"436","Milk (per litre), actual butterfat","1988M02",0.24
"437","Milk (per litre), 3.7% butterfat","1988M02",0.245
"438","Hens eggs (10 dozen)","1988M02",6.21
"439","Milk (per litre), actual butterfat","1988M03",0.231
"440","Milk (per litre), 3.7% butterfat","1988M03",0.241
"441","Hens eggs (10 dozen)","1988M03",5.94
"442","Milk (per litre), actual butterfat","1988M04",0.234
"443","Milk (per litre), 3.7% butterfat","1988M04",0.246
"444","Hens eggs (10 dozen)","1988M04",5.68
"445","Milk (per litre), actual butterfat","1988M05",0.239
"446","Milk (per litre), 3.7% butterfat","1988M05",0.253
"447","Hens eggs (10 dozen)","1988M05",5.41
"448","Milk (per litre), actual butterfat","1988M06",0.243
"449","Milk (per litre), 3.7% butterfat","1988M06",0.255
"450","Hens eggs (10 dozen)","1988M06",5.08
"451","Milk (per litre), actual butterfat","1988M07",0.248
"452","Milk (per litre), 3.7% butterfat","1988M07",0.256
"453","Hens eggs (10 dozen)","1988M07",5.8
"454","Milk (per litre), actual butterfat","1988M08",0.255
"455","Milk (per litre), 3.7% butterfat","1988M08",0.26
"456","Hens eggs (10 dozen)","1988M08",6.16
"457","Milk (per litre), actual butterfat","1988M09",0.273
"458","Milk (per litre), 3.7% butterfat","1988M09",0.27
"459","Hens eggs (10 dozen)","1988M09",6.63
"460","Milk (per litre), actual butterfat","1988M10",0.282
"461","Milk (per litre), 3.7% butterfat","1988M10",0.268
"462","Hens eggs (10 dozen)","1988M10",6.63
"463","Milk (per litre), actual butterfat","1988M11",0.284
"464","Milk (per litre), 3.7% butterfat","1988M11",0.269
"465","Hens eggs (10 dozen)","1988M11",7.01
"466","Milk (per litre), actual butterfat","1988M12",0.276
"467","Milk (per litre), 3.7% butterfat","1988M12",0.272
"468","Hens eggs (10 dozen)","1988M12",6.87
"469","Milk (per litre), actual butterfat","1989M01",0.276
"470","Milk (per litre), 3.7% butterfat","1989M01",0.279
"471","Hens eggs (10 dozen)","1989M01",6.37
"472","Milk (per litre), actual butterfat","1989M02",0.269
"473","Milk (per litre), 3.7% butterfat","1989M02",0.278
"474","Hens eggs (10 dozen)","1989M02",6.32
"475","Milk (per litre), actual butterfat","1989M03",0.267
"476","Milk (per litre), 3.7% butterfat","1989M03",0.279
"477","Hens eggs (10 dozen)","1989M03",6.32
"478","Milk (per litre), actual butterfat","1989M04",0.272
"479","Milk (per litre), 3.7% butterfat","1989M04",0.284
"480","Hens eggs (10 dozen)","1989M04",6.63
"481","Milk (per litre), actual butterfat","1989M05",0.281
"482","Milk (per litre), 3.7% butterfat","1989M05",0.297
"483","Hens eggs (10 dozen)","1989M05",6.76
"484","Milk (per litre), actual butterfat","1989M06",0.281
"485","Milk (per litre), 3.7% butterfat","1989M06",0.295
"486","Hens eggs (10 dozen)","1989M06",6.79
"487","Milk (per litre), actual butterfat","1989M07",0.279
"488","Milk (per litre), 3.7% butterfat","1989M07",0.291
"489","Hens eggs (10 dozen)","1989M07",6.82
"490","Milk (per litre), actual butterfat","1989M08",0.286
"491","Milk (per litre), 3.7% butterfat","1989M08",0.292
"492","Hens eggs (10 dozen)","1989M08",7.26
"493","Milk (per litre), actual butterfat","1989M09",0.295
"494","Milk (per litre), 3.7% butterfat","1989M09",0.293
"495","Hens eggs (10 dozen)","1989M09",8.09
"496","Milk (per litre), actual butterfat","1989M10",0.306
"497","Milk (per litre), 3.7% butterfat","1989M10",0.293
"498","Hens eggs (10 dozen)","1989M10",7.96
"499","Milk (per litre), actual butterfat","1989M11",0.311
"500","Milk (per litre), 3.7% butterfat","1989M11",0.292
"501","Hens eggs (10 dozen)","1989M11",8.22
"502","Milk (per litre), actual butterfat","1989M12",0.303
"503","Milk (per litre), 3.7% butterfat","1989M12",0.296
"504","Hens eggs (10 dozen)","1989M12",8.38
"505","Milk (per litre), actual butterfat","1990M01",0.297
"506","Milk (per litre), 3.7% butterfat","1990M01",0.301
"507","Hens eggs (10 dozen)","1990M01",8.39
"508","Milk (per litre), actual butterfat","1990M02",0.283
"509","Milk (per litre), 3.7% butterfat","1990M02",0.291
"510","Hens eggs (10 dozen)","1990M02",7.77
"511","Milk (per litre), actual butterfat","1990M03",0.248
"512","Milk (per litre), 3.7% butterfat","1990M03",0.256
"513","Hens eggs (10 dozen)","1990M03",7.59
"514","Milk (per litre), actual butterfat","1990M04",0.239
"515","Milk (per litre), 3.7% butterfat","1990M04",0.25
"516","Hens eggs (10 dozen)","1990M04",7.54
"517","Milk (per litre), actual butterfat","1990M05",0.239
"518","Milk (per litre), 3.7% butterfat","1990M05",0.251
"519","Hens eggs (10 dozen)","1990M05",7.31
"520","Milk (per litre), actual butterfat","1990M06",0.237
"521","Milk (per litre), 3.7% butterfat","1990M06",0.249
"522","Hens eggs (10 dozen)","1990M06",7.12
"523","Milk (per litre), actual butterfat","1990M07",0.239
"524","Milk (per litre), 3.7% butterfat","1990M07",0.248
"525","Hens eggs (10 dozen)","1990M07",7.15
"526","Milk (per litre), actual butterfat","1990M08",0.237
"527","Milk (per litre), 3.7% butterfat","1990M08",0.244
"528","Hens eggs (10 dozen)","1990M08",6.98
"529","Milk (per litre), actual butterfat","1990M09",0.241
"530","Milk (per litre), 3.7% butterfat","1990M09",0.239
"531","Hens eggs (10 dozen)","1990M09",7.02
"532","Milk (per litre), actual butterfat","1990M10",0.249
"533","Milk (per litre), 3.7% butterfat","1990M10",0.237
"534","Hens eggs (10 dozen)","1990M10",7.02
"535","Milk (per litre), actual butterfat","1990M11",0.251
"536","Milk (per litre), 3.7% butterfat","1990M11",0.237
"537","Hens eggs (10 dozen)","1990M11",7.15
"538","Milk (per litre), actual butterfat","1990M12",0.246
"539","Milk (per litre), 3.7% butterfat","1990M12",0.241
"540","Hens eggs (10 dozen)","1990M12",7.25
"541","Milk (per litre), actual butterfat","1991M01",0.241
"542","Milk (per litre), 3.7% butterfat","1991M01",0.243
"543","Hens eggs (10 dozen)","1991M01",7.05
"544","Milk (per litre), actual butterfat","1991M02",0.239
"545","Milk (per litre), 3.7% butterfat","1991M02",0.244
"546","Hens eggs (10 dozen)","1991M02",6.86
"547","Milk (per litre), actual butterfat","1991M03",0.225
"548","Milk (per litre), 3.7% butterfat","1991M03",0.235
"549","Hens eggs (10 dozen)","1991M03",6.98
"550","Milk (per litre), actual butterfat","1991M04",0.226
"551","Milk (per litre), 3.7% butterfat","1991M04",0.237
"552","Hens eggs (10 dozen)","1991M04",6.88
"553","Milk (per litre), actual butterfat","1991M05",0.229
"554","Milk (per litre), 3.7% butterfat","1991M05",0.241
"555","Hens eggs (10 dozen)","1991M05",6.74
"556","Milk (per litre), actual butterfat","1991M06",0.23
"557","Milk (per litre), 3.7% butterfat","1991M06",0.241
"558","Hens eggs (10 dozen)","1991M06",6.62
"559","Milk (per litre), actual butterfat","1991M07",0.229
"560","Milk (per litre), 3.7% butterfat","1991M07",0.236
"561","Hens eggs (10 dozen)","1991M07",6.62
"562","Milk (per litre), actual butterfat","1991M08",0.23
"563","Milk (per litre), 3.7% butterfat","1991M08",0.235
"564","Hens eggs (10 dozen)","1991M08",6.73
"565","Milk (per litre), actual butterfat","1991M09",0.248
"566","Milk (per litre), 3.7% butterfat","1991M09",0.246
"567","Hens eggs (10 dozen)","1991M09",6.81
"568","Milk (per litre), actual butterfat","1991M10",0.264
"569","Milk (per litre), 3.7% butterfat","1991M10",0.253
"570","Hens eggs (10 dozen)","1991M10",6.6
"571","Milk (per litre), actual butterfat","1991M11",0.267
"572","Milk (per litre), 3.7% butterfat","1991M11",0.251
"573","Hens eggs (10 dozen)","1991M11",7.09
"574","Milk (per litre), actual butterfat","1991M12",0.254
"575","Milk (per litre), 3.7% butterfat","1991M12",0.25
"576","Hens eggs (10 dozen)","1991M12",7.15
"577","Milk (per litre), actual butterfat","1992M01",0.251
"578","Milk (per litre), 3.7% butterfat","1992M01",0.255
"579","Hens eggs (10 dozen)","1992M01",6.89
"580","Milk (per litre), actual butterfat","1992M02",0.245
"581","Milk (per litre), 3.7% butterfat","1992M02",0.251
"582","Hens eggs (10 dozen)","1992M02",6.44
"583","Milk (per litre), actual butterfat","1992M03",0.241
"584","Milk (per litre), 3.7% butterfat","1992M03",0.25
"585","Hens eggs (10 dozen)","1992M03",6.23
"586","Milk (per litre), actual butterfat","1992M04",0.246
"587","Milk (per litre), 3.7% butterfat","1992M04",0.258
"588","Hens eggs (10 dozen)","1992M04",6.08
"589","Milk (per litre), actual butterfat","1992M05",0.249
"590","Milk (per litre), 3.7% butterfat","1992M05",0.262
"591","Hens eggs (10 dozen)","1992M05",5.83
"592","Milk (per litre), actual butterfat","1992M06",0.25
"593","Milk (per litre), 3.7% butterfat","1992M06",0.263
"594","Hens eggs (10 dozen)","1992M06",5.71
"595","Milk (per litre), actual butterfat","1992M07",0.251
"596","Milk (per litre), 3.7% butterfat","1992M07",0.26
"597","Hens eggs (10 dozen)","1992M07",5.52
"598","Milk (per litre), actual butterfat","1992M08",0.259
"599","Milk (per litre), 3.7% butterfat","1992M08",0.264
"600","Hens eggs (10 dozen)","1992M08",5.56
"601","Milk (per litre), actual butterfat","1992M09",0.27
"602","Milk (per litre), 3.7% butterfat","1992M09",0.268
"603","Hens eggs (10 dozen)","1992M09",5.97
"604","Milk (per litre), actual butterfat","1992M10",0.281
"605","Milk (per litre), 3.7% butterfat","1992M10",0.27
"606","Hens eggs (10 dozen)","1992M10",6.35
"607","Milk (per litre), actual butterfat","1992M11",0.287
"608","Milk (per litre), 3.7% butterfat","1992M11",0.272
"609","Hens eggs (10 dozen)","1992M11",5.83
"610","Milk (per litre), actual butterfat","1992M12",0.268
"611","Milk (per litre), 3.7% butterfat","1992M12",0.262
"612","Hens eggs (10 dozen)","1992M12",5.82
"613","Milk (per litre), actual butterfat","1993M01",0.265
"614","Milk (per litre), 3.7% butterfat","1993M01",0.268
"615","Hens eggs (10 dozen)","1993M01",5.7
"616","Milk (per litre), actual butterfat","1993M02",0.259
"617","Milk (per litre), 3.7% butterfat","1993M02",0.268
"618","Hens eggs (10 dozen)","1993M02",5.57
"619","Milk (per litre), actual butterfat","1993M03",0.264
"620","Milk (per litre), 3.7% butterfat","1993M03",0.274
"621","Hens eggs (10 dozen)","1993M03",5.85
"622","Milk (per litre), actual butterfat","1993M04",0.267
"623","Milk (per litre), 3.7% butterfat","1993M04",0.281
"624","Hens eggs (10 dozen)","1993M04",5.93
"625","Milk (per litre), actual butterfat","1993M05",0.27
"626","Milk (per litre), 3.7% butterfat","1993M05",0.284
"627","Hens eggs (10 dozen)","1993M05",5.88
"628","Milk (per litre), actual butterfat","1993M06",0.272
"629","Milk (per litre), 3.7% butterfat","1993M06",0.283
"630","Hens eggs (10 dozen)","1993M06",5.87
"631","Milk (per litre), actual butterfat","1993M07",0.273
"632","Milk (per litre), 3.7% butterfat","1993M07",0.283
"633","Hens eggs (10 dozen)","1993M07",5.89
"634","Milk (per litre), actual butterfat","1993M08",0.277
"635","Milk (per litre), 3.7% butterfat","1993M08",0.284
"636","Hens eggs (10 dozen)","1993M08",5.98
"637","Milk (per litre), actual butterfat","1993M09",0.291
"638","Milk (per litre), 3.7% butterfat","1993M09",0.288
"639","Hens eggs (10 dozen)","1993M09",6.23
"640","Milk (per litre), actual butterfat","1993M10",0.303
"641","Milk (per litre), 3.7% butterfat","1993M10",0.29
"642","Hens eggs (10 dozen)","1993M10",6.26
"643","Milk (per litre), actual butterfat","1993M11",0.307
"644","Milk (per litre), 3.7% butterfat","1993M11",0.291
"645","Hens eggs (10 dozen)","1993M11",6.23
"646","Milk (per litre), actual butterfat","1993M12",0.293
"647","Milk (per litre), 3.7% butterfat","1993M12",0.287
"648","Hens eggs (10 dozen)","1993M12",6.73
"649","Milk (per litre), actual butterfat","1994M01",0.284
"650","Milk (per litre), 3.7% butterfat","1994M01",0.288
"651","Hens eggs (10 dozen)","1994M01",6.64
"652","Milk (per litre), actual butterfat","1994M02",0.276
"653","Milk (per litre), 3.7% butterfat","1994M02",0.283
"654","Hens eggs (10 dozen)","1994M02",6.59
"655","Milk (per litre), actual butterfat","1994M03",0.265
"656","Milk (per litre), 3.7% butterfat","1994M03",0.274
"657","Hens eggs (10 dozen)","1994M03",6.62
"658","Milk (per litre), actual butterfat","1994M04",0.265
"659","Milk (per litre), 3.7% butterfat","1994M04",0.277
"660","Hens eggs (10 dozen)","1994M04",6.6
"661","Milk (per litre), actual butterfat","1994M05",0.268
"662","Milk (per litre), 3.7% butterfat","1994M05",0.281
"663","Hens eggs (10 dozen)","1994M05",6.56
"664","Milk (per litre), actual butterfat","1994M06",0.265
"665","Milk (per litre), 3.7% butterfat","1994M06",0.281
"666","Hens eggs (10 dozen)","1994M06",5.87
"667","Milk (per litre), actual butterfat","1994M07",0.267
"668","Milk (per litre), 3.7% butterfat","1994M07",0.281
"669","Hens eggs (10 dozen)","1994M07",5.79
"670","Milk (per litre), actual butterfat","1994M08",0.273
"671","Milk (per litre), 3.7% butterfat","1994M08",0.281
"672","Hens eggs (10 dozen)","1994M08",6.11
"673","Milk (per litre), actual butterfat","1994M09",0.284
"674","Milk (per litre), 3.7% butterfat","1994M09",0.283
"675","Hens eggs (10 dozen)","1994M09",6.12
"676","Milk (per litre), actual butterfat","1994M10",0.298
"677","Milk (per litre), 3.7% butterfat","1994M10",0.287
"678","Hens eggs (10 dozen)","1994M10",6.12
"679","Milk (per litre), actual butterfat","1994M11",0.3
"680","Milk (per litre), 3.7% butterfat","1994M11",0.283
"681","Hens eggs (10 dozen)","1994M11",6.13
"682","Milk (per litre), actual butterfat","1994M12",0.278
"683","Milk (per litre), 3.7% butterfat","1994M12",0.273
"684","Hens eggs (10 dozen)","1994M12",6.12
"685","Milk (per litre), actual butterfat","1995M01",0.286
"686","Milk (per litre), 3.7% butterfat","1995M01",0.287
"687","Hens eggs (10 dozen)","1995M01",6.09
"688","Milk (per litre), actual butterfat","1995M02",0.278
"689","Milk (per litre), 3.7% butterfat","1995M02",0.286
"690","Hens eggs (10 dozen)","1995M02",6.07
"691","Milk (per litre), actual butterfat","1995M03",0.269
"692","Milk (per litre), 3.7% butterfat","1995M03",0.278
"693","Hens eggs (10 dozen)","1995M03",6.08
"694","Milk (per litre), actual butterfat","1995M04",0.284
"695","Milk (per litre), 3.7% butterfat","1995M04",0.296
"696","Hens eggs (10 dozen)","1995M04",6.03
"697","Milk (per litre), actual butterfat","1995M05",0.29
"698","Milk (per litre), 3.7% butterfat","1995M05",0.303
"699","Hens eggs (10 dozen)","1995M05",5.99
"700","Milk (per litre), actual butterfat","1995M06",0.29
"701","Milk (per litre), 3.7% butterfat","1995M06",0.302
"702","Hens eggs (10 dozen)","1995M06",5.92
"703","Milk (per litre), actual butterfat","1995M07",0.288
"704","Milk (per litre), 3.7% butterfat","1995M07",0.298
"705","Hens eggs (10 dozen)","1995M07",5.88
"706","Milk (per litre), actual butterfat","1995M08",0.29
"707","Milk (per litre), 3.7% butterfat","1995M08",0.297
"708","Hens eggs (10 dozen)","1995M08",5.88
"709","Milk (per litre), actual butterfat","1995M09",0.302
"710","Milk (per litre), 3.7% butterfat","1995M09",0.3
"711","Hens eggs (10 dozen)","1995M09",5.93
"712","Milk (per litre), actual butterfat","1995M10",0.323
"713","Milk (per litre), 3.7% butterfat","1995M10",0.31
"714","Hens eggs (10 dozen)","1995M10",6.01
"715","Milk (per litre), actual butterfat","1995M11",0.331
"716","Milk (per litre), 3.7% butterfat","1995M11",0.315
"717","Hens eggs (10 dozen)","1995M11",6.16
"718","Milk (per litre), actual butterfat","1995M12",0.315
"719","Milk (per litre), 3.7% butterfat","1995M12",0.307
"720","Hens eggs (10 dozen)","1995M12",6.35
"721","Milk (per litre), actual butterfat","1996M01",0.307
"722","Milk (per litre), 3.7% butterfat","1996M01",0.31
"723","Hens eggs (10 dozen)","1996M01",6.32
"724","Milk (per litre), actual butterfat","1996M02",0.3
"725","Milk (per litre), 3.7% butterfat","1996M02",0.306
"726","Hens eggs (10 dozen)","1996M02",6.59
"727","Milk (per litre), actual butterfat","1996M03",0.293
"728","Milk (per litre), 3.7% butterfat","1996M03",0.303
"729","Hens eggs (10 dozen)","1996M03",6.96
"730","Milk (per litre), actual butterfat","1996M04",0.286
"731","Milk (per litre), 3.7% butterfat","1996M04",0.296
"732","Hens eggs (10 dozen)","1996M04",6.83
"733","Milk (per litre), actual butterfat","1996M05",0.288
"734","Milk (per litre), 3.7% butterfat","1996M05",0.303
"735","Hens eggs (10 dozen)","1996M05",6.83
"736","Milk (per litre), actual butterfat","1996M06",0.29
"737","Milk (per litre), 3.7% butterfat","1996M06",0.302
"738","Hens eggs (10 dozen)","1996M06",6.89
"739","Milk (per litre), actual butterfat","1996M07",0.29
"740","Milk (per litre), 3.7% butterfat","1996M07",0.3
"741","Hens eggs (10 dozen)","1996M07",6.63
"742","Milk (per litre), actual butterfat","1996M08",0.293
"743","Milk (per litre), 3.7% butterfat","1996M08",0.298
"744","Hens eggs (10 dozen)","1996M08",6.93
"745","Milk (per litre), actual butterfat","1996M09",0.302
"746","Milk (per litre), 3.7% butterfat","1996M09",0.3
"747","Hens eggs (10 dozen)","1996M09",7.42
"748","Milk (per litre), actual butterfat","1996M10",0.312
"749","Milk (per litre), 3.7% butterfat","1996M10",0.295
"750","Hens eggs (10 dozen)","1996M10",6.87
"751","Milk (per litre), actual butterfat","1996M11",0.317
"752","Milk (per litre), 3.7% butterfat","1996M11",0.3
"753","Hens eggs (10 dozen)","1996M11",6.87
"754","Milk (per litre), actual butterfat","1996M12",0.3
"755","Milk (per litre), 3.7% butterfat","1996M12",0.293
"756","Hens eggs (10 dozen)","1996M12",6.82
"757","Milk (per litre), actual butterfat","1997M01",0.277
"758","Milk (per litre), 3.7% butterfat","1997M01",0.273
"759","Hens eggs (10 dozen)","1997M01",6.92
"760","Milk (per litre), actual butterfat","1997M02",0.268
"761","Milk (per litre), 3.7% butterfat","1997M02",0.274
"762","Hens eggs (10 dozen)","1997M02",6.91
"763","Milk (per litre), actual butterfat","1997M03",0.258
"764","Milk (per litre), 3.7% butterfat","1997M03",0.267
"765","Hens eggs (10 dozen)","1997M03",6.91
"766","Milk (per litre), actual butterfat","1997M04",0.262
"767","Milk (per litre), 3.7% butterfat","1997M04",0.274
"768","Hens eggs (10 dozen)","1997M04",6.84
"769","Milk (per litre), actual butterfat","1997M05",0.265
"770","Milk (per litre), 3.7% butterfat","1997M05",0.277
"771","Hens eggs (10 dozen)","1997M05",6.58
"772","Milk (per litre), actual butterfat","1997M06",0.264
"773","Milk (per litre), 3.7% butterfat","1997M06",0.274
"774","Hens eggs (10 dozen)","1997M06",6.58
"775","Milk (per litre), actual butterfat","1997M07",0.267
"776","Milk (per litre), 3.7% butterfat","1997M07",0.274
"777","Hens eggs (10 dozen)","1997M07",6.58
"778","Milk (per litre), actual butterfat","1997M08",0.273
"779","Milk (per litre), 3.7% butterfat","1997M08",0.276
"780","Hens eggs (10 dozen)","1997M08",6.58
"781","Milk (per litre), actual butterfat","1997M09",0.291
"782","Milk (per litre), 3.7% butterfat","1997M09",0.284
"783","Hens eggs (10 dozen)","1997M09",6.58
"784","Milk (per litre), actual butterfat","1997M10",0.305
"785","Milk (per litre), 3.7% butterfat","1997M10",0.288
"786","Hens eggs (10 dozen)","1997M10",6.27
"787","Milk (per litre), actual butterfat","1997M11",0.311
"788","Milk (per litre), 3.7% butterfat","1997M11",0.293
"789","Hens eggs (10 dozen)","1997M11",6.27
"790","Milk (per litre), actual butterfat","1997M12",0.292
"791","Milk (per litre), 3.7% butterfat","1997M12",0.284
"792","Hens eggs (10 dozen)","1997M12",6.26
"793","Milk (per litre), actual butterfat","1998M01",0.291
"794","Milk (per litre), 3.7% butterfat","1998M01",0.291
"795","Hens eggs (10 dozen)","1998M01",6.27
"796","Milk (per litre), actual butterfat","1998M02",0.278
"797","Milk (per litre), 3.7% butterfat","1998M02",0.282
"798","Hens eggs (10 dozen)","1998M02",6.3
"799","Milk (per litre), actual butterfat","1998M03",0.268
"800","Milk (per litre), 3.7% butterfat","1998M03",0.276
"801","Hens eggs (10 dozen)","1998M03",6.32
"802","Milk (per litre), actual butterfat","1998M04",0.278
"803","Milk (per litre), 3.7% butterfat","1998M04",0.286
"804","Hens eggs (10 dozen)","1998M04",6.32
"805","Milk (per litre), actual butterfat","1998M05",0.281
"806","Milk (per litre), 3.7% butterfat","1998M05",0.291
"807","Hens eggs (10 dozen)","1998M05",6.32
"808","Milk (per litre), actual butterfat","1998M06",0.283
"809","Milk (per litre), 3.7% butterfat","1998M06",0.291
"810","Hens eggs (10 dozen)","1998M06",6.32
"811","Milk (per litre), actual butterfat","1998M07",0.286
"812","Milk (per litre), 3.7% butterfat","1998M07",0.291
"813","Hens eggs (10 dozen)","1998M07",6.31
"814","Milk (per litre), actual butterfat","1998M08",0.291
"815","Milk (per litre), 3.7% butterfat","1998M08",0.292
"816","Hens eggs (10 dozen)","1998M08",6.31
"817","Milk (per litre), actual butterfat","1998M09",0.306
"818","Milk (per litre), 3.7% butterfat","1998M09",0.297
"819","Hens eggs (10 dozen)","1998M09",6.27
"820","Milk (per litre), actual butterfat","1998M10",0.321
"821","Milk (per litre), 3.7% butterfat","1998M10",0.3
"822","Hens eggs (10 dozen)","1998M10",6.27
"823","Milk (per litre), actual butterfat","1998M11",0.317
"824","Milk (per litre), 3.7% butterfat","1998M11",0.297
"825","Hens eggs (10 dozen)","1998M11",6.3
"826","Milk (per litre), actual butterfat","1998M12",0.301
"827","Milk (per litre), 3.7% butterfat","1998M12",0.291
"828","Hens eggs (10 dozen)","1998M12",6.25
"829","Milk (per litre), actual butterfat","1999M01",0.295
"830","Milk (per litre), 3.7% butterfat","1999M01",0.292
"831","Hens eggs (10 dozen)","1999M01",6.26
"832","Milk (per litre), actual butterfat","1999M02",0.284
"833","Milk (per litre), 3.7% butterfat","1999M02",0.286
"834","Hens eggs (10 dozen)","1999M02",6.25
"835","Milk (per litre), actual butterfat","1999M03",0.272
"836","Milk (per litre), 3.7% butterfat","1999M03",0.276
"837","Hens eggs (10 dozen)","1999M03",6.25
"838","Milk (per litre), actual butterfat","1999M04",0.274
"839","Milk (per litre), 3.7% butterfat","1999M04",0.279
"840","Hens eggs (10 dozen)","1999M04",6.12
"841","Milk (per litre), actual butterfat","1999M05",0.273
"842","Milk (per litre), 3.7% butterfat","1999M05",0.281
"843","Hens eggs (10 dozen)","1999M05",6.12
"844","Milk (per litre), actual butterfat","1999M06",0.274
"845","Milk (per litre), 3.7% butterfat","1999M06",0.282
"846","Hens eggs (10 dozen)","1999M06",6.12
"847","Milk (per litre), actual butterfat","1999M07",0.276
"848","Milk (per litre), 3.7% butterfat","1999M07",0.278
"849","Hens eggs (10 dozen)","1999M07",6.15
"850","Milk (per litre), actual butterfat","1999M08",0.281
"851","Milk (per litre), 3.7% butterfat","1999M08",0.281
"852","Hens eggs (10 dozen)","1999M08",6.13
"853","Milk (per litre), actual butterfat","1999M09",0.295
"854","Milk (per litre), 3.7% butterfat","1999M09",0.286
"855","Hens eggs (10 dozen)","1999M09",6.13
"856","Milk (per litre), actual butterfat","1999M10",0.311
"857","Milk (per litre), 3.7% butterfat","1999M10",0.291
"858","Hens eggs (10 dozen)","1999M10",6.13
"859","Milk (per litre), actual butterfat","1999M11",0.312
"860","Milk (per litre), 3.7% butterfat","1999M11",0.292
"861","Hens eggs (10 dozen)","1999M11",6.12
"862","Milk (per litre), actual butterfat","1999M12",0.293
"863","Milk (per litre), 3.7% butterfat","1999M12",0.284
"864","Hens eggs (10 dozen)","1999M12",6.15
"865","Milk (per litre), actual butterfat","2000M01",0.281
"866","Milk (per litre), 3.7% butterfat","2000M01",0.279
"867","Hens eggs (10 dozen)","2000M01",5.79
"868","Milk (per litre), actual butterfat","2000M02",0.273
"869","Milk (per litre), 3.7% butterfat","2000M02",0.274
"870","Hens eggs (10 dozen)","2000M02",5.8
"871","Milk (per litre), actual butterfat","2000M03",0.269
"872","Milk (per litre), 3.7% butterfat","2000M03",0.272
"873","Hens eggs (10 dozen)","2000M03",5.84
"874","Milk (per litre), actual butterfat","2000M04",0.274
"875","Milk (per litre), 3.7% butterfat","2000M04",0.281
"876","Hens eggs (10 dozen)","2000M04",6.07
"877","Milk (per litre), actual butterfat","2000M05",0.276
"878","Milk (per litre), 3.7% butterfat","2000M05",0.283
"879","Hens eggs (10 dozen)","2000M05",6.05
"880","Milk (per litre), actual butterfat","2000M06",0.281
"881","Milk (per litre), 3.7% butterfat","2000M06",0.286
"882","Hens eggs (10 dozen)","2000M06",6.05
"883","Milk (per litre), actual butterfat","2000M07",0.286
"884","Milk (per litre), 3.7% butterfat","2000M07",0.29
"885","Hens eggs (10 dozen)","2000M07",6.07
"886","Milk (per litre), actual butterfat","2000M08",0.297
"887","Milk (per litre), 3.7% butterfat","2000M08",0.296
"888","Hens eggs (10 dozen)","2000M08",6
"889","Milk (per litre), actual butterfat","2000M09",0.316
"890","Milk (per litre), 3.7% butterfat","2000M09",0.305
"891","Hens eggs (10 dozen)","2000M09",6.02
"892","Milk (per litre), actual butterfat","2000M10",0.336
"893","Milk (per litre), 3.7% butterfat","2000M10",0.314
"894","Hens eggs (10 dozen)","2000M10",6.01
"895","Milk (per litre), actual butterfat","2000M11",0.33
"896","Milk (per litre), 3.7% butterfat","2000M11",0.314
"897","Hens eggs (10 dozen)","2000M11",6.01
"898","Milk (per litre), actual butterfat","2000M12",0.315
"899","Milk (per litre), 3.7% butterfat","2000M12",0.306
"900","Hens eggs (10 dozen)","2000M12",6.02
"901","Milk (per litre), actual butterfat","2001M01",0.302
"902","Milk (per litre), 3.7% butterfat","2001M01",0.299
"903","Hens eggs (10 dozen)","2001M01",6.09
"904","Milk (per litre), actual butterfat","2001M02",0.294
"905","Milk (per litre), 3.7% butterfat","2001M02",0.292
"906","Hens eggs (10 dozen)","2001M02",6.09
"907","Milk (per litre), actual butterfat","2001M03",0.287
"908","Milk (per litre), 3.7% butterfat","2001M03",0.287
"909","Hens eggs (10 dozen)","2001M03",6.09
"910","Milk (per litre), actual butterfat","2001M04",0.287
"911","Milk (per litre), 3.7% butterfat","2001M04",0.291
"912","Hens eggs (10 dozen)","2001M04",6.09
"913","Milk (per litre), actual butterfat","2001M05",0.295
"914","Milk (per litre), 3.7% butterfat","2001M05",0.305
"915","Hens eggs (10 dozen)","2001M05",6.09
"916","Milk (per litre), actual butterfat","2001M06",0.299
"917","Milk (per litre), 3.7% butterfat","2001M06",0.306
"918","Hens eggs (10 dozen)","2001M06",6.09
"919","Milk (per litre), actual butterfat","2001M07",0.302
"920","Milk (per litre), 3.7% butterfat","2001M07",0.305
"921","Hens eggs (10 dozen)","2001M07",6.09
"922","Milk (per litre), actual butterfat","2001M08",0.308
"923","Milk (per litre), 3.7% butterfat","2001M08",0.306
"924","Hens eggs (10 dozen)","2001M08",6.18
"925","Milk (per litre), actual butterfat","2001M09",0.321
"926","Milk (per litre), 3.7% butterfat","2001M09",0.311
"927","Hens eggs (10 dozen)","2001M09",6.22
"928","Milk (per litre), actual butterfat","2001M10",0.334
"929","Milk (per litre), 3.7% butterfat","2001M10",0.312
"930","Hens eggs (10 dozen)","2001M10",6.18
"931","Milk (per litre), actual butterfat","2001M11",0.335
"932","Milk (per litre), 3.7% butterfat","2001M11",0.31
"933","Hens eggs (10 dozen)","2001M11",6.18
"934","Milk (per litre), actual butterfat","2001M12",0.308
"935","Milk (per litre), 3.7% butterfat","2001M12",0.293
"936","Hens eggs (10 dozen)","2001M12",6.14
"937","Milk (per litre), actual butterfat","2002M01",0.291
"938","Milk (per litre), 3.7% butterfat","2002M01",0.286
"939","Hens eggs (10 dozen)","2002M01",6.15
"940","Milk (per litre), actual butterfat","2002M02",0.283
"941","Milk (per litre), 3.7% butterfat","2002M02",0.28
"942","Hens eggs (10 dozen)","2002M02",6.16
"943","Milk (per litre), actual butterfat","2002M03",0.272
"944","Milk (per litre), 3.7% butterfat","2002M03",0.271
"945","Hens eggs (10 dozen)","2002M03",6.15
"946","Milk (per litre), actual butterfat","2002M04",0.272
"947","Milk (per litre), 3.7% butterfat","2002M04",0.276
"948","Hens eggs (10 dozen)","2002M04",6.15
"949","Milk (per litre), actual butterfat","2002M05",0.274
"950","Milk (per litre), 3.7% butterfat","2002M05",0.278
"951","Hens eggs (10 dozen)","2002M05",6.16
"952","Milk (per litre), actual butterfat","2002M06",0.273
"953","Milk (per litre), 3.7% butterfat","2002M06",0.276
"954","Hens eggs (10 dozen)","2002M06",6.16
"955","Milk (per litre), actual butterfat","2002M07",0.272
"956","Milk (per litre), 3.7% butterfat","2002M07",0.275
"957","Hens eggs (10 dozen)","2002M07",6.1
"958","Milk (per litre), actual butterfat","2002M08",0.277
"959","Milk (per litre), 3.7% butterfat","2002M08",0.277
"960","Hens eggs (10 dozen)","2002M08",6.1
"961","Milk (per litre), actual butterfat","2002M09",0.288
"962","Milk (per litre), 3.7% butterfat","2002M09",0.284
"963","Hens eggs (10 dozen)","2002M09",6.13
"964","Milk (per litre), actual butterfat","2002M10",0.306
"965","Milk (per litre), 3.7% butterfat","2002M10",0.289
"966","Hens eggs (10 dozen)","2002M10",6.1
"967","Milk (per litre), actual butterfat","2002M11",0.311
"968","Milk (per litre), 3.7% butterfat","2002M11",0.289
"969","Hens eggs (10 dozen)","2002M11",6.1
"970","Milk (per litre), actual butterfat","2002M12",0.294
"971","Milk (per litre), 3.7% butterfat","2002M12",0.285
"972","Hens eggs (10 dozen)","2002M12",6.1
"973","Milk (per litre), actual butterfat","2003M01",0.289
"974","Milk (per litre), 3.7% butterfat","2003M01",0.284
"975","Hens eggs (10 dozen)","2003M01",6.1
"976","Milk (per litre), actual butterfat","2003M02",0.275
"977","Milk (per litre), 3.7% butterfat","2003M02",0.272
"978","Hens eggs (10 dozen)","2003M02",6.1
"979","Milk (per litre), actual butterfat","2003M03",0.267
"980","Milk (per litre), 3.7% butterfat","2003M03",0.267
"981","Hens eggs (10 dozen)","2003M03",6.1
"982","Milk (per litre), actual butterfat","2003M04",0.267
"983","Milk (per litre), 3.7% butterfat","2003M04",0.273
"984","Hens eggs (10 dozen)","2003M04",6.1
"985","Milk (per litre), actual butterfat","2003M05",0.27
"986","Milk (per litre), 3.7% butterfat","2003M05",0.274
"987","Hens eggs (10 dozen)","2003M05",6.1
"988","Milk (per litre), actual butterfat","2003M06",0.269
"989","Milk (per litre), 3.7% butterfat","2003M06",0.272
"990","Hens eggs (10 dozen)","2003M06",6.1
"991","Milk (per litre), actual butterfat","2003M07",0.269
"992","Milk (per litre), 3.7% butterfat","2003M07",0.271
"993","Hens eggs (10 dozen)","2003M07",6.06
"994","Milk (per litre), actual butterfat","2003M08",0.273
"995","Milk (per litre), 3.7% butterfat","2003M08",0.273
"996","Hens eggs (10 dozen)","2003M08",6.07
"997","Milk (per litre), actual butterfat","2003M09",0.285
"998","Milk (per litre), 3.7% butterfat","2003M09",0.278
"999","Hens eggs (10 dozen)","2003M09",6.18
"1000","Milk (per litre), actual butterfat","2003M10",0.301
"1001","Milk (per litre), 3.7% butterfat","2003M10",0.285
"1002","Hens eggs (10 dozen)","2003M10",6.18
"1003","Milk (per litre), actual butterfat","2003M11",0.306
"1004","Milk (per litre), 3.7% butterfat","2003M11",0.287
"1005","Hens eggs (10 dozen)","2003M11",6.31
"1006","Milk (per litre), actual butterfat","2003M12",0.29
"1007","Milk (per litre), 3.7% butterfat","2003M12",0.278
"1008","Hens eggs (10 dozen)","2003M12",6.4
"1009","Milk (per litre), actual butterfat","2004M01",0.285
"1010","Milk (per litre), 3.7% butterfat","2004M01",0.281
"1011","Hens eggs (10 dozen)","2004M01",6.39
"1012","Milk (per litre), actual butterfat","2004M02",0.272
"1013","Milk (per litre), 3.7% butterfat","2004M02",0.27
"1014","Hens eggs (10 dozen)","2004M02",6.39
"1015","Milk (per litre), actual butterfat","2004M03",0.269
"1016","Milk (per litre), 3.7% butterfat","2004M03",0.268
"1017","Hens eggs (10 dozen)","2004M03",6.39
"1018","Milk (per litre), actual butterfat","2004M04",0.265
"1019","Milk (per litre), 3.7% butterfat","2004M04",0.268
"1020","Hens eggs (10 dozen)","2004M04",6.39
"1021","Milk (per litre), actual butterfat","2004M05",0.267
"1022","Milk (per litre), 3.7% butterfat","2004M05",0.275
"1023","Hens eggs (10 dozen)","2004M05",6.39
"1024","Milk (per litre), actual butterfat","2004M06",0.267
"1025","Milk (per litre), 3.7% butterfat","2004M06",0.272
"1026","Hens eggs (10 dozen)","2004M06",6.46
"1027","Milk (per litre), actual butterfat","2004M07",0.27
"1028","Milk (per litre), 3.7% butterfat","2004M07",0.271
"1029","Hens eggs (10 dozen)","2004M07",6.38
"1030","Milk (per litre), actual butterfat","2004M08",0.276
"1031","Milk (per litre), 3.7% butterfat","2004M08",0.274
"1032","Hens eggs (10 dozen)","2004M08",6.32
"1033","Milk (per litre), actual butterfat","2004M09",0.293
"1034","Milk (per litre), 3.7% butterfat","2004M09",0.28
"1035","Hens eggs (10 dozen)","2004M09",6.32
"1036","Milk (per litre), actual butterfat","2004M10",0.304
"1037","Milk (per litre), 3.7% butterfat","2004M10",0.286
"1038","Hens eggs (10 dozen)","2004M10",6.32
"1039","Milk (per litre), actual butterfat","2004M11",0.306
"1040","Milk (per litre), 3.7% butterfat","2004M11",0.285
"1041","Hens eggs (10 dozen)","2004M11",6.32
"1042","Milk (per litre), actual butterfat","2004M12",0.293
"1043","Milk (per litre), 3.7% butterfat","2004M12",0.28
"1044","Hens eggs (10 dozen)","2004M12",6.32
"1045","Milk (per litre), actual butterfat","2005M01",0.287
"1046","Milk (per litre), 3.7% butterfat","2005M01",0.281
"1047","Hens eggs (10 dozen)","2005M01",6.32
"1048","Milk (per litre), actual butterfat","2005M02",0.281
"1049","Milk (per litre), 3.7% butterfat","2005M02",0.275
"1050","Hens eggs (10 dozen)","2005M02",6.32
"1051","Milk (per litre), actual butterfat","2005M03",0.271
"1052","Milk (per litre), 3.7% butterfat","2005M03",0.268
"1053","Hens eggs (10 dozen)","2005M03",6.32
"1054","Milk (per litre), actual butterfat","2005M04",0.267
"1055","Milk (per litre), 3.7% butterfat","2005M04",0.268
"1056","Hens eggs (10 dozen)","2005M04",6.12
"1057","Milk (per litre), actual butterfat","2005M05",0.265
"1058","Milk (per litre), 3.7% butterfat","2005M05",0.268
"1059","Hens eggs (10 dozen)","2005M05",6.14
"1060","Milk (per litre), actual butterfat","2005M06",0.262
"1061","Milk (per litre), 3.7% butterfat","2005M06",0.266
"1062","Hens eggs (10 dozen)","2005M06",6.3
"1063","Milk (per litre), actual butterfat","2005M07",0.262
"1064","Milk (per litre), 3.7% butterfat","2005M07",0.264
"1065","Hens eggs (10 dozen)","2005M07",6.27
"1066","Milk (per litre), actual butterfat","2005M08",0.269
"1067","Milk (per litre), 3.7% butterfat","2005M08",0.267
"1068","Hens eggs (10 dozen)","2005M08",6.25
"1069","Milk (per litre), actual butterfat","2005M09",0.286
"1070","Milk (per litre), 3.7% butterfat","2005M09",0.276
"1071","Hens eggs (10 dozen)","2005M09",6.25
"1072","Milk (per litre), actual butterfat","2005M10",0.298
"1073","Milk (per litre), 3.7% butterfat","2005M10",0.28
"1074","Hens eggs (10 dozen)","2005M10",6.19
"1075","Milk (per litre), actual butterfat","2005M11",0.297
"1076","Milk (per litre), 3.7% butterfat","2005M11",0.278
"1077","Hens eggs (10 dozen)","2005M11",6.22
"1078","Milk (per litre), actual butterfat","2005M12",0.289
"1079","Milk (per litre), 3.7% butterfat","2005M12",0.278
"1080","Hens eggs (10 dozen)","2005M12",6.16
"1081","Milk (per litre), actual butterfat","2006M01",0.273
"1082","Milk (per litre), 3.7% butterfat","2006M01",0.268
"1083","Hens eggs (10 dozen)","2006M01",6.18
"1084","Milk (per litre), actual butterfat","2006M02",0.27
"1085","Milk (per litre), 3.7% butterfat","2006M02",0.265
"1086","Hens eggs (10 dozen)","2006M02",6.18
"1087","Milk (per litre), actual butterfat","2006M03",0.262
"1088","Milk (per litre), 3.7% butterfat","2006M03",0.259
"1089","Hens eggs (10 dozen)","2006M03",6.18
"1090","Milk (per litre), actual butterfat","2006M04",0.257
"1091","Milk (per litre), 3.7% butterfat","2006M04",0.259
"1092","Hens eggs (10 dozen)","2006M04",6.18
"1093","Milk (per litre), actual butterfat","2006M05",0.257
"1094","Milk (per litre), 3.7% butterfat","2006M05",0.261
"1095","Hens eggs (10 dozen)","2006M05",6.18
"1096","Milk (per litre), actual butterfat","2006M06",0.251
"1097","Milk (per litre), 3.7% butterfat","2006M06",0.255
"1098","Hens eggs (10 dozen)","2006M06",6.18
"1099","Milk (per litre), actual butterfat","2006M07",0.247
"1100","Milk (per litre), 3.7% butterfat","2006M07",0.25
"1101","Hens eggs (10 dozen)","2006M07",6.18
"1102","Milk (per litre), actual butterfat","2006M08",0.254
"1103","Milk (per litre), 3.7% butterfat","2006M08",0.254
"1104","Hens eggs (10 dozen)","2006M08",6.19
"1105","Milk (per litre), actual butterfat","2006M09",0.269
"1106","Milk (per litre), 3.7% butterfat","2006M09",0.261
"1107","Hens eggs (10 dozen)","2006M09",6.18
"1108","Milk (per litre), actual butterfat","2006M10",0.281
"1109","Milk (per litre), 3.7% butterfat","2006M10",0.265
"1110","Hens eggs (10 dozen)","2006M10",6.18
"1111","Milk (per litre), actual butterfat","2006M11",0.285
"1112","Milk (per litre), 3.7% butterfat","2006M11",0.267
"1113","Hens eggs (10 dozen)","2006M11",6.3
"1114","Milk (per litre), actual butterfat","2006M12",0.274
"1115","Milk (per litre), 3.7% butterfat","2006M12",0.263
"1116","Hens eggs (10 dozen)","2006M12",6.43
"1117","Milk (per litre), actual butterfat","2007M01",0.266
"1118","Milk (per litre), 3.7% butterfat","2007M01",0.26
"1119","Hens eggs (10 dozen)","2007M01",6.43
"1120","Milk (per litre), actual butterfat","2007M02",0.259
"1121","Milk (per litre), 3.7% butterfat","2007M02",0.254
"1122","Hens eggs (10 dozen)","2007M02",6.7
"1123","Milk (per litre), actual butterfat","2007M03",0.25
"1124","Milk (per litre), 3.7% butterfat","2007M03",0.246
"1125","Hens eggs (10 dozen)","2007M03",6.7
"1126","Milk (per litre), actual butterfat","2007M04",0.272
"1127","Milk (per litre), 3.7% butterfat","2007M04",0.275
"1128","Hens eggs (10 dozen)","2007M04",6.7
"1129","Milk (per litre), actual butterfat","2007M05",0.291
"1130","Milk (per litre), 3.7% butterfat","2007M05",0.295
"1131","Hens eggs (10 dozen)","2007M05",6.7
"1132","Milk (per litre), actual butterfat","2007M06",0.318
"1133","Milk (per litre), 3.7% butterfat","2007M06",0.319
"1134","Hens eggs (10 dozen)","2007M06",6.77
"1135","Milk (per litre), actual butterfat","2007M07",0.336
"1136","Milk (per litre), 3.7% butterfat","2007M07",0.336
"1137","Hens eggs (10 dozen)","2007M07",6.77
"1138","Milk (per litre), actual butterfat","2007M08",0.375
"1139","Milk (per litre), 3.7% butterfat","2007M08",0.37
"1140","Hens eggs (10 dozen)","2007M08",7.53
"1141","Milk (per litre), actual butterfat","2007M09",0.412
"1142","Milk (per litre), 3.7% butterfat","2007M09",0.401
"1143","Hens eggs (10 dozen)","2007M09",8.12
"1144","Milk (per litre), actual butterfat","2007M10",0.434
"1145","Milk (per litre), 3.7% butterfat","2007M10",0.409
"1146","Hens eggs (10 dozen)","2007M10",8.12
"1147","Milk (per litre), actual butterfat","2007M11",0.446
"1148","Milk (per litre), 3.7% butterfat","2007M11",0.419
"1149","Hens eggs (10 dozen)","2007M11",8.12
"1150","Milk (per litre), actual butterfat","2007M12",0.419
"1151","Milk (per litre), 3.7% butterfat","2007M12",0.405
"1152","Hens eggs (10 dozen)","2007M12",8.12
"1153","Milk (per litre), actual butterfat","2008M01",0.399
"1154","Milk (per litre), 3.7% butterfat","2008M01",0.388
"1155","Hens eggs (10 dozen)","2008M01",8.12
"1156","Milk (per litre), actual butterfat","2008M02",0.395
"1157","Milk (per litre), 3.7% butterfat","2008M02",0.387
"1158","Hens eggs (10 dozen)","2008M02",8.22
"1159","Milk (per litre), actual butterfat","2008M03",0.386
"1160","Milk (per litre), 3.7% butterfat","2008M03",0.38
"1161","Hens eggs (10 dozen)","2008M03",8.22
"1162","Milk (per litre), actual butterfat","2008M04",0.345
"1163","Milk (per litre), 3.7% butterfat","2008M04",0.347
"1164","Hens eggs (10 dozen)","2008M04",8.22
"1165","Milk (per litre), actual butterfat","2008M05",0.331
"1166","Milk (per litre), 3.7% butterfat","2008M05",0.336
"1167","Hens eggs (10 dozen)","2008M05",8.22
"1168","Milk (per litre), actual butterfat","2008M06",0.319
"1169","Milk (per litre), 3.7% butterfat","2008M06",0.321
"1170","Hens eggs (10 dozen)","2008M06",8.22
"1171","Milk (per litre), actual butterfat","2008M07",0.326
"1172","Milk (per litre), 3.7% butterfat","2008M07",0.324
"1173","Hens eggs (10 dozen)","2008M07",8.22
"1174","Milk (per litre), actual butterfat","2008M08",0.324
"1175","Milk (per litre), 3.7% butterfat","2008M08",0.317
"1176","Hens eggs (10 dozen)","2008M08",8.22
"1177","Milk (per litre), actual butterfat","2008M09",0.324
"1178","Milk (per litre), 3.7% butterfat","2008M09",0.307
"1179","Hens eggs (10 dozen)","2008M09",8.15
"1180","Milk (per litre), actual butterfat","2008M10",0.33
"1181","Milk (per litre), 3.7% butterfat","2008M10",0.303
"1182","Hens eggs (10 dozen)","2008M10",7.95
"1183","Milk (per litre), actual butterfat","2008M11",0.321
"1184","Milk (per litre), 3.7% butterfat","2008M11",0.295
"1185","Hens eggs (10 dozen)","2008M11",7.75
"1186","Milk (per litre), actual butterfat","2008M12",0.307
"1187","Milk (per litre), 3.7% butterfat","2008M12",0.294
"1188","Hens eggs (10 dozen)","2008M12",7.35
"1189","Milk (per litre), actual butterfat","2009M01",0.271
"1190","Milk (per litre), 3.7% butterfat","2009M01",0.261
"1191","Hens eggs (10 dozen)","2009M01",7.35
"1192","Milk (per litre), actual butterfat","2009M02",0.258
"1193","Milk (per litre), 3.7% butterfat","2009M02",0.25
"1194","Hens eggs (10 dozen)","2009M02",7.35
"1195","Milk (per litre), actual butterfat","2009M03",0.218
"1196","Milk (per litre), 3.7% butterfat","2009M03",0.215
"1197","Hens eggs (10 dozen)","2009M03",7.38
"1198","Milk (per litre), actual butterfat","2009M04",0.218
"1199","Milk (per litre), 3.7% butterfat","2009M04",0.219
"1200","Hens eggs (10 dozen)","2009M04",7.38
"1201","Milk (per litre), actual butterfat","2009M05",0.216
"1202","Milk (per litre), 3.7% butterfat","2009M05",0.217
"1203","Hens eggs (10 dozen)","2009M05",7.11
"1204","Milk (per litre), actual butterfat","2009M06",0.212
"1205","Milk (per litre), 3.7% butterfat","2009M06",0.214
"1206","Hens eggs (10 dozen)","2009M06",7.11
"1207","Milk (per litre), actual butterfat","2009M07",0.214
"1208","Milk (per litre), 3.7% butterfat","2009M07",0.214
"1209","Hens eggs (10 dozen)","2009M07",7.11
"1210","Milk (per litre), actual butterfat","2009M08",0.221
"1211","Milk (per litre), 3.7% butterfat","2009M08",0.216
"1212","Hens eggs (10 dozen)","2009M08",7.11
"1213","Milk (per litre), actual butterfat","2009M09",0.249
"1214","Milk (per litre), 3.7% butterfat","2009M09",0.236
"1215","Hens eggs (10 dozen)","2009M09",6.91
"1216","Milk (per litre), actual butterfat","2009M10",0.273
"1217","Milk (per litre), 3.7% butterfat","2009M10",0.256
"1218","Hens eggs (10 dozen)","2009M10",6.91
"1219","Milk (per litre), actual butterfat","2009M11",0.279
"1220","Milk (per litre), 3.7% butterfat","2009M11",0.259
"1221","Hens eggs (10 dozen)","2009M11",7.11
"1222","Milk (per litre), actual butterfat","2009M12",0.268
"1223","Milk (per litre), 3.7% butterfat","2009M12",0.255
"1224","Hens eggs (10 dozen)","2009M12",6.89
"1225","Milk (per litre), actual butterfat","2010M01",0.268
"1226","Milk (per litre), 3.7% butterfat","2010M01",0.257
"1227","Hens eggs (10 dozen)","2010M01",6.89
"1228","Milk (per litre), actual butterfat","2010M02",0.265
"1229","Milk (per litre), 3.7% butterfat","2010M02",0.255
"1230","Hens eggs (10 dozen)","2010M02",6.84
"1231","Milk (per litre), actual butterfat","2010M03",0.263
"1232","Milk (per litre), 3.7% butterfat","2010M03",0.257
"1233","Hens eggs (10 dozen)","2010M03",6.84
"1234","Milk (per litre), actual butterfat","2010M04",0.271
"1235","Milk (per litre), 3.7% butterfat","2010M04",0.272
"1236","Hens eggs (10 dozen)","2010M04",6.84
"1237","Milk (per litre), actual butterfat","2010M05",0.297
"1238","Milk (per litre), 3.7% butterfat","2010M05",0.303
"1239","Hens eggs (10 dozen)","2010M05",6.84
"1240","Milk (per litre), actual butterfat","2010M06",0.3
"1241","Milk (per litre), 3.7% butterfat","2010M06",0.302
"1242","Hens eggs (10 dozen)","2010M06",6.79
"1243","Milk (per litre), actual butterfat","2010M07",0.303
"1244","Milk (per litre), 3.7% butterfat","2010M07",0.301
"1245","Hens eggs (10 dozen)","2010M07",6.79
"1246","Milk (per litre), actual butterfat","2010M08",0.31
"1247","Milk (per litre), 3.7% butterfat","2010M08",0.305
"1248","Hens eggs (10 dozen)","2010M08",6.79
"1249","Milk (per litre), actual butterfat","2010M09",0.329
"1250","Milk (per litre), 3.7% butterfat","2010M09",0.316
"1251","Hens eggs (10 dozen)","2010M09",6.79
"1252","Milk (per litre), actual butterfat","2010M10",0.345
"1253","Milk (per litre), 3.7% butterfat","2010M10",0.324
"1254","Hens eggs (10 dozen)","2010M10",6.79
"1255","Milk (per litre), actual butterfat","2010M11",0.349
"1256","Milk (per litre), 3.7% butterfat","2010M11",0.321
"1257","Hens eggs (10 dozen)","2010M11",6.98
"1258","Milk (per litre), actual butterfat","2010M12",0.337
"1259","Milk (per litre), 3.7% butterfat","2010M12",0.315
"1260","Hens eggs (10 dozen)","2010M12",7.25
